Master Record Number,Year,Month,Day,Weekend?,Hour,Collision Type,Injury Type,Primary Factor,Reported_Location,Latitude,Longitude,Location,Date
902404318,2015,02,06,Weekday,1600,2-Car,No injury/unknown,FOLLOWING TOO CLOSELY,BURMA & SR37N,39.31185648,-86.5127544,"39.31185648,-86.5127544",2015-02-06
902404374,2015,02,07,Weekend,1600,2-Car,No injury/unknown,UNSAFE BACKING,S ROLLING RIDGE,39.133744,-86.50592,"39.133744,-86.50592",2015-02-07
902404377,2015,02,07,Weekend,1900,2-Car,No injury/unknown,FAILURE TO YIELD RIGHT OF WAY,E BUICK CADILLAC,39.15825796,-86.49702465,"39.15825796,-86.49702465",2015-02-07
902404397,2015,02,06,Weekday,1600,2-Car,No injury/unknown,FAILURE TO YIELD RIGHT OF WAY,FULLERTON & SR 37,39.12201105,-86.5709031,"39.12201105,-86.5709031",2015-02-06
902404439,2015,02,07,Weekend,2100,2-Car,No injury/unknown,ROADWAY SURFACE CONDITION,SR 37 & SR46W,39.30670166,-86.5161972,"39.30670166,-86.5161972",2015-02-07
902404465,2015,03,01,Weekend,0000,2-Car,No injury/unknown,LEFT OF CENTER,COLLEGE MALL & SR46E,39.16424,-86.4984,"39.16424,-86.4984",2015-03-01
902404474,2015,02,07,Weekend,2100,2-Car,No injury/unknown,FOLLOWING TOO CLOSELY,ALLEN & PATTERSON,39.15563017,-86.54330983,"39.15563017,-86.54330983",2015-02-07
902404517,2015,03,01,Weekend,0200,Bus,No injury/unknown,SPEED TOO FAST FOR WEATHER CONDITIONS,E 10TH & N JORDAN,39.171552,-86.515728,"39.171552,-86.515728",2015-03-01
902404536,2015,03,01,Weekend,0300,1-Car,No injury/unknown,SPEED TOO FAST FOR WEATHER CONDITIONS,E 1OTH,39.17275989,-86.50468596,"39.17275989,-86.50468596",2015-03-01
902404541,2015,03,01,Weekend,0100,1-Car,No injury/unknown,SPEED TOO FAST FOR WEATHER CONDITIONS,E 7TH & N SUNRISE,39.16853026,-86.51242017,"39.16853026,-86.51242017",2015-03-01
902404624,2015,02,04,Weekday,1400,1-Car,No injury/unknown,OTHER (VEHICLE) - EXPLAIN IN NARRATIVE,S LEONARD SPRINGS,39.133808,-86.58258358,"39.133808,-86.58258358",2015-02-04
902404638,2015,03,01,Weekend,0900,2-Car,No injury/unknown,UNSAFE BACKING,E 3RD,39.16464,-86.53211918,"39.16464,-86.53211918",2015-03-01
902404808,2015,02,07,Weekend,2100,2-Car,Non-incapacitating,DISREGARD SIGNAL/REG SIGN,S KIRBY & SR48W,39.16504,-86.610704,"39.16504,-86.610704",2015-02-07
902404906,2015,03,01,Weekend,1400,2-Car,No injury/unknown,SPEED TOO FAST FOR WEATHER CONDITIONS,E ROGERS & SNODDY,39.13576,-86.489488,"39.13576,-86.489488",2015-03-01
902404959,2015,03,01,Weekend,1600,2-Car,No injury/unknown,UNSAFE BACKING,S COLLEGE MALL,39.15412578,-86.49786768,"39.15412578,-86.49786768",2015-03-01
902404960,2015,03,01,Weekend,1500,2-Car,No injury/unknown,UNSAFE BACKING,S COLLEGE,39.16115717,-86.53485253,"39.16115717,-86.53485253",2015-03-01
902405042,2015,03,01,Weekday,2200,3+ Cars,No injury/unknown,SPEED TOO FAST FOR WEATHER CONDITIONS,1ST & ROGERS,39.159504,-86.538592,"39.159504,-86.538592",2015-03-01
902405062,2015,03,01,Weekday,2300,2-Car,No injury/unknown,UNSAFE BACKING,ROSE,39.1662177,-86.51097988,"39.1662177,-86.51097988",2015-03-01
902405232,2015,02,06,Weekday,1100,2-Car,No injury/unknown,FAILURE TO YIELD RIGHT OF WAY,SR37N & VICTOR,39.09431839,-86.55906677,"39.09431839,-86.55906677",2015-02-06
902405301,2015,03,02,Weekday,0900,Bus,No injury/unknown,OTHER (DRIVER) - EXPLAIN IN NARRATIVE,DYER & N BLAIR,39.17529009,-86.54432974,"39.17529009,-86.54432974",2015-03-02
902405432,2015,03,02,Weekday,0800,2-Car,No injury/unknown,SPEED TOO FAST FOR WEATHER CONDITIONS,RATLIFF & THOMAS,39.21519851,-86.63041195,"39.21519851,-86.63041195",2015-03-02
902405477,2015,03,02,Weekday,1100,2-Car,No injury/unknown,OTHER (DRIVER) - EXPLAIN IN NARRATIVE,E VARSITY,39.182975,-86.529121,"39.182975,-86.529121",2015-03-02
902405712,2015,03,02,Weekday,1400,2-Car,No injury/unknown,FOLLOWING TOO CLOSELY,10TH & FEE,39.17158912,-86.51939366,"39.17158912,-86.51939366",2015-03-02
902405875,2015,03,02,Weekday,1500,2-Car,No injury/unknown,IMPROPER PASSING,E LAW & FEE,39.17392294,-86.51845431,"39.17392294,-86.51845431",2015-03-02
902405880,2015,03,01,Weekday,2200,1-Car,No injury/unknown,SPEED TOO FAST FOR WEATHER CONDITIONS,10TH & UNION,39.171472,-86.509376,"39.171472,-86.509376",2015-03-01
902405913,2015,03,02,Weekday,1900,2-Car,No injury/unknown,UNSAFE BACKING,E 10TH,39.17157747,-86.51808392,"39.17157747,-86.51808392",2015-03-02
902405951,2015,03,02,Weekday,1800,3+ Cars,No injury/unknown,FAILURE TO YIELD RIGHT OF WAY,17TH & WOODBURN,39.178976,-86.536032,"39.178976,-86.536032",2015-03-02
902405958,2015,03,02,Weekday,1800,2-Car,No injury/unknown,OTHER (DRIVER) - EXPLAIN IN NARRATIVE,S KINGSTON,39.16655822,-86.492816,"39.16655822,-86.492816",2015-03-02
902405959,2015,03,02,Weekday,1700,2-Car,No injury/unknown,FAILURE TO YIELD RIGHT OF WAY,ACUFF & SR37,39.20824,-86.554704,"39.20824,-86.554704",2015-03-02
902405960,2015,03,02,Weekday,1400,2-Car,No injury/unknown,UNSAFE BACKING,S LIBERTY,39.145264,-86.577616,"39.145264,-86.577616",2015-03-02
902405967,2015,03,02,Weekday,1800,2-Car,No injury/unknown,FAILURE TO YIELD RIGHT OF WAY,RHORER & S OLD ST RD 37,39.12141994,-86.53134986,"39.12141994,-86.53134986",2015-03-02
902406010,2015,03,02,Weekday,1000,2-Car,No injury/unknown,UNSAFE BACKING,S LANDMARK,39.1593799,-86.5537101,"39.1593799,-86.5537101",2015-03-02
902406021,2015,03,01,Weekend,1700,2-Car,No injury/unknown,FAILURE TO YIELD RIGHT OF WAY,15TH & NORTH WALNUT,39.176848,-86.533424,"39.176848,-86.533424",2015-03-01
902406029,2015,03,02,Weekday,1600,2-Car,No injury/unknown,FOLLOWING TOO CLOSELY,E MONROE DAM & SR37S,39.01996772,-86.53611979,"39.01996772,-86.53611979",2015-03-02
902406038,2015,03,02,Weekday,1700,2-Car,Non-incapacitating,FOLLOWING TOO CLOSELY,FRANKLIN & WEST THIRD,39.164688,-86.5712,"39.164688,-86.5712",2015-03-02
902406049,2015,03,02,Weekday,1900,1-Car,Incapacitating,RAN OFF ROAD RIGHT,EAST THIRD & PARK RIDGE,39.16424,-86.476096,"39.16424,-86.476096",2015-03-02
902406181,2015,03,02,Weekday,1200,2-Car,No injury/unknown,FOLLOWING TOO CLOSELY,COLLEGE & KIRKWOOD,39.16664,-86.53444718,"39.16664,-86.53444718",2015-03-02
902406339,2015,03,03,Weekday,0800,2-Car,No injury/unknown,UNSAFE BACKING,N JACKSON & W 17TH,39.179024,-86.539616,"39.179024,-86.539616",2015-03-03
902409488,2015,03,07,Weekend,1100,2-Car,No injury/unknown,UNSAFE BACKING,3RD,39.16424,-86.49307941,"39.16424,-86.49307941",2015-03-07
902409612,2015,03,07,Weekend,1300,2-Car,No injury/unknown,IMPROPER TURNING,HIGHLAND & THIRD,39.16426229,-86.51775641,"39.16426229,-86.51775641",2015-03-07
902409614,2015,03,07,Weekend,1500,2-Car,No injury/unknown,FOLLOWING TOO CLOSELY,E 10TH & FORREST,39.17163022,-86.52237989,"39.17163022,-86.52237989",2015-03-07
902409648,2015,03,07,Weekend,1800,2-Car,No injury/unknown,FAILURE TO YIELD RIGHT OF WAY,SR46E & WALNUT,39.186368,-86.5344,"39.186368,-86.5344",2015-03-07
902409665,2015,03,07,Weekend,1700,3+ Cars,No injury/unknown,FOLLOWING TOO CLOSELY,CHAMBERS & SR37N,39.30947257,-86.51445927,"39.30947257,-86.51445927",2015-03-07
902409795,2015,03,06,Weekday,1000,2-Car,No injury/unknown,UNSAFE BACKING,LEONARD SPRINGS,39.14107513,-86.58297729,"39.14107513,-86.58297729",2015-03-06
902409798,2015,03,07,Weekend,1100,2-Car,No injury/unknown,UNSAFE BACKING,W WAMPLER,39.33501622,-86.59342205,"39.33501622,-86.59342205",2015-03-07
902409947,2015,03,01,Weekend,1600,2-Car,No injury/unknown,FAILURE TO YIELD RIGHT OF WAY,PETE ELLIS & SR46E,39.16424,-86.495088,"39.16424,-86.495088",2015-03-01
902409988,2015,03,01,Weekend,1400,2-Car,No injury/unknown,UNSAFE BACKING,S WALNUT,39.12392521,-86.52665691,"39.12392521,-86.52665691",2015-03-01
902410072,2015,03,05,Weekday,1100,2-Car,No injury/unknown,FAILURE TO YIELD RIGHT OF WAY,SR37 & VERNAL,39.17645167,-86.56253061,"39.17645167,-86.56253061",2015-03-05
902410100,2015,03,02,Weekday,0100,1-Car,No injury/unknown,,KIRKWOOD & WALNUT,39.16658486,-86.5336078,"39.16658486,-86.5336078",2015-03-02
902410123,2015,03,01,Weekday,2300,2-Car,No injury/unknown,UNSAFE BACKING,E 3RD,39.16456,-86.5550845,"39.16456,-86.5550845",2015-03-01
902410186,2015,03,06,Weekday,1600,2-Car,No injury/unknown,UNSAFE BACKING,N FEE,39.17612549,-86.51898236,"39.17612549,-86.51898236",2015-03-06
902410315,2015,03,02,Weekday,0800,2-Car,Non-incapacitating,UNSAFE SPEED,17TH & FEE,39.1789307,-86.51916841,"39.1789307,-86.51916841",2015-03-02
902410328,2015,03,02,Weekday,1100,2-Car,No injury/unknown,FOLLOWING TOO CLOSELY,PATTERSON & S ROGERS,39.15379018,-86.53875008,"39.15379018,-86.53875008",2015-03-02
902410684,2015,03,02,Weekday,1400,2-Car,No injury/unknown,UNSAFE BACKING,NORTH FAIRVIEW & WEST KIRKWOOD,39.166704,-86.5408,"39.166704,-86.5408",2015-03-02
902410776,2015,03,07,Weekend,1800,2-Car,No injury/unknown,,TENTH & UNION,39.17135171,-86.50945074,"39.17135171,-86.50945074",2015-03-07
902410787,2015,03,02,Weekday,1600,2-Car,Non-incapacitating,DISREGARD SIGNAL/REG SIGN,SR37 & SR45W,39.148144,-86.572992,"39.148144,-86.572992",2015-03-02
902410800,2015,03,02,Weekday,1700,2-Car,No injury/unknown,IMPROPER TURNING,E ATWATER,39.16335678,-86.51499176,"39.16335678,-86.51499176",2015-03-02
902410823,2015,03,02,Weekday,1200,2-Car,No injury/unknown,UNSAFE BACKING,SOUTH FESS,39.16406237,-86.52593381,"39.16406237,-86.52593381",2015-03-02
902410866,2015,03,02,Weekday,1700,2-Car,Non-incapacitating,FOLLOWING TOO CLOSELY,JORDAN & LINGELBACH,39.17714755,-86.51252555,"39.17714755,-86.51252555",2015-03-02
902410891,2015,03,01,Weekday,2200,1-Car,Incapacitating,RAN OFF ROAD RIGHT,N HARTSTRAIT & W MAJESTIC WOODS,39.2458553,-86.61127969,"39.2458553,-86.61127969",2015-03-01
902410907,2015,03,02,Weekday,1200,2-Car,No injury/unknown,OTHER (DRIVER) - EXPLAIN IN NARRATIVE,3RD & KINGSTON,39.16424,-86.492944,"39.16424,-86.492944",2015-03-02
902410908,2015,03,02,Weekday,1300,1-Car,No injury/unknown,RAN OFF ROAD RIGHT,S WEIMER & W WAPEHANI,39.142608,-86.562048,"39.142608,-86.562048",2015-03-02
902410953,2015,03,02,Weekday,1400,2-Car,No injury/unknown,UNSAFE SPEED,17TH & N WOODLAWN,39.178992,-86.523504,"39.178992,-86.523504",2015-03-02
902410967,2015,01,05,Weekday,0700,2-Car,No injury/unknown,UNSAFE SPEED,WALNUT & WINSLOW,39.13597025,-86.53111846,"39.13597025,-86.53111846",2015-01-05
902411074,2015,02,06,Weekday,1400,2-Car,No injury/unknown,IMPROPER TURNING,CURRY & VERNAL,39.17650909,-86.58312857,"39.17650909,-86.58312857",2015-02-06
902411075,2015,02,07,Weekend,1300,2-Car,No injury/unknown,DRIVER DISTRACTED - EXPLAIN IN NARRATIVE,SR37S & TAPP,39.13704,-86.572896,"39.13704,-86.572896",2015-02-07
902411077,2015,03,03,Weekday,0900,2-Car,Non-incapacitating,FOLLOWING TOO CLOSELY,S PATTERSON & W 3RD,39.16344009,-86.55128002,"39.16344009,-86.55128002",2015-03-03
902411141,2015,03,03,Weekday,1200,2-Car,No injury/unknown,FAILURE TO YIELD RIGHT OF WAY,PATTERSON,39.16217342,-86.54991075,"39.16217342,-86.54991075",2015-03-03
902411308,2015,03,03,Weekday,1500,2-Car,No injury/unknown,FAILURE TO YIELD RIGHT OF WAY,LIBERTY & SR45,39.14596012,-86.57747102,"39.14596012,-86.57747102",2015-03-03
902411325,2015,03,03,Weekday,1700,2-Car,No injury/unknown,UNSAFE BACKING,S WASHINGTON,39.1710031,-86.5324,"39.1710031,-86.5324",2015-03-03
902411328,2015,03,03,Weekday,1800,2-Car,Incapacitating,FOLLOWING TOO CLOSELY,SR37N & WEST VERNAL,39.17580534,-86.56344483,"39.17580534,-86.56344483",2015-03-03
902411339,2015,03,03,Weekday,1700,2-Car,No injury/unknown,UNSAFE BACKING,E THIRD,39.0803299,-86.51473999,"39.0803299,-86.51473999",2015-03-03
902411353,2015,03,03,Weekday,1700,2-Car,No injury/unknown,UNSAFE BACKING,N DUNN,39.180352,-86.5284,"39.180352,-86.5284",2015-03-03
902411380,2015,03,03,Weekday,2100,2-Car,Non-incapacitating,IMPROPER LANE USAGE,FESS & THIRD,39.16427777,-86.52588752,"39.16427777,-86.52588752",2015-03-03
902411454,2015,03,03,Weekday,1200,2-Car,No injury/unknown,DISREGARD SIGNAL/REG SIGN,S LIBERTY & W 3RD,39.16461021,-86.57913006,"39.16461021,-86.57913006",2015-03-03
902411471,2015,03,03,Weekday,1200,1-Car,No injury/unknown,OTHER (ENVIRONMENTAL) - EXPLAIN IN NARR,DANIELS,39.16671172,-86.59908838,"39.16671172,-86.59908838",2015-03-03
902411506,2015,03,07,Weekend,1000,2-Car,No injury/unknown,FAILURE TO YIELD RIGHT OF WAY,37 & GORDON,39.73761023,-86.274728,"39.73761023,-86.274728",2015-03-07
902411646,2015,03,03,Weekday,0800,2-Car,No injury/unknown,UNSAFE SPEED,DILLMAN & SR37,39.09023917,-86.54535097,"39.09023917,-86.54535097",2015-03-03
902411655,2015,03,03,Weekday,2200,1-Car,No injury/unknown,IMPROPER LANE USAGE,400 W TERRACE & S ROGERS,39.127616,-86.538688,"39.127616,-86.538688",2015-03-03
902411887,2015,03,04,Weekday,1200,2-Car,No injury/unknown,UNSAFE BACKING,E 3RD,39.16443758,-86.54775367,"39.16443758,-86.54775367",2015-03-04
902411946,2015,03,04,Weekday,1600,1-Car,No injury/unknown,ANIMAL/OBJECT IN ROADWAY,NORTH DUNN & TAMARACK,39.25556115,-86.52857981,"39.25556115,-86.52857981",2015-03-04
902411980,2015,03,04,Weekday,1400,2-Car,No injury/unknown,IMPROPER LANE USAGE,N COLLEGE & W 7TH,39.16697343,-86.5348602,"39.16697343,-86.5348602",2015-03-04
902412007,2015,03,04,Weekday,1900,2-Car,No injury/unknown,FOLLOWING TOO CLOSELY,10TH & SUNRISE,39.17157993,-86.5124885,"39.17157993,-86.5124885",2015-03-04
902412041,2015,03,04,Weekday,1700,2-Car,No injury/unknown,FOLLOWING TOO CLOSELY,CHANDLER & SR46W,39.23506165,-86.61779785,"39.23506165,-86.61779785",2015-03-04
902412088,2015,03,04,Weekday,1500,2-Car,No injury/unknown,FAILURE TO YIELD RIGHT OF WAY,N DANIELS,39.16671172,-86.59908838,"39.16671172,-86.59908838",2015-03-04
902412089,2015,03,04,Weekday,1800,2-Car,No injury/unknown,FAILURE TO YIELD RIGHT OF WAY,INDRUSTRIAL & SR45W,39.14359867,-86.58030842,"39.14359867,-86.58030842",2015-03-04
902412094,2015,03,04,Weekday,1800,Pedestrian,Non-incapacitating,PEDESTRIAN ACTION,SUGAR MAPLE,39.15650725,-86.58816576,"39.15650725,-86.58816576",2015-03-04
902412120,2015,03,01,Weekend,0000,3+ Cars,Non-incapacitating,DRIVER DISTRACTED - EXPLAIN IN NARRATIVE,SR46S & THIRD,39.16424006,-86.49827018,"39.16424006,-86.49827018",2015-03-01
902412363,2015,03,05,Weekday,1100,2-Car,No injury/unknown,FAILURE TO YIELD RIGHT OF WAY,E 13TH & N INDIANA,39.175504,-86.527104,"39.175504,-86.527104",2015-03-05
902412423,2015,03,04,Weekday,1800,2-Car,No injury/unknown,DISREGARD SIGNAL/REG SIGN,BASSWOOD & BLOOMFIELD,39.14978027,-86.56889006,"39.14978027,-86.56889006",2015-03-04
902412441,2015,03,07,Weekend,1000,2-Car,Non-incapacitating,FAILURE TO YIELD RIGHT OF WAY,3RD & LIBERTY,38.95312131,-86.57913006,"38.95312131,-86.57913006",2015-03-07
902412460,2015,03,05,Weekday,1200,2-Car,No injury/unknown,UNSAFE BACKING,WALNUT,39.17839758,-86.53339992,"39.17839758,-86.53339992",2015-03-05
902412501,2015,03,05,Weekday,1500,2-Car,No injury/unknown,UNSAFE SPEED,BRYANTS CREEK & SR37,39.33676612,-86.51067628,"39.33676612,-86.51067628",2015-03-05
902412512,2015,03,05,Weekday,1200,1-Car,No injury/unknown,RAN OFF ROAD RIGHT,S BUCKNER,39.16409502,-86.54457045,"39.16409502,-86.54457045",2015-03-05
902412527,2015,03,05,Weekday,1700,2-Car,No injury/unknown,FAILURE TO YIELD RIGHT OF WAY,7TH & LINCOLN,39.16864,-86.53125663,"39.16864,-86.53125663",2015-03-05
902412594,2015,03,05,Weekday,1700,1-Car,No injury/unknown,ANIMAL/OBJECT IN ROADWAY,LEGACY & MOUNT TABOR,39.26170215,-86.62624977,"39.26170215,-86.62624977",2015-03-05
902412595,2015,03,05,Weekday,1900,3+ Cars,No injury/unknown,RAN OFF ROAD RIGHT,BURMA,39.141616,-86.542032,"39.141616,-86.542032",2015-03-05
902412631,2015,03,07,Weekend,0300,3+ Cars,No injury/unknown,UNSAFE LANE MOVEMENT,1ST & GRANT,39.177776,-86.5296,"39.177776,-86.5296",2015-03-07
902412703,2015,03,06,Weekday,0700,2-Car,No injury/unknown,SPEED TOO FAST FOR WEATHER CONDITIONS,SR45 & SR46,39.14511871,-86.57756805,"39.14511871,-86.57756805",2015-03-06
902412717,2015,03,05,Weekday,1800,2-Car,No injury/unknown,,E GRAHAM,39.13994939,-86.53920947,"39.13994939,-86.53920947",2015-03-05
902412721,2015,03,06,Weekday,0900,2-Car,No injury/unknown,SPEED TOO FAST FOR WEATHER CONDITIONS,FOX HOLLOW & SR37,39.28922813,-86.51836149,"39.28922813,-86.51836149",2015-03-06
902412722,2015,03,03,Weekday,2000,Pedestrian,Non-incapacitating,OTHER (ENVIRONMENTAL) - EXPLAIN IN NARR,W 7TH,39.168848,-86.55378253,"39.168848,-86.55378253",2015-03-03
902412821,2015,03,06,Weekday,0700,Bus,No injury/unknown,FAILURE TO YIELD RIGHT OF WAY,DODDS & WASHINGTON,39.15738031,-86.53243012,"39.15738031,-86.53243012",2015-03-06
902412856,2015,03,06,Weekday,1000,2-Car,No injury/unknown,FAILURE TO YIELD RIGHT OF WAY,E RHORER & S WALNUT ST,39.12144,-86.526496,"39.12144,-86.526496",2015-03-06
902412873,2015,03,06,Weekday,0800,2-Car,No injury/unknown,OTHER (DRIVER) - EXPLAIN IN NARRATIVE,S ROGERS,39.16152,-86.538592,"39.16152,-86.538592",2015-03-06
902413015,2015,03,06,Weekday,1300,2-Car,No injury/unknown,FAILURE TO YIELD RIGHT OF WAY,HENDERSON & WINSLOW,39.136144,-86.52662367,"39.136144,-86.52662367",2015-03-06
902413016,2015,03,04,Weekday,1800,Pedestrian,No injury/unknown,DISREGARD SIGNAL/REG SIGN,RITTER & SALE,39.232048,-86.627296,"39.232048,-86.627296",2015-03-04
902413017,2015,03,06,Weekday,1400,3+ Cars,No injury/unknown,FAILURE TO YIELD RIGHT OF WAY,13TH & INDIANA,39.175504,-86.527104,"39.175504,-86.527104",2015-03-06
902413088,2015,03,06,Weekday,1600,1-Car,No injury/unknown,UNSAFE BACKING,EAST 3RD,39.16464,-86.5324,"39.16464,-86.5324",2015-03-06
902413112,2015,03,05,Weekday,2000,1-Car,No injury/unknown,ANIMAL/OBJECT IN ROADWAY,S ROCKPORT & SR37S,39.11664474,-86.5659002,"39.11664474,-86.5659002",2015-03-05
902413122,2015,03,06,Weekday,1700,2-Car,No injury/unknown,FOLLOWING TOO CLOSELY,3RD & WOODLAWN,39.16438374,-86.52364965,"39.16438374,-86.52364965",2015-03-06
902413187,2015,03,05,Weekday,2200,2-Car,No injury/unknown,,NORTH MAPLE & WEST 15TH,39.17664,-86.542096,"39.17664,-86.542096",2015-03-05
902413233,2015,03,06,Weekend,2300,2-Car,No injury/unknown,OTHER (DRIVER) - EXPLAIN IN NARRATIVE,WALNUT,39.16464,-86.5336,"39.16464,-86.5336",2015-03-06
902413375,2015,03,06,Weekday,1700,2-Car,No injury/unknown,FOLLOWING TOO CLOSELY,N DUNN & SR4546E,39.186352,-86.528496,"39.186352,-86.528496",2015-03-06
902413423,2015,03,05,Weekday,1300,2-Car,No injury/unknown,FOLLOWING TOO CLOSELY,FLATWOODS & SR46W,39.25347374,-86.65441007,"39.25347374,-86.65441007",2015-03-05
902413435,2015,03,07,Weekend,1400,2-Car,No injury/unknown,FOLLOWING TOO CLOSELY,N MADISON & W 17TH,39.178992,-86.537792,"39.178992,-86.537792",2015-03-07
902413511,2015,03,07,Weekend,2000,2-Car,No injury/unknown,IMPROPER TURNING,SWAIN & THIRD,39.16425012,-86.51525996,"39.16425012,-86.51525996",2015-03-07
902413539,2015,03,07,Weekend,2100,2-Car,No injury/unknown,UNSAFE BACKING,S WALNUT STREET,39.13656457,-86.52910857,"39.13656457,-86.52910857",2015-03-07
902413544,2015,03,07,Weekend,1800,Cyclist,No injury/unknown,FAILURE TO YIELD RIGHT OF WAY,N PETE ELLIS,39.16743,-86.495047,"39.16743,-86.495047",2015-03-07
902413669,2015,03,01,Weekend,0900,3+ Cars,Incapacitating,FOLLOWING TOO CLOSELY,SR37N & WAYPORT,39.25917759,-86.52426508,"39.25917759,-86.52426508",2015-03-01
902413673,2015,03,01,Weekend,1100,Moped/Motorcycle,Incapacitating,OTHER (DRIVER) - EXPLAIN IN NARRATIVE,WALNUT ST & WINSLOW,39.136144,-86.528688,"39.136144,-86.528688",2015-03-01
902413683,2015,03,01,Weekend,1100,2-Car,No injury/unknown,OTHER (DRIVER) - EXPLAIN IN NARRATIVE,N GATES & W JONATHON,39.16876025,-86.57641969,"39.16876025,-86.57641969",2015-03-01
902413703,2015,03,01,Weekend,1200,1-Car,No injury/unknown,OTHER (DRIVER) - EXPLAIN IN NARRATIVE,EAST THIRD,39.16548157,-86.4972763,"39.16548157,-86.4972763",2015-03-01
902413710,2015,03,05,Weekday,1700,2-Car,Non-incapacitating,RAN OFF ROAD RIGHT,E RHORER,39.12152,-86.51176139,"39.12152,-86.51176139",2015-03-05
902413711,2015,03,05,Weekday,2000,1-Car,No injury/unknown,ANIMAL/OBJECT IN ROADWAY,WALCOTT & WOODYARD,39.20263934,-86.60293007,"39.20263934,-86.60293007",2015-03-05
902413734,2015,03,07,Weekend,1100,2-Car,No injury/unknown,UNSAFE LANE MOVEMENT,LIBERTY,39.145264,-86.577616,"39.145264,-86.577616",2015-03-07
902413842,2015,03,01,Weekend,1800,2-Car,No injury/unknown,IMPROPER LANE USAGE,11TH & BLAIR,39.173344,-86.543792,"39.173344,-86.543792",2015-03-01
902414407,2015,03,02,Weekday,1300,1-Car,Non-incapacitating,RAN OFF ROAD RIGHT,SMITH & STONEGATE,39.16115016,-86.48071981,"39.16115016,-86.48071981",2015-03-02
902414428,2015,03,02,Weekday,1300,2-Car,No injury/unknown,FOLLOWING TOO CLOSELY,MAYBURY & S LEONARD SPRINGS,39.21073468,-86.58259977,"39.21073468,-86.58259977",2015-03-02
902414525,2015,03,02,Weekday,1700,2-Car,No injury/unknown,UNSAFE LANE MOVEMENT,KIRKWOOD & WALNUT,39.16664,-86.5336,"39.16664,-86.5336",2015-03-02
902414529,2015,03,03,Weekday,2100,1-Car,Non-incapacitating,RAN OFF ROAD RIGHT,SOUTH ROCKPORT & WEST TAPP,39.136448,-86.548704,"39.136448,-86.548704",2015-03-03
902414615,2015,03,02,Weekday,2200,1-Car,No injury/unknown,RAN OFF ROAD RIGHT,ISON ROAD & TOWER,39.104944,-86.61032,"39.104944,-86.61032",2015-03-02
902414629,2015,03,03,Weekday,0500,2-Car,No injury/unknown,,E 12TH & N WALNUT,39.174352,-86.533472,"39.174352,-86.533472",2015-03-03
902414632,2015,03,02,Weekday,1300,2-Car,No injury/unknown,UNSAFE BACKING,S SWAIN,39.16410678,-86.51519608,"39.16410678,-86.51519608",2015-03-02
902414664,2015,03,03,Weekday,0500,1-Car,No injury/unknown,RAN OFF ROAD RIGHT,GIFFORD & KIRBY,39.15144,-86.610496,"39.15144,-86.610496",2015-03-03
902414943,2015,03,03,Weekday,1300,2-Car,No injury/unknown,FAILURE TO YIELD RIGHT OF WAY,S LEONARD SPRINGS,39.142048,-86.582592,"39.142048,-86.582592",2015-03-03
902414987,2015,03,03,Weekday,1400,Moped/Motorcycle,Non-incapacitating,FAILURE TO YIELD RIGHT OF WAY,ALLEN & PATTERSON,39.15563017,-86.54330983,"39.15563017,-86.54330983",2015-03-03
902415123,2015,03,01,Weekday,2000,2-Car,Incapacitating,FAILURE TO YIELD RIGHT OF WAY,SMITHVILLE & SR37S,39.16424,-86.480688,"39.16424,-86.480688",2015-03-01
902415132,2015,03,07,Weekend,1900,2-Car,No injury/unknown,FAILURE TO YIELD RIGHT OF WAY,SMITH & SR46W,39.20979593,-86.58265377,"39.20979593,-86.58265377",2015-03-07
902415133,2015,03,06,Weekday,1600,2-Car,Incapacitating,RAN OFF ROAD RIGHT,LEONARD SPRINGS & SR45W,39.1419316,-86.58281025,"39.1419316,-86.58281025",2015-03-06
902432049,2015,04,02,Weekday,1600,Bus,Non-incapacitating,FOLLOWING TOO CLOSELY,GRIMES & HENDERSON,39.153392,-86.527008,"39.153392,-86.527008",2015-04-02
902432050,2015,04,02,Weekday,1000,2-Car,No injury/unknown,UNSAFE BACKING,EAST 17TH,39.17906329,-86.5209221,"39.17906329,-86.5209221",2015-04-02
902432075,2015,04,02,Weekday,1500,2-Car,Non-incapacitating,DISREGARD SIGNAL/REG SIGN,E 3RD & S WALNUT,39.16464,-86.5336,"39.16464,-86.5336",2015-04-02