Master Record Number,Year,Month,Day,Weekend?,Hour,Collision Type,Injury Type,Primary Factor,Reported_Location,Latitude,Longitude,Location,Date
902391928,2015,02,04,Weekday,0600,2-Car,No injury/unknown,UNSAFE LANE MOVEMENT,SR37S & VERNAL,39.20835355,-86.56252288,"39.20835355,-86.56252288",2015-02-04
902392021,2015,02,03,Weekday,1400,2-Car,No injury/unknown,UNSAFE BACKING,EAST KIRKWOOD,39.16677127,-86.54552653,"39.16677127,-86.54552653",2015-02-03
902392239,2015,02,01,Weekday,1900,3+ Cars,Incapacitating,LEFT OF CENTER,SEWELL & SR46,39.15171874,-86.38255516,"39.15171874,-86.38255516",2015-02-01
902392272,2015,02,04,Weekday,1200,2-Car,No injury/unknown,FOLLOWING TOO CLOSELY,E GRIMES & S WALNUT,39.15344,-86.5336,"39.15344,-86.5336",2015-02-04
902392483,2015,02,04,Weekday,1500,2-Car,No injury/unknown,UNSAFE LANE MOVEMENT,E 3RD & S BALLANTINE,39.16424,-86.518992,"39.16424,-86.518992",2015-02-04
902392542,2015,02,04,Weekday,1700,2-Car,No injury/unknown,UNSAFE SPEED,SR37 & VERNAL,39.17543601,-86.56396724,"39.17543601,-86.56396724",2015-02-04
902392635,2015,02,02,Weekday,0800,2-Car,No injury/unknown,OTHER (VEHICLE) - EXPLAIN IN NARRATIVE,3RD,39.164848,-86.57602133,"39.164848,-86.57602133",2015-02-02
902392703,2015,02,06,Weekday,1200,2-Car,No injury/unknown,UNSAFE BACKING,115 N GLENWOOD AVE W & LONGVIEW,39.167248,-86.484192,"39.167248,-86.484192",2015-02-06
902392713,2015,02,05,Weekday,0800,1-Car,No injury/unknown,UNSAFE BACKING,2602 S SOUTHERN PINES & SOUTHERN RIDGE,39.13934716,-86.54755656,"39.13934716,-86.54755656",2015-02-05
902392737,2015,02,05,Weekday,0900,1-Car,No injury/unknown,ROADWAY SURFACE CONDITION,S OLD SR 37 & SR37,39.04018419,-86.54416009,"39.04018419,-86.54416009",2015-02-05
902392820,2015,02,05,Weekday,1100,2-Car,No injury/unknown,FAILURE TO YIELD RIGHT OF WAY,N MONROE & SR4546W,39.186944,-86.5468,"39.186944,-86.5468",2015-02-05
902392852,2015,02,05,Weekday,1200,2-Car,No injury/unknown,UNSAFE BACKING,KIRKWOOD & WALNUT,39.16664,-86.5336,"39.16664,-86.5336",2015-02-05
902393012,2015,02,05,Weekday,1400,2-Car,Incapacitating,FOLLOWING TOO CLOSELY,10TH & UNION,39.171472,-86.509376,"39.171472,-86.509376",2015-02-05
902393053,2015,02,05,Weekday,1700,2-Car,No injury/unknown,FOLLOWING TOO CLOSELY,SR37N & W VERNAL,39.17599001,-86.56318363,"39.17599001,-86.56318363",2015-02-05
902393077,2015,02,05,Weekday,1800,2-Car,No injury/unknown,FOLLOWING TOO CLOSELY,S CURRY & W 3RD,39.16463971,-86.58292002,"39.16463971,-86.58292002",2015-02-05
902393080,2015,02,05,Weekday,1800,2-Car,No injury/unknown,IMPROPER PASSING,14TH & LINDBERGH,39.176048,-86.552592,"39.176048,-86.552592",2015-02-05
902393102,2015,02,04,Weekday,1400,2-Car,No injury/unknown,FAILURE TO YIELD RIGHT OF WAY,SMITH & SR46W,39.210144,-86.5832,"39.210144,-86.5832",2015-02-04
902393118,2015,02,05,Weekday,2000,Pedestrian,Non-incapacitating,OTHER (DRIVER) - EXPLAIN IN NARRATIVE,E THIRD,39.0803299,-86.51473999,"39.0803299,-86.51473999",2015-02-05
902393151,2015,02,05,Weekday,2200,2-Car,No injury/unknown,OTHER (DRIVER) - EXPLAIN IN NARRATIVE,WALNUT,39.165648,-86.5336,"39.165648,-86.5336",2015-02-05
902393180,2015,02,05,Weekday,2200,Cyclist,No injury/unknown,FAILURE TO YIELD RIGHT OF WAY,WINSLOW,39.136144,-86.523744,"39.136144,-86.523744",2015-02-05
902393182,2015,02,05,Weekday,2100,1-Car,Non-incapacitating,RAN OFF ROAD RIGHT,2 ND & FAIRFAX,39.082166,-86.5157979,"39.082166,-86.5157979",2015-02-05
902393218,2015,02,06,Weekday,0400,2-Car,No injury/unknown,OTHER (DRIVER) - EXPLAIN IN NARRATIVE,NORTH MADISON & WEST 17TH,39.178992,-86.537792,"39.178992,-86.537792",2015-02-06
902393295,2015,02,05,Weekday,0700,2-Car,No injury/unknown,UNSAFE BACKING,RHORER & WALNUT STREET,39.12144,-86.526496,"39.12144,-86.526496",2015-02-05
902393296,2015,02,05,Weekday,0700,1-Car,Incapacitating,RAN OFF ROAD RIGHT,CHAMBERS & SR37S,39.30432,-86.5168,"39.30432,-86.5168",2015-02-05
902393300,2015,02,06,Weekday,0800,1-Car,No injury/unknown,VIEW OBSTRUCTED,6TH & ELM,39.167712,-86.5452,"39.167712,-86.5452",2015-02-06
902393477,2015,02,06,Weekday,0700,2-Car,No injury/unknown,FOLLOWING TOO CLOSELY,SR4546 & TENTH,39.176848,-86.478192,"39.176848,-86.478192",2015-02-06
902393510,2015,02,05,Weekday,0800,2-Car,No injury/unknown,FAILURE TO YIELD RIGHT OF WAY,SR46W & UNION VALLEY,39.21328558,-86.59020994,"39.21328558,-86.59020994",2015-02-05
902393547,2015,02,05,Weekday,1300,2-Car,No injury/unknown,UNSAFE BACKING,N MADISON & W 6TH,39.167664,-86.537296,"39.167664,-86.537296",2015-02-05
902393689,2015,02,06,Weekday,1100,2-Car,Non-incapacitating,DISREGARD SIGNAL/REG SIGN,N OLD ST RD 37 & N WALNUT,39.18336019,-86.53415009,"39.18336019,-86.53415009",2015-02-06
902393699,2015,02,06,Weekday,1100,2-Car,No injury/unknown,FAILURE TO YIELD RIGHT OF WAY,N MADISON & W 17TH,39.178992,-86.537792,"39.178992,-86.537792",2015-02-06
902393701,2015,02,06,Weekday,1200,2-Car,No injury/unknown,FAILURE TO YIELD RIGHT OF WAY,SOUTH WALNUT,39.154352,-86.5336,"39.154352,-86.5336",2015-02-06
902393740,2015,02,06,Weekday,1400,2-Car,No injury/unknown,FOLLOWING TOO CLOSELY,EAST 3RD & SOUTH JEFFERSON,39.164304,-86.506992,"39.164304,-86.506992",2015-02-06
902393842,2015,02,06,Weekday,1800,3+ Cars,Non-incapacitating,FOLLOWING TOO CLOSELY,THIRD & WALNUT,39.08217966,-85.81297853,"39.08217966,-85.81297853",2015-02-06
902393854,2015,02,06,Weekday,1700,2-Car,No injury/unknown,FOLLOWING TOO CLOSELY,N CURRY & SR46W,39.19377136,-86.57120616,"39.19377136,-86.57120616",2015-02-06
902393869,2015,02,06,Weekday,1800,3+ Cars,No injury/unknown,FOLLOWING TOO CLOSELY,N SMITH & SR46W,39.210144,-86.5832,"39.210144,-86.5832",2015-02-06
902393896,2015,02,04,Weekday,1800,1-Car,Non-incapacitating,UNSAFE SPEED,EAST DILLMAN & SOUTH FAIRFAX,39.09264,-86.51672,"39.09264,-86.51672",2015-02-04
902393904,2015,02,06,Weekday,0300,2-Car,No injury/unknown,OVERCORRECTING/OVERSTEERING,E 2ND & S WASHINGTON,39.16144,-86.5324,"39.16144,-86.5324",2015-02-06
902393906,2015,02,05,Weekday,1500,2-Car,No injury/unknown,DRIVER DISTRACTED - EXPLAIN IN NARRATIVE,SR37N & VERNAL,39.17617467,-86.56292242,"39.17617467,-86.56292242",2015-02-05
902393922,2015,02,06,Weekend,2100,2-Car,No injury/unknown,FAILURE TO YIELD RIGHT OF WAY,SR45 & WALNUT,39.186368,-86.5344,"39.186368,-86.5344",2015-02-06
902393958,2015,02,06,Weekend,2200,1-Car,Non-incapacitating,OTHER (DRIVER) - EXPLAIN IN NARRATIVE,S COLLEGE,39.16115717,-86.53485253,"39.16115717,-86.53485253",2015-02-06
902393978,2015,02,07,Weekend,0400,2-Car,No injury/unknown,OTHER (DRIVER) - EXPLAIN IN NARRATIVE,S LIBERTY,39.189248,-86.531472,"39.189248,-86.531472",2015-02-07
902393981,2015,02,06,Weekend,2300,2-Car,No injury/unknown,,DUNN & KIRKWOOD,39.16664,-86.52822728,"39.16664,-86.52822728",2015-02-06
902394021,2015,02,07,Weekend,0800,2-Car,No injury/unknown,IMPROPER TURNING,4TH & COLLEGE,39.165664,-86.5348,"39.165664,-86.5348",2015-02-07
902394245,2015,02,04,Weekday,2200,1-Car,Non-incapacitating,ROADWAY SURFACE CONDITION,LOUDEN & RATLIFF,39.21657228,-86.63986124,"39.21657228,-86.63986124",2015-02-04
902394378,2015,02,07,Weekend,1700,2-Car,No injury/unknown,UNSAFE BACKING,S COLLEGE,39.17088686,-86.534768,"39.17088686,-86.534768",2015-02-07
902394432,2015,02,07,Weekend,1600,2-Car,No injury/unknown,DISREGARD SIGNAL/REG SIGN,W STATE ROAD 45,39.125312,-86.610496,"39.125312,-86.610496",2015-02-07
902394440,2015,02,05,Weekday,1600,2-Car,No injury/unknown,FOLLOWING TOO CLOSELY,SR37S & TAPP,39.13704,-86.572896,"39.13704,-86.572896",2015-02-05
902394445,2015,02,07,Weekend,2000,1-Car,No injury/unknown,ANIMAL/OBJECT IN ROADWAY,CURRY & SR46W,39.15835953,-86.58256264,"39.15835953,-86.58256264",2015-02-07
902394690,2015,02,01,Weekend,1200,2-Car,No injury/unknown,FAILURE TO YIELD RIGHT OF WAY,SO WESTPLEX & W 3RD,39.16440971,-86.55389986,"39.16440971,-86.55389986",2015-02-01
902394698,2015,02,01,Weekend,0700,2-Car,Non-incapacitating,DISREGARD SIGNAL/REG SIGN,COLLEGE & KIRKWOOD,39.16664,-86.5348,"39.16664,-86.5348",2015-02-01
902394868,2015,02,01,Weekend,1600,2-Car,No injury/unknown,UNSAFE BACKING,E KIRKWOOD,39.16664,-86.53096555,"39.16664,-86.53096555",2015-02-01
902394889,2015,02,01,Weekend,1800,2-Car,No injury/unknown,IMPROPER PASSING,3RD & FESS,39.16444271,-86.52561573,"39.16444271,-86.52561573",2015-02-01
902394952,2015,02,01,Weekday,2100,2-Car,No injury/unknown,FOLLOWING TOO CLOSELY,OLD SR 37 & WALNUT,39.20429773,-86.53489235,"39.20429773,-86.53489235",2015-02-01
902394986,2015,02,01,Weekend,0200,2-Car,No injury/unknown,RAN OFF ROAD RIGHT,E 3RD,39.164544,-86.55236237,"39.164544,-86.55236237",2015-02-01
902395152,2015,02,02,Weekday,0800,2-Car,No injury/unknown,FAILURE TO YIELD RIGHT OF WAY,E MILLER & S COVEY,39.146976,-86.516192,"39.146976,-86.516192",2015-02-02
902395203,2015,02,02,Weekday,0900,2-Car,No injury/unknown,FAILURE TO YIELD RIGHT OF WAY,2ND & WASHINGTON,39.16144,-86.5324,"39.16144,-86.5324",2015-02-02
902395216,2015,02,02,Weekday,1000,2-Car,No injury/unknown,ROADWAY SURFACE CONDITION,E 3RD & PETE ELLIS,39.16424,-86.495088,"39.16424,-86.495088",2015-02-02
902395246,2015,02,02,Weekday,1000,1-Car,No injury/unknown,RAN OFF ROAD RIGHT,RHORER & SARE,39.12989028,-86.51157997,"39.12989028,-86.51157997",2015-02-02
902395278,2015,02,02,Weekday,1000,2-Car,No injury/unknown,SPEED TOO FAST FOR WEATHER CONDITIONS,45 46 & WALNUT,38.475955,-86.541435,"38.475955,-86.541435",2015-02-02
902395307,2015,02,02,Weekday,1100,2-Car,No injury/unknown,SPEED TOO FAST FOR WEATHER CONDITIONS,3RD & LIBERTY,39.16461021,-86.57912141,"39.16461021,-86.57912141",2015-02-02
902395309,2015,02,02,Weekday,1000,1-Car,No injury/unknown,SPEED TOO FAST FOR WEATHER CONDITIONS,MATLOCK & SR46W,39.18504585,-86.51656815,"39.18504585,-86.51656815",2015-02-02
902395402,2015,02,02,Weekday,1200,Bus,No injury/unknown,ROADWAY SURFACE CONDITION,455 N COLLEGE & 9TH,39.170544,-86.534768,"39.170544,-86.534768",2015-02-02
902395428,2015,02,02,Weekday,1200,1-Car,No injury/unknown,SPEED TOO FAST FOR WEATHER CONDITIONS,SR37N & WAYPORT,39.26167132,-86.52280192,"39.26167132,-86.52280192",2015-02-02
902395614,2015,02,02,Weekday,1500,2-Car,No injury/unknown,FOLLOWING TOO CLOSELY,MARTHA & SR46E,39.18635409,-86.53204891,"39.18635409,-86.53204891",2015-02-02
902395702,2015,02,02,Weekday,1400,2-Car,Non-incapacitating,SPEED TOO FAST FOR WEATHER CONDITIONS,3RD & GATES,39.16459009,-86.57619975,"39.16459009,-86.57619975",2015-02-02
902395708,2015,02,02,Weekday,1600,2-Car,No injury/unknown,SPEED TOO FAST FOR WEATHER CONDITIONS,6TH & DUNN,39.167728,-86.528208,"39.167728,-86.528208",2015-02-02
902395738,2015,02,02,Weekday,1700,3+ Cars,No injury/unknown,FOLLOWING TOO CLOSELY,S COLLEGE & W 4TH,39.165664,-86.5348,"39.165664,-86.5348",2015-02-02
902395748,2015,02,02,Weekday,1600,2-Car,No injury/unknown,FOLLOWING TOO CLOSELY,E KIRKWOOD & S DUNN,39.16664,-86.528192,"39.16664,-86.528192",2015-02-02
902395785,2015,02,02,Weekday,1600,2-Car,No injury/unknown,UNSAFE SPEED,INDUSTRIAL & SR45W,39.143552,-86.580528,"39.143552,-86.580528",2015-02-02
902395786,2015,02,02,Weekday,2000,2-Car,No injury/unknown,RAN OFF ROAD RIGHT,N BOTTOM & SR37N,39.3824478,-86.55792236,"39.3824478,-86.55792236",2015-02-02
902395807,2015,02,02,Weekday,1400,1-Car,No injury/unknown,RAN OFF ROAD RIGHT,VILLAGE & W MIDDLE,39.159168,-86.583888,"39.159168,-86.583888",2015-02-02
902395808,2015,02,02,Weekday,1600,2-Car,Incapacitating,SPEED TOO FAST FOR WEATHER CONDITIONS,MCNEELY & UNION VALLEY,39.1135481,-86.59277114,"39.1135481,-86.59277114",2015-02-02
902395809,2015,02,02,Weekday,1800,1-Car,No injury/unknown,SPEED TOO FAST FOR WEATHER CONDITIONS,AIRPORT & SR45W,39.13724902,-86.59312023,"39.13724902,-86.59312023",2015-02-02
902395835,2015,01,03,Weekday,2200,2-Car,No injury/unknown,FOLLOWING TOO CLOSELY,8TH & ROOSEVELT,39.16952,-86.505968,"39.16952,-86.505968",2015-01-03
902395869,2015,02,01,Weekday,2300,1-Car,No injury/unknown,OTHER (DRIVER) - EXPLAIN IN NARRATIVE,DUVALL,39.07711411,-86.62055969,"39.07711411,-86.62055969",2015-02-01
902395904,2015,02,02,Weekday,1300,2-Car,No injury/unknown,SPEED TOO FAST FOR WEATHER CONDITIONS,3RD & SMITH,39.16424,-86.480688,"39.16424,-86.480688",2015-02-02
902395937,2015,02,02,Weekday,1200,1-Car,No injury/unknown,RAN OFF ROAD RIGHT,W ALLEN & W BLOOMFIELD,39.156144,-86.561296,"39.156144,-86.561296",2015-02-02
902395941,2015,02,02,Weekday,0900,Bus,No injury/unknown,UNSAFE BACKING,1001 EAST 17TH (BLUE LOT) & 17TH,39.20021998,-86.5209221,"39.20021998,-86.5209221",2015-02-02
902396086,2015,02,03,Weekday,1000,2-Car,No injury/unknown,FAILURE TO YIELD RIGHT OF WAY,W 3RD,39.16424,-86.48434743,"39.16424,-86.48434743",2015-02-03
902396153,2015,02,02,Weekday,0900,2-Car,Non-incapacitating,SPEED TOO FAST FOR WEATHER CONDITIONS,10TH & FEE,39.1715904,-86.51957008,"39.1715904,-86.51957008",2015-02-02
902396209,2015,02,02,Weekday,1300,2-Car,Incapacitating,FAILURE TO YIELD RIGHT OF WAY,ALLEN & BLOOMFIELD,39.15612973,-86.56139999,"39.15612973,-86.56139999",2015-02-02
902396281,2015,02,02,Weekday,2000,2-Car,No injury/unknown,RAN OFF ROAD RIGHT,N BOTTOM & SR37N,39.3824478,-86.55792236,"39.3824478,-86.55792236",2015-02-02
902396300,2015,02,03,Weekday,1200,2-Car,No injury/unknown,UNSAFE BACKING,3RD & HAWTHORNE,39.21712186,-86.52008995,"39.21712186,-86.52008995",2015-02-03
902396469,2015,02,03,Weekday,1000,2-Car,No injury/unknown,,N RANGE,39.17500611,-86.49981141,"39.17500611,-86.49981141",2015-02-03
902396512,2015,02,03,Weekday,1700,2-Car,No injury/unknown,FAILURE TO YIELD RIGHT OF WAY,E 3RD & S GRANT,39.16464,-86.529728,"39.16464,-86.529728",2015-02-03
902396562,2015,02,03,Weekday,1000,2-Car,No injury/unknown,OTHER (DRIVER) - EXPLAIN IN NARRATIVE,NORTH MORTON,39.164672,-86.536192,"39.164672,-86.536192",2015-02-03
902396576,2015,02,03,Weekday,1600,2-Car,Non-incapacitating,UNSAFE BACKING,E LAW & N UNION,39.17215009,-86.50939602,"39.17215009,-86.50939602",2015-02-03
902396584,2015,02,03,Weekday,1900,2-Car,Non-incapacitating,FAILURE TO YIELD RIGHT OF WAY,3RD & INDIANA,39.164448,-86.5268,"39.164448,-86.5268",2015-02-03
902396707,2015,02,04,Weekday,0200,1-Car,No injury/unknown,SPEED TOO FAST FOR WEATHER CONDITIONS,18TH & DUNN,39.18021467,-86.5284,"39.18021467,-86.5284",2015-02-04
902396733,2015,02,04,Weekday,0500,1-Car,No injury/unknown,OVERCORRECTING/OVERSTEERING,HEDRICK & SR46W,39.27775955,-86.67736536,"39.27775955,-86.67736536",2015-02-04
902397021,2015,02,04,Weekday,0900,2-Car,No injury/unknown,UNSAFE BACKING,ODELL,39.1264008,-86.52882926,"39.1264008,-86.52882926",2015-02-04
902397033,2015,02,04,Weekday,0900,1-Car,No injury/unknown,OTHER (DRIVER) - EXPLAIN IN NARRATIVE,E 11TH & WALNUT,39.17344,-86.520944,"39.17344,-86.520944",2015-02-04
902397034,2015,02,04,Weekday,1000,1-Car,No injury/unknown,SPEED TOO FAST FOR WEATHER CONDITIONS,E 9TH & N LINCOLN,39.170544,-86.530992,"39.170544,-86.530992",2015-02-04
902397036,2015,02,04,Weekday,0900,1-Car,No injury/unknown,RAN OFF ROAD RIGHT,E ATWATER & S ARBUTUS,39.16838714,-86.51218011,"39.16838714,-86.51218011",2015-02-04
902397042,2015,02,04,Weekday,0700,2-Car,No injury/unknown,UNSAFE BACKING,N GRANT,39.17344,-86.529696,"39.17344,-86.529696",2015-02-04
902397081,2015,02,04,Weekday,1200,1-Car,No injury/unknown,RAN OFF ROAD RIGHT,SR37N & W 2ND,39.20370561,-86.53729248,"39.20370561,-86.53729248",2015-02-04
902397088,2015,02,03,Weekday,1300,2-Car,No injury/unknown,IMPROPER TURNING,13TH & 709 N FEE (PARKING GARAGE),39.175152,-86.518992,"39.175152,-86.518992",2015-02-03
902397371,2015,02,04,Weekday,1600,2-Car,No injury/unknown,UNSAFE LANE MOVEMENT,SR446S & SR46E,39.135648,-86.462,"39.135648,-86.462",2015-02-04
902397421,2015,02,04,Weekday,1600,3+ Cars,No injury/unknown,FAILURE TO YIELD RIGHT OF WAY,CONSITUTION & CURRY,39.15127024,-86.58262029,"39.15127024,-86.58262029",2015-02-04
902397426,2015,02,04,Weekday,1500,2-Car,No injury/unknown,FOLLOWING TOO CLOSELY,S MULLER,39.16180998,-86.56743228,"39.16180998,-86.56743228",2015-02-04
902397442,2015,02,04,Weekday,1900,2-Car,No injury/unknown,UNSAFE BACKING,COLLEGE & KIRKWOOD,39.16664,-86.5348,"39.16664,-86.5348",2015-02-04
902397489,2015,02,04,Weekday,2000,3+ Cars,No injury/unknown,FOLLOWING TOO CLOSELY,BUICK CADILLAC & COLLEGE MALL,39.15816,-86.497792,"39.15816,-86.497792",2015-02-04
902397501,2015,02,04,Weekday,1700,2-Car,No injury/unknown,FAILURE TO YIELD RIGHT OF WAY,RHORER & S WALNUT,39.12144,-86.526496,"39.12144,-86.526496",2015-02-04
902397746,2015,02,05,Weekday,0900,2-Car,No injury/unknown,FAILURE TO YIELD RIGHT OF WAY,N WALNUT & W 11TH,39.173248,-86.533488,"39.173248,-86.533488",2015-02-05
902397795,2015,02,05,Weekday,1100,2-Car,No injury/unknown,UNSAFE LANE MOVEMENT,N WALNUT & SR4546W,39.186368,-86.5344,"39.186368,-86.5344",2015-02-05
902397861,2015,02,05,Weekday,1100,2-Car,No injury/unknown,FAILURE TO YIELD RIGHT OF WAY,THIRTEENTH & WALNUT GROVE,39.17512767,-86.52103911,"39.17512767,-86.52103911",2015-02-05
902397896,2015,02,05,Weekday,1100,2-Car,No injury/unknown,FOLLOWING TOO CLOSELY,S LIBERTY & W 3RD,39.16461021,-86.57910409,"39.16461021,-86.57910409",2015-02-05
902398158,2015,02,05,Weekday,1600,2-Car,No injury/unknown,DISREGARD SIGNAL/REG SIGN,7TH & JORDAN,39.168944,-86.516016,"39.168944,-86.516016",2015-02-05
902398163,2015,02,05,Weekday,1600,3+ Cars,No injury/unknown,UNSAFE LANE MOVEMENT,3RD & GRANT,39.16464,-86.529728,"39.16464,-86.529728",2015-02-05
902398178,2015,02,05,Weekday,1700,2-Car,No injury/unknown,FAILURE TO YIELD RIGHT OF WAY,DIXIE & FAIRVIEW,39.156752,-86.540976,"39.156752,-86.540976",2015-02-05
902398315,2015,02,05,Weekday,0400,1-Car,No injury/unknown,SPEED TOO FAST FOR WEATHER CONDITIONS,CHAPEL HILL & SR446S,39.02893231,-86.408064,"39.02893231,-86.408064",2015-02-05
902398318,2015,02,04,Weekday,0400,1-Car,No injury/unknown,RAN OFF ROAD RIGHT,SR46E & TRAILWAY,39.16355934,-86.42589328,"39.16355934,-86.42589328",2015-02-04
902398390,2015,02,06,Weekday,0200,2-Car,Non-incapacitating,FAILURE TO YIELD RIGHT OF WAY,ST RD 46,39.1831654,-86.5114387,"39.1831654,-86.5114387",2015-02-06
902398607,2015,02,06,Weekday,0800,2-Car,No injury/unknown,UNSAFE BACKING,SOUTH COPPER BEACH,39.15565833,-86.57005816,"39.15565833,-86.57005816",2015-02-06
902398660,2015,02,05,Weekday,0400,2-Car,No injury/unknown,SPEED TOO FAST FOR WEATHER CONDITIONS,2ND & DUNN,39.15500584,-86.52841016,"39.15500584,-86.52841016",2015-02-05
902398705,2015,02,06,Weekday,0800,3+ Cars,No injury/unknown,FAILURE TO YIELD RIGHT OF WAY,N ROGERS & W 7TH,39.168704,-86.538576,"39.168704,-86.538576",2015-02-06
902398798,2015,02,06,Weekday,1000,2-Car,No injury/unknown,OTHER (VEHICLE) - EXPLAIN IN NARRATIVE,S COLLEGE,39.16115717,-86.53485253,"39.16115717,-86.53485253",2015-02-06
902398804,2015,02,05,Weekday,2000,2-Car,No injury/unknown,FAILURE TO YIELD RIGHT OF WAY,COLLEGE & KIRKWOOD,39.16664,-86.5348,"39.16664,-86.5348",2015-02-05
902398842,2015,02,06,Weekday,1100,2-Car,No injury/unknown,FAILURE TO YIELD RIGHT OF WAY,OAK & SALE,39.232512,-86.626224,"39.232512,-86.626224",2015-02-06
902398951,2015,02,06,Weekday,1400,2-Car,No injury/unknown,UNSAFE BACKING,S INDIANA,39.165648,-86.526848,"39.165648,-86.526848",2015-02-06
902399016,2015,02,06,Weekday,1500,2-Car,No injury/unknown,FOLLOWING TOO CLOSELY,FULLERTON & SR37,39.122352,-86.5712,"39.122352,-86.5712",2015-02-06
902399070,2015,02,06,Weekday,1600,2-Car,No injury/unknown,FAILURE TO YIELD RIGHT OF WAY,BARGE & S LEONARD SPRINGS,39.13579732,-86.582496,"39.13579732,-86.582496",2015-02-06
902399071,2015,02,06,Weekday,1800,2-Car,No injury/unknown,FOLLOWING TOO CLOSELY,N CURRY & W WOODYARD,39.190672,-86.582992,"39.190672,-86.582992",2015-02-06
902399072,2015,02,05,Weekday,1400,2-Car,No injury/unknown,FAILURE TO YIELD RIGHT OF WAY,BROOKWOOD & HILLCREST,39.21400715,-86.60118534,"39.21400715,-86.60118534",2015-02-05
902399078,2015,02,05,Weekday,2000,1-Car,Non-incapacitating,SPEED TOO FAST FOR WEATHER CONDITIONS,WEST ISON & WEST LEONARD SPRINGS,39.122352,-86.6056,"39.122352,-86.6056",2015-02-05
902399079,2015,02,06,Weekday,1400,1-Car,Incapacitating,RAN OFF ROAD RIGHT,EAST RAMP CREEK & SOUTH SHIELDS RIDGE,39.083024,-86.472912,"39.083024,-86.472912",2015-02-06
902399128,2015,02,05,Weekday,1000,1-Car,No injury/unknown,RAN OFF ROAD RIGHT,SKIRVIN & SR45,39.22555741,-86.43851898,"39.22555741,-86.43851898",2015-02-05
902399173,2015,02,07,Weekend,0300,1-Car,No injury/unknown,RAN OFF ROAD RIGHT,DUNN & SR37W,39.18363953,-86.5283432,"39.18363953,-86.5283432",2015-02-07
902399192,2015,02,05,Weekday,0400,1-Car,No injury/unknown,ROADWAY SURFACE CONDITION,S ROCKPORT & SR37S,39.11732296,-86.56671395,"39.11732296,-86.56671395",2015-02-05
902399194,2015,02,07,Weekend,0300,2-Car,Non-incapacitating,SPEED TOO FAST FOR WEATHER CONDITIONS,10TH,39.17164802,-86.50386024,"39.17164802,-86.50386024",2015-02-07
902399302,2015,02,07,Weekend,1000,2-Car,No injury/unknown,SPEED TOO FAST FOR WEATHER CONDITIONS,BLOOMFIELD & SR37N,39.2109486,-86.57295227,"39.2109486,-86.57295227",2015-02-07
902399319,2015,02,07,Weekend,0900,2-Car,No injury/unknown,FAILURE TO YIELD RIGHT OF WAY,N KINSER,39.18182568,-86.53778021,"39.18182568,-86.53778021",2015-02-07
902399405,2015,02,07,Weekend,1200,2-Car,No injury/unknown,FAILURE TO YIELD RIGHT OF WAY,FORRESTER & OLCOTT,39.14021015,-86.49255976,"39.14021015,-86.49255976",2015-02-07
902399407,2015,02,07,Weekend,1100,2-Car,No injury/unknown,OTHER (DRIVER) - EXPLAIN IN NARRATIVE,N ROGERS,39.165696,-86.538592,"39.165696,-86.538592",2015-02-07
902399519,2015,02,07,Weekend,1400,2-Car,No injury/unknown,IMPROPER TURNING,E BURKS,39.15584,-86.506496,"39.15584,-86.506496",2015-02-07
902399567,2015,02,01,Weekday,2100,2-Car,No injury/unknown,FOLLOWING TOO CLOSELY,ENDWRIGHT & SR46W,39.22402954,-86.61120295,"39.22402954,-86.61120295",2015-02-01
902399574,2015,02,07,Weekend,1500,2-Car,No injury/unknown,UNSAFE BACKING,EAST 7TH,39.168752,-86.5436,"39.168752,-86.5436",2015-02-07
902399641,2015,02,07,Weekend,2000,2-Car,No injury/unknown,CELL PHONE USAGE,ROCKPORT & W COUNTRY CLUB,39.136448,-86.548704,"39.136448,-86.548704",2015-02-07
902399644,2015,02,07,Weekend,2100,1-Car,No injury/unknown,SPEED TOO FAST FOR WEATHER CONDITIONS,N JORDAN,39.16733692,-86.51619253,"39.16733692,-86.51619253",2015-02-07
902399655,2015,02,07,Weekend,2100,2-Car,No injury/unknown,FOLLOWING TOO CLOSELY,10TH & SUNRISE,39.17157993,-86.51249715,"39.17157993,-86.51249715",2015-02-07
902399716,2015,02,01,Weekend,0400,1-Car,No injury/unknown,SPEED TOO FAST FOR WEATHER CONDITIONS,NORTH WALNUT,39.16893387,-86.53321838,"39.16893387,-86.53321838",2015-02-01