Master Record Number,Year,Month,Day,Weekend?,Hour,Collision Type,Injury Type,Primary Factor,Reported_Location,Latitude,Longitude,Location,Date
902399727,2015,02,07,Weekend,0100,2-Car,No injury/unknown,SPEED TOO FAST FOR WEATHER CONDITIONS,INDIANA & THIRD,39.16430652,-86.52691309,"39.16430652,-86.52691309",2015-02-07
902399730,2015,02,07,Weekend,1200,1-Car,No injury/unknown,OTHER (DRIVER) - EXPLAIN IN NARRATIVE,N FAIRVIEW & W 11TH,39.173152,-86.5408,"39.173152,-86.5408",2015-02-07
902399859,2015,02,06,Weekday,0900,Bus,No injury/unknown,UNSAFE BACKING,GATES,39.16889705,-86.57647803,"39.16889705,-86.57647803",2015-02-06
902399860,2015,02,01,Weekend,0900,2-Car,No injury/unknown,SPEED TOO FAST FOR WEATHER CONDITIONS,SR45W,39.125312,-86.610496,"39.125312,-86.610496",2015-02-01
902399863,2015,02,01,Weekend,1100,2-Car,No injury/unknown,FAILURE TO YIELD RIGHT OF WAY,2ND & LINCOLN,39.16144,-86.531056,"39.16144,-86.531056",2015-02-01
902399902,2015,02,01,Weekend,1300,2-Car,Non-incapacitating,FAILURE TO YIELD RIGHT OF WAY,AUTO MALL & COVENANTER,39.1550532,-86.4960877,"39.1550532,-86.4960877",2015-02-01
902399927,2015,02,07,Weekend,1600,1-Car,Non-incapacitating,ANIMAL/OBJECT IN ROADWAY,E BRYANTS CREEK & SR37N,39.334368,-86.5124,"39.334368,-86.5124",2015-02-07
902399928,2015,02,07,Weekend,1300,1-Car,No injury/unknown,IMPROPER LANE USAGE,W VERNAL LOT 59,39.179248,-86.58292,"39.179248,-86.58292",2015-02-07
902400008,2015,02,01,Weekend,1500,1-Car,No injury/unknown,RAN OFF ROAD RIGHT,S HINDS & SR45W,39.099152,-86.652,"39.099152,-86.652",2015-02-01
902400010,2015,02,01,Weekend,1700,2-Car,No injury/unknown,FAILURE TO YIELD RIGHT OF WAY,KINSER & SR46W,39.186544,-86.537888,"39.186544,-86.537888",2015-02-01
902400023,2015,02,01,Weekday,2000,2-Car,No injury/unknown,FAILURE TO YIELD RIGHT OF WAY,37 & 3RD,39.164752,-86.573104,"39.164752,-86.573104",2015-02-01
902400113,2015,02,01,Weekend,0100,1-Car,No injury/unknown,RAN OFF ROAD RIGHT,E BETHEL & N OLD SR 37,39.215344,-86.521392,"39.215344,-86.521392",2015-02-01
902400202,2015,02,02,Weekday,0700,1-Car,Incapacitating,RAN OFF ROAD RIGHT,ARLINGTON & MAPLE GROVE,39.20235537,-86.55888157,"39.20235537,-86.55888157",2015-02-02
902400242,2015,02,02,Weekday,0800,Bus,No injury/unknown,IMPROPER PASSING,INDIANA & THIRD,39.16430652,-86.52691309,"39.16430652,-86.52691309",2015-02-02
902400309,2015,02,02,Weekday,1100,2-Car,Non-incapacitating,FOLLOWING TOO CLOSELY,PATTERSON & ROGERS,39.15379018,-86.53875008,"39.15379018,-86.53875008",2015-02-02
902400317,2015,02,02,Weekday,1100,2-Car,No injury/unknown,UNSAFE BACKING,N JACOB,39.16852154,-86.57362014,"39.16852154,-86.57362014",2015-02-02
902400353,2015,02,02,Weekday,1000,2-Car,Non-incapacitating,FOLLOWING TOO CLOSELY,7TH & ROGERS,39.168704,-86.538576,"39.168704,-86.538576",2015-02-02
902400404,2015,02,02,Weekday,1100,Bus,No injury/unknown,OTHER (DRIVER) - EXPLAIN IN NARRATIVE,3RD & INDIANA,39.164448,-86.5268,"39.164448,-86.5268",2015-02-02
902406594,2015,03,02,Weekday,1800,1-Car,Non-incapacitating,RAN OFF ROAD RIGHT,ADAMS & ALLEN,39.15586017,-86.5505671,"39.15586017,-86.5505671",2015-03-02
902406596,2015,03,03,Weekday,0800,2-Car,No injury/unknown,DISREGARD SIGNAL/REG SIGN,SO ROGERS & W 2ND,39.16152,-86.538592,"39.16152,-86.538592",2015-03-03
902406633,2015,03,03,Weekday,0800,1-Car,Non-incapacitating,RAN OFF ROAD RIGHT,JORDAN & READ N,39.16719055,-86.51600953,"39.16719055,-86.51600953",2015-03-03
902406663,2015,03,03,Weekday,1100,2-Car,No injury/unknown,FAILURE TO YIELD RIGHT OF WAY,LONGVIEW & PETE ELLIS,39.166944,-86.495056,"39.166944,-86.495056",2015-03-03
902406889,2015,03,02,Weekday,2200,1-Car,No injury/unknown,FAILURE TO YIELD RIGHT OF WAY,GREEN & ROGERS,39.13126204,-86.53875987,"39.13126204,-86.53875987",2015-03-02
902406895,2015,03,03,Weekday,1500,2-Car,No injury/unknown,UNSAFE BACKING,S ROCKPORT,39.14144,-86.543632,"39.14144,-86.543632",2015-03-03
902406971,2015,03,03,Weekday,1700,1-Car,No injury/unknown,UNSAFE BACKING,JEFFERSON & TENTH,39.17163462,-86.50672396,"39.17163462,-86.50672396",2015-03-03
902406991,2015,03,03,Weekday,1800,2-Car,No injury/unknown,FAILURE TO YIELD RIGHT OF WAY,E GRIMES & S WALNUT,39.15344,-86.5336,"39.15344,-86.5336",2015-03-03
902406996,2015,03,02,Weekday,1400,2-Car,No injury/unknown,OTHER (DRIVER) - EXPLAIN IN NARRATIVE,NORTH KINSER,39.18714881,-86.53782472,"39.18714881,-86.53782472",2015-03-02
902406998,2015,03,03,Weekday,1800,2-Car,Incapacitating,FAILURE TO YIELD RIGHT OF WAY,2ND & ADAMS,39.160544,-86.5508,"39.160544,-86.5508",2015-03-03
902407005,2015,03,03,Weekday,1500,2-Car,No injury/unknown,FAILURE TO YIELD RIGHT OF WAY,KIRKWOOD & MADISON,39.166656,-86.537296,"39.166656,-86.537296",2015-03-03
902407044,2015,03,03,Weekday,2100,2-Car,No injury/unknown,FOLLOWING TOO CLOSELY,10TH & CAMPBELL,39.17158999,-86.51394031,"39.17158999,-86.51394031",2015-03-03
902407133,2015,03,03,Weekday,1000,2-Car,Non-incapacitating,OTHER (DRIVER) - EXPLAIN IN NARRATIVE,WINSLOW & XAVIER,39.13601987,-86.51343002,"39.13601987,-86.51343002",2015-03-03
902407178,2015,02,07,Weekend,1000,3+ Cars,No injury/unknown,DRIVER DISTRACTED - EXPLAIN IN NARRATIVE,CHAMBERS & SR37N,39.32528608,-86.51651,"39.32528608,-86.51651",2015-02-07
902407181,2015,03,02,Weekday,1200,2-Car,No injury/unknown,UNSAFE LANE MOVEMENT,N BRYANTS CREEK & SR37N,39.33204816,-86.51427777,"39.33204816,-86.51427777",2015-03-02
902407182,2015,03,02,Weekday,1400,2-Car,No injury/unknown,FAILURE TO YIELD RIGHT OF WAY,S BURCH & W EVANS,39.079552,-86.666592,"39.079552,-86.666592",2015-03-02
902407236,2015,03,04,Weekday,0800,1-Car,No injury/unknown,,W THIRD,39.164337,-86.582344,"39.164337,-86.582344",2015-03-04
902407454,2015,03,04,Weekday,1200,2-Car,No injury/unknown,FAILURE TO YIELD RIGHT OF WAY,45 46 & WALNUT,38.48634351,-86.541435,"38.48634351,-86.541435",2015-03-04
902407697,2015,03,04,Weekday,1700,2-Car,No injury/unknown,SPEED TOO FAST FOR WEATHER CONDITIONS,N CURRY & W WOODYARD,39.190672,-86.582992,"39.190672,-86.582992",2015-03-04
902407711,2015,03,04,Weekday,1700,3+ Cars,Non-incapacitating,SPEED TOO FAST FOR WEATHER CONDITIONS,11TH & INDIANA,39.17344,-86.527056,"39.17344,-86.527056",2015-03-04
902407712,2015,03,04,Weekday,1700,2-Car,No injury/unknown,FAILURE TO YIELD RIGHT OF WAY,MATLOCK & SR46,39.18599938,-86.51983282,"39.18599938,-86.51983282",2015-03-04
902407716,2015,03,04,Weekday,1800,2-Car,No injury/unknown,ROADWAY SURFACE CONDITION,W RICHLAND PLAZA,39.21656191,-86.59487865,"39.21656191,-86.59487865",2015-03-04
902407718,2015,03,04,Weekday,1400,1-Car,Incapacitating,RAN OFF ROAD RIGHT,BANTA & W COUNTRY CLUB,39.136304,-86.544592,"39.136304,-86.544592",2015-03-04
902407725,2015,03,04,Weekday,1700,3+ Cars,Incapacitating,ROADWAY SURFACE CONDITION,FRITZ & NORTH WALNUT,39.191248,-86.532896,"39.191248,-86.532896",2015-03-04
902407734,2015,03,04,Weekday,0600,1-Car,No injury/unknown,ROADWAY SURFACE CONDITION,NORTH KINSER & WEST 17TH,39.178992,-86.537792,"39.178992,-86.537792",2015-03-04
902407741,2015,03,04,Weekday,1800,2-Car,No injury/unknown,ROADWAY SURFACE CONDITION,3RD,39.16471159,-86.5719019,"39.16471159,-86.5719019",2015-03-04
902407746,2015,03,04,Weekday,1600,Bus,No injury/unknown,SPEED TOO FAST FOR WEATHER CONDITIONS,JORDAN & TENTH,39.17209438,-86.51564949,"39.17209438,-86.51564949",2015-03-04
902407747,2015,02,05,Weekday,1700,2-Car,No injury/unknown,DRIVER DISTRACTED - EXPLAIN IN NARRATIVE,CHANDLER & MAIN,39.23376,-86.621888,"39.23376,-86.621888",2015-02-05
902407748,2015,03,01,Weekday,1900,2-Car,No injury/unknown,FAILURE TO YIELD RIGHT OF WAY,SALE & TEMPERANCE,39.23384,-86.624704,"39.23384,-86.624704",2015-03-01
902407758,2015,03,04,Weekday,1600,2-Car,No injury/unknown,SPEED TOO FAST FOR WEATHER CONDITIONS,17TH & JORDAN,39.178848,-86.51214665,"39.178848,-86.51214665",2015-03-04
902407762,2015,03,04,Weekday,1700,2-Car,No injury/unknown,FOLLOWING TOO CLOSELY,ELWREN & SR45W,39.107648,-86.643696,"39.107648,-86.643696",2015-03-04
902407763,2015,03,04,Weekday,1800,1-Car,No injury/unknown,SPEED TOO FAST FOR WEATHER CONDITIONS,ROCKPORT & STANSIFER,39.10749433,-86.57594304,"39.10749433,-86.57594304",2015-03-04
902407767,2015,03,04,Weekday,1700,2-Car,No injury/unknown,SPEED TOO FAST FOR WEATHER CONDITIONS,ALLEN & BLOOMFIELD,39.156144,-86.561296,"39.156144,-86.561296",2015-03-04
902407768,2015,03,04,Weekday,1800,2-Car,No injury/unknown,SPEED TOO FAST FOR WEATHER CONDITIONS,LANDMARK & W 3RD,39.16442983,-86.55630983,"39.16442983,-86.55630983",2015-03-04
902407769,2015,03,04,Weekday,1800,2-Car,No injury/unknown,SPEED TOO FAST FOR WEATHER CONDITIONS,ATWATER & HIGHLAND,39.16305989,-86.51773028,"39.16305989,-86.51773028",2015-03-04
902407772,2015,03,04,Weekday,1000,2-Car,No injury/unknown,OTHER (VEHICLE) - EXPLAIN IN NARRATIVE,EAST 17TH,39.17906329,-86.5209221,"39.17906329,-86.5209221",2015-03-04
902407777,2015,03,04,Weekday,1700,2-Car,No injury/unknown,SPEED TOO FAST FOR WEATHER CONDITIONS,COUNTRYSIDE & ROCKPORT,39.136448,-86.548704,"39.136448,-86.548704",2015-03-04
902407778,2015,03,04,Weekday,1800,2-Car,No injury/unknown,FAILURE TO YIELD RIGHT OF WAY,E 3RD & S GRANT,39.16464,-86.529728,"39.16464,-86.529728",2015-03-04
902407782,2015,03,04,Weekday,1600,2-Car,No injury/unknown,SPEED TOO FAST FOR WEATHER CONDITIONS,E 10TH & RANGE,39.171504,-86.495312,"39.171504,-86.495312",2015-03-04
902407786,2015,03,04,Weekday,1800,2-Car,No injury/unknown,SPEED TOO FAST FOR WEATHER CONDITIONS,3RD & ROSE,39.164352,-86.510944,"39.164352,-86.510944",2015-03-04
902407803,2015,03,04,Weekday,1700,1-Car,No injury/unknown,RAN OFF ROAD RIGHT,SMITHVILLE & SR37,39.16424,-86.480688,"39.16424,-86.480688",2015-03-04
902407804,2015,03,04,Weekday,2100,2-Car,No injury/unknown,SPEED TOO FAST FOR WEATHER CONDITIONS,LOIS & ROGERS,39.12984,-86.538496,"39.12984,-86.538496",2015-03-04
902407814,2015,03,04,Weekday,1800,2-Car,No injury/unknown,ROADWAY SURFACE CONDITION,3RD & GRANT,39.16464,-86.529728,"39.16464,-86.529728",2015-03-04
902407818,2015,03,04,Weekday,1600,Bus,No injury/unknown,FOLLOWING TOO CLOSELY,N COLLEGE & W 6TH,39.167648,-86.534784,"39.167648,-86.534784",2015-03-04
902407824,2015,03,04,Weekday,1800,2-Car,No injury/unknown,RAN OFF ROAD RIGHT,E 17TH & N WALNUT,39.178944,-86.533392,"39.178944,-86.533392",2015-03-04
902407825,2015,03,04,Weekday,1600,2-Car,No injury/unknown,ROADWAY SURFACE CONDITION,17TH & N KINSER,39.178992,-86.537792,"39.178992,-86.537792",2015-03-04
902407827,2015,03,04,Weekday,1400,2-Car,Incapacitating,FAILURE TO YIELD RIGHT OF WAY,E 3RD & S PARK RIDGE,39.16424,-86.476096,"39.16424,-86.476096",2015-03-04
902407828,2015,03,04,Weekday,1700,2-Car,No injury/unknown,OTHER (DRIVER) - EXPLAIN IN NARRATIVE,E 7TH & N WASHINGTON,39.16864,-86.5324,"39.16864,-86.5324",2015-03-04
902407829,2015,03,04,Weekday,1600,3+ Cars,No injury/unknown,OTHER (DRIVER) - EXPLAIN IN NARRATIVE,E 7TH & N WASHINGTON,39.16864,-86.5324,"39.16864,-86.5324",2015-03-04
902407832,2015,03,04,Weekday,1700,3+ Cars,No injury/unknown,FOLLOWING TOO CLOSELY,E 17TH & S WALNUT,39.178944,-86.533392,"39.178944,-86.533392",2015-03-04
902407844,2015,03,04,Weekday,1700,2-Car,No injury/unknown,SPEED TOO FAST FOR WEATHER CONDITIONS,11TH & INDIANA,39.17344,-86.527056,"39.17344,-86.527056",2015-03-04
902407976,2015,03,03,Weekday,0900,2-Car,No injury/unknown,OTHER (DRIVER) - EXPLAIN IN NARRATIVE,LIBERTY,39.145264,-86.577616,"39.145264,-86.577616",2015-03-03
902408256,2015,03,05,Weekday,1100,2-Car,No injury/unknown,IMPROPER LANE USAGE,HENDERSON & SMITH,39.16280977,-86.52725011,"39.16280977,-86.52725011",2015-03-05
902408397,2015,03,04,Weekday,1800,2-Car,No injury/unknown,UNSAFE SPEED,E BETHEL LANE & SR45,39.209952,-86.463392,"39.209952,-86.463392",2015-03-04
902408403,2015,03,04,Weekday,1700,Bus,No injury/unknown,FOLLOWING TOO CLOSELY,CURRY & GIFFORD,39.156896,-86.582704,"39.156896,-86.582704",2015-03-04
902408404,2015,03,04,Weekday,0600,2-Car,No injury/unknown,DISREGARD SIGNAL/REG SIGN,ADAMS & ALLEN,39.155952,-86.550592,"39.155952,-86.550592",2015-03-04
902408457,2015,03,05,Weekday,1400,Bus,No injury/unknown,IMPROPER LANE USAGE,7TH & DUNN,39.16851014,-86.52825423,"39.16851014,-86.52825423",2015-03-05
902408509,2015,03,05,Weekday,1400,2-Car,No injury/unknown,UNSAFE BACKING,519 W HOOSIER COURT,39.186048,-86.550976,"39.186048,-86.550976",2015-03-05
902408513,2015,03,05,Weekday,1600,2-Car,No injury/unknown,UNSAFE LANE MOVEMENT,7TH & WASHINGTON,39.16864,-86.5324,"39.16864,-86.5324",2015-03-05
902408521,2015,03,05,Weekday,1700,2-Car,No injury/unknown,FOLLOWING TOO CLOSELY,FEE & LAW,39.174048,-86.518896,"39.174048,-86.518896",2015-03-05
902408553,2015,03,05,Weekday,1900,2-Car,No injury/unknown,IMPROPER TURNING,3RD & JORDAN,39.16426018,-86.5163999,"39.16426018,-86.5163999",2015-03-05
902408554,2015,03,04,Weekday,1700,2-Car,No injury/unknown,SPEED TOO FAST FOR WEATHER CONDITIONS,BARRINGTON,39.17191923,-86.48921169,"39.17191923,-86.48921169",2015-03-04
902408569,2015,03,04,Weekday,1700,1-Car,No injury/unknown,ROADWAY SURFACE CONDITION,S CURRY & SR45,39.14328396,-86.582592,"39.14328396,-86.582592",2015-03-04
902408583,2015,03,05,Weekday,1700,2-Car,No injury/unknown,UNSAFE LANE MOVEMENT,THIRTEENTH & WOODLAWN,39.17521693,-86.52386099,"39.17521693,-86.52386099",2015-03-05
902408595,2015,03,05,Weekday,1500,Bus,No injury/unknown,UNSAFE BACKING,N DANIELS,39.16671172,-86.59908838,"39.16671172,-86.59908838",2015-03-05
902408598,2015,03,05,Weekday,1500,1-Car,No injury/unknown,RAN OFF ROAD RIGHT,MT CARMEL & N LITTLE WOLF MOUNTAIN,39.32272484,-86.66278813,"39.32272484,-86.66278813",2015-03-05
902408599,2015,03,05,Weekday,2000,2-Car,No injury/unknown,FOLLOWING TOO CLOSELY,10TH & JORDAN,39.171552,-86.515728,"39.171552,-86.515728",2015-03-05
902408607,2015,03,05,Weekday,1500,2-Car,No injury/unknown,UNSAFE BACKING,E 3RD,39.16464,-86.52897556,"39.16464,-86.52897556",2015-03-05
902408611,2015,03,05,Weekday,1700,2-Car,Incapacitating,DRIVER ASLEEP OR FATIGUED,SR45W & W LEONARD SPRINGS,39.12224,-86.6144,"39.12224,-86.6144",2015-03-05
902408617,2015,03,05,Weekday,1400,2-Car,No injury/unknown,UNSAFE BACKING,EAST AMY,39.16934632,-86.49902455,"39.16934632,-86.49902455",2015-03-05
902408795,2015,03,06,Weekday,0900,2-Car,No injury/unknown,FOLLOWING TOO CLOSELY,11TH & COLLEGE,39.173232,-86.534752,"39.173232,-86.534752",2015-03-06
902408902,2015,03,05,Weekday,0900,1-Car,No injury/unknown,ROADWAY SURFACE CONDITION,E 3RD,39.16423861,-86.49522852,"39.16423861,-86.49522852",2015-03-05
902409143,2015,03,06,Weekday,0300,2-Car,No injury/unknown,UNSAFE BACKING,N JORDAN,39.178848,-86.511088,"39.178848,-86.511088",2015-03-06
902409174,2015,03,05,Weekday,1600,2-Car,No injury/unknown,DRIVER DISTRACTED - EXPLAIN IN NARRATIVE,3RD & STATE 37,39.164752,-86.573104,"39.164752,-86.573104",2015-03-05
902409200,2015,03,06,Weekday,1300,2-Car,Non-incapacitating,FAILURE TO YIELD RIGHT OF WAY,17TH & JORDAN,39.1788524,-86.51285237,"39.1788524,-86.51285237",2015-03-06
902409204,2015,03,03,Weekday,1300,2-Car,No injury/unknown,SPEED TOO FAST FOR WEATHER CONDITIONS,S OLD 37,39.12021637,-86.52938079,"39.12021637,-86.52938079",2015-03-03
902409265,2015,03,06,Weekday,1700,2-Car,Non-incapacitating,FAILURE TO YIELD RIGHT OF WAY,S LIBERTY & SR45W,39.14499486,-86.57788929,"39.14499486,-86.57788929",2015-03-06
902409281,2015,03,04,Weekday,2000,1-Car,No injury/unknown,RAN OFF ROAD RIGHT,INGRAM & SR37,38.99888231,-86.53733007,"38.99888231,-86.53733007",2015-03-04
902409309,2015,03,06,Weekday,1500,3+ Cars,Incapacitating,FOLLOWING TOO CLOSELY,ELWREN & SR45W,39.10327889,-86.64796949,"39.10327889,-86.64796949",2015-03-06
902409310,2015,03,05,Weekday,2300,2-Car,No injury/unknown,IMPROPER TURNING,E UNIVERSITY,39.16034874,-86.53080751,"39.16034874,-86.53080751",2015-03-05
902409323,2015,03,06,Weekend,2000,2-Car,No injury/unknown,FOLLOWING TOO CLOSELY,10TH & SR4546S,39.176848,-86.478192,"39.176848,-86.478192",2015-03-06
902409326,2015,03,06,Weekday,1800,2-Car,No injury/unknown,FOLLOWING TOO CLOSELY,E SAMPLE & SR37N,39.26341455,-86.52265395,"39.26341455,-86.52265395",2015-03-06
902409327,2015,03,06,Weekday,1800,2-Car,No injury/unknown,FAILURE TO YIELD RIGHT OF WAY,N HARTSTRAIT & W VERNAL,39.18676995,-86.6112703,"39.18676995,-86.6112703",2015-03-06
902409328,2015,03,06,Weekend,1900,2-Car,No injury/unknown,FOLLOWING TOO CLOSELY,SR45W & W AIRPORT,39.13851891,-86.59099291,"39.13851891,-86.59099291",2015-03-06
902409338,2015,03,06,Weekend,2200,1-Car,No injury/unknown,RAN OFF ROAD RIGHT,10TH & GRANT,39.171696,-86.529696,"39.171696,-86.529696",2015-03-06
902409367,2015,03,06,Weekend,2100,2-Car,No injury/unknown,UNSAFE BACKING,E EASTGATE,39.170159,-86.501186,"39.170159,-86.501186",2015-03-06
902409369,2015,03,07,Weekend,0100,2-Car,No injury/unknown,FAILURE TO YIELD RIGHT OF WAY,10TH & N COLLEGE,39.171744,-86.534768,"39.171744,-86.534768",2015-03-07
902409473,2015,03,07,Weekend,1100,2-Car,Non-incapacitating,OTHER (DRIVER) - EXPLAIN IN NARRATIVE,NORTH WALNUT,39.18708801,-86.53371429,"39.18708801,-86.53371429",2015-03-07
902415203,2015,03,03,Weekday,1200,2-Car,No injury/unknown,UNSAFE BACKING,E KIRKWOOD,39.166248,-86.528511,"39.166248,-86.528511",2015-03-03
902415257,2015,03,04,Weekday,0800,2-Car,Incapacitating,FOLLOWING TOO CLOSELY,SMITH & WALNUT,39.16284794,-86.53363526,"39.16284794,-86.53363526",2015-03-04
902415568,2015,03,03,Weekday,0600,1-Car,No injury/unknown,DRIVER ASLEEP OR FATIGUED,NORTH COUNTY LINE & SR46W,39.28165586,-86.68446529,"39.28165586,-86.68446529",2015-03-03
902415643,2015,03,04,Weekday,1100,2-Car,No injury/unknown,UNSAFE SPEED,2ND,39.1609738,-86.49974204,"39.1609738,-86.49974204",2015-03-04
902415669,2015,03,03,Weekday,1100,2-Car,No injury/unknown,UNSAFE BACKING,FULLERTON,39.12207413,-86.57376861,"39.12207413,-86.57376861",2015-03-03
902415670,2015,03,03,Weekday,1300,2-Car,No injury/unknown,UNSAFE BACKING,LUXBURY,39.1566124,-86.46263885,"39.1566124,-86.46263885",2015-03-03
902415671,2015,03,04,Weekday,0700,2-Car,No injury/unknown,FAILURE TO YIELD RIGHT OF WAY,DILLMAN & OLD ST RD 37,39.09295969,-86.54416009,"39.09295969,-86.54416009",2015-03-04
902415849,2015,03,05,Weekday,1100,2-Car,No injury/unknown,FAILURE TO YIELD RIGHT OF WAY,E 3RD & S PETE ELLIS,39.16424,-86.495088,"39.16424,-86.495088",2015-03-05
902415948,2015,03,04,Weekday,2000,1-Car,Non-incapacitating,RAN OFF ROAD RIGHT,LOWER BIRDIEGALYAN & SR46E,39.165325,-86.5263857,"39.165325,-86.5263857",2015-03-04
902416002,2015,03,06,Weekday,1500,2-Car,No injury/unknown,,HILLSIDE & MAXWELL,39.150576,-86.515088,"39.150576,-86.515088",2015-03-06
902416057,2015,03,05,Weekday,1800,2-Car,No injury/unknown,UNSAFE BACKING,E SOUTHERN & S WALNUT,39.14977022,-86.53350032,"39.14977022,-86.53350032",2015-03-05
902416089,2015,03,02,Weekday,1200,2-Car,No injury/unknown,FOLLOWING TOO CLOSELY,LOVE & SR46W,39.219152,-86.602304,"39.219152,-86.602304",2015-03-02
902416092,2015,03,05,Weekday,0200,1-Car,Incapacitating,RAN OFF ROAD RIGHT,S LIBERTY,39.145264,-86.577616,"39.145264,-86.577616",2015-03-05
902416098,2015,05,07,Weekend,1200,2-Car,No injury/unknown,UNSAFE SPEED,SR37 & VERNAL,39.176544,-86.5624,"39.176544,-86.5624",2015-05-07
902416644,2015,03,06,Weekend,2300,2-Car,No injury/unknown,UNSAFE BACKING,BRITTANY & BURBURY,39.13649999,-86.52313456,"39.13649999,-86.52313456",2015-03-06
902416671,2015,03,06,Weekend,2300,1-Car,No injury/unknown,ANIMAL/OBJECT IN ROADWAY,SR37S & WAYPORT,39.26220126,-86.52261598,"39.26220126,-86.52261598",2015-03-06
902416751,2015,03,07,Weekend,1400,2-Car,No injury/unknown,UNSAFE BACKING,E 2ND,39.16144,-86.53352653,"39.16144,-86.53352653",2015-03-07
902416766,2015,03,07,Weekend,0900,Bus,No injury/unknown,UNSAFE LANE MOVEMENT,E 8TH & N FORREST,39.16947214,-86.52233049,"39.16947214,-86.52233049",2015-03-07
902416776,2015,03,07,Weekend,1300,2-Car,No injury/unknown,FAILURE TO YIELD RIGHT OF WAY,BLOOMFIELD & SHADELAND,39.15570997,-86.56207993,"39.15570997,-86.56207993",2015-03-07
902416889,2015,03,07,Weekend,1800,1-Car,No injury/unknown,RAN OFF ROAD RIGHT,W BEECH LANE,39.20817184,-86.59114837,"39.20817184,-86.59114837",2015-03-07
902416891,2015,03,04,Weekday,1600,1-Car,No injury/unknown,OTHER (ENVIRONMENTAL) - EXPLAIN IN NARR,BOTTOM & SR37N,39.35593623,-86.55792236,"39.35593623,-86.55792236",2015-03-04
902416939,2015,03,01,Weekend,0200,1-Car,No injury/unknown,RAN OFF ROAD RIGHT,SR46W,39.19782378,-86.57398881,"39.19782378,-86.57398881",2015-03-01
902416979,2015,03,01,Weekend,0900,1-Car,No injury/unknown,OVERCORRECTING/OVERSTEERING,W 17TH,39.17896,-86.53472,"39.17896,-86.53472",2015-03-01
902416992,2015,03,01,Weekend,0900,2-Car,No injury/unknown,UNSAFE BACKING,EAST HUNTER,39.162349,-86.518623,"39.162349,-86.518623",2015-03-01
902416995,2015,03,01,Weekend,1000,2-Car,No injury/unknown,FAILURE TO YIELD RIGHT OF WAY,W 3RD,39.164848,-86.57588174,"39.164848,-86.57588174",2015-03-01
902417000,2015,03,07,Weekend,0700,1-Car,No injury/unknown,ANIMAL/OBJECT IN ROADWAY,E DILLMAN & S FOXWOOD,39.0928001,-86.52696708,"39.0928001,-86.52696708",2015-03-07
902417001,2015,03,07,Weekend,0900,2-Car,No injury/unknown,FAILURE TO YIELD RIGHT OF WAY,SR37 & W TAPP,39.13704,-86.572896,"39.13704,-86.572896",2015-03-07
902417056,2015,03,01,Weekend,0800,1-Car,No injury/unknown,ANIMAL/OBJECT IN ROADWAY,CURRY & SR46W,39.15835953,-86.58256264,"39.15835953,-86.58256264",2015-03-01
902417101,2015,03,01,Weekend,1400,2-Car,No injury/unknown,FOLLOWING TOO CLOSELY,2ND & PATTERSON,39.16074984,-86.54850997,"39.16074984,-86.54850997",2015-03-01
902417103,2015,03,01,Weekend,1200,2-Car,No injury/unknown,UNSAFE LANE MOVEMENT,E 10TH & N LINCOLN,39.171712,-86.530992,"39.171712,-86.530992",2015-03-01
902417136,2015,03,01,Weekend,1800,2-Car,No injury/unknown,FOLLOWING TOO CLOSELY,EAST 3RD & SOUTH BALLANTINE,39.16427024,-86.51912972,"39.16427024,-86.51912972",2015-03-01
902417162,2015,03,01,Weekend,1800,2-Car,No injury/unknown,FOLLOWING TOO CLOSELY,BURMA & SR37N,39.32229413,-86.51171127,"39.32229413,-86.51171127",2015-03-01
902417235,2015,03,07,Weekend,2200,1-Car,No injury/unknown,RAN OFF ROAD RIGHT,E STATE 45 & N BRUMMETTS CREEK,39.230544,-86.42,"39.230544,-86.42",2015-03-07
902417363,2015,03,02,Weekday,0700,2-Car,Non-incapacitating,FAILURE TO YIELD RIGHT OF WAY,S LEONARD SPRINGS & W LEONARD SPRINGS,39.126976,-86.582464,"39.126976,-86.582464",2015-03-02
902417368,2015,03,02,Weekday,0800,2-Car,No injury/unknown,FAILURE TO YIELD RIGHT OF WAY,DUNCAN & SR45W,39.13504,-86.596192,"39.13504,-86.596192",2015-03-02
902417477,2015,03,02,Weekday,1100,2-Car,No injury/unknown,FOLLOWING TOO CLOSELY,ROCKPORT & TAPP,39.136448,-86.548704,"39.136448,-86.548704",2015-03-02