Master Record Number,Year,Month,Day,Weekend?,Hour,Collision Type,Injury Type,Primary Factor,Reported_Location,Latitude,Longitude,Location,Date
902417660,2015,03,02,Weekday,2300,2-Car,No injury/unknown,UNSAFE LANE MOVEMENT,E 3RD & SO KINGSTON,39.16424,-86.492944,"39.16424,-86.492944",2015-03-02
902417767,2015,03,02,Weekday,1300,1-Car,No injury/unknown,SPEED TOO FAST FOR WEATHER CONDITIONS,W MAIN STREET,39.238336,-86.629328,"39.238336,-86.629328",2015-03-02
902418005,2015,03,02,Weekday,1600,2-Car,No injury/unknown,FOLLOWING TOO CLOSELY,SR37S & TAPP,39.13704,-86.572896,"39.13704,-86.572896",2015-03-02
902418014,2015,03,02,Weekday,1800,2-Car,No injury/unknown,UNSAFE BACKING,W 17TH,39.17896,-86.53472,"39.17896,-86.53472",2015-03-02
902418058,2015,03,02,Weekday,2200,2-Car,No injury/unknown,FAILURE TO YIELD RIGHT OF WAY,7TH & WALNUT,39.16864,-86.533568,"39.16864,-86.533568",2015-03-02
902418409,2015,03,03,Weekday,1100,2-Car,No injury/unknown,FOLLOWING TOO CLOSELY,W 3RD & WESTPLEX,39.16440971,-86.55389986,"39.16440971,-86.55389986",2015-03-03
902418410,2015,03,03,Weekday,1100,2-Car,No injury/unknown,IMPROPER LANE USAGE,3RD & WALNUT,39.16464,-86.5336,"39.16464,-86.5336",2015-03-03
902418664,2015,03,03,Weekday,1700,2-Car,No injury/unknown,UNSAFE BACKING,N FEE,39.17281455,-86.51879273,"39.17281455,-86.51879273",2015-03-03
902418666,2015,03,03,Weekday,1800,1-Car,No injury/unknown,RAN OFF ROAD RIGHT,DUNN & SECOND,39.16144,-86.528288,"39.16144,-86.528288",2015-03-03
902418701,2015,03,03,Weekday,1900,2-Car,No injury/unknown,UNSAFE BACKING,SR45W,39.125312,-86.610496,"39.125312,-86.610496",2015-03-03
902418726,2015,03,03,Weekday,1600,2-Car,No injury/unknown,FAILURE TO YIELD RIGHT OF WAY,3RD & LIBERTY,39.1646097,-86.57912351,"39.1646097,-86.57912351",2015-03-03
902418734,2015,03,03,Weekday,1500,1-Car,No injury/unknown,RAN OFF ROAD RIGHT,CHAFFIN CHAPEL & SR46W,39.25960159,-86.64377545,"39.25960159,-86.64377545",2015-03-03
902418918,2015,03,04,Weekday,0800,1-Car,No injury/unknown,ANIMAL/OBJECT IN ROADWAY,ACUFF & SR37N,39.41962367,-86.55677032,"39.41962367,-86.55677032",2015-03-04
902419037,2015,03,03,Weekday,0700,2-Car,Non-incapacitating,FOLLOWING TOO CLOSELY,N BRYANTS CREEK & SR37N,39.32945497,-86.51541754,"39.32945497,-86.51541754",2015-03-03
902419038,2015,03,06,Weekday,1300,1-Car,No injury/unknown,TIRE FAILURE OR DEFECTIVE,CURRY & VERNAL,39.17915985,-86.58308029,"39.17915985,-86.58308029",2015-03-06
902419149,2015,03,04,Weekday,2000,2-Car,No injury/unknown,FAILURE TO YIELD RIGHT OF WAY,BLOOMFIELD & LAKE CREST,39.15543973,-86.5624997,"39.15543973,-86.5624997",2015-03-04
902419150,2015,03,03,Weekday,1200,2-Car,No injury/unknown,UNSAFE BACKING,E 7TH,39.16858267,-86.52091725,"39.16858267,-86.52091725",2015-03-03
902419227,2015,03,04,Weekday,1400,Bus,No injury/unknown,FAILURE TO YIELD RIGHT OF WAY,E 10TH & FEE,39.171584,-86.518688,"39.171584,-86.518688",2015-03-04
902419247,2015,03,04,Weekday,1600,2-Car,No injury/unknown,IMPROPER TURNING,3RD & INDIANA,39.164448,-86.5268,"39.164448,-86.5268",2015-03-04
902419326,2015,03,04,Weekday,1600,3+ Cars,No injury/unknown,FAILURE TO YIELD RIGHT OF WAY,14TH & COLLEGE,39.175984,-86.534736,"39.175984,-86.534736",2015-03-04
902419670,2015,03,06,Weekend,2200,1-Car,No injury/unknown,OTHER (VEHICLE) - EXPLAIN IN NARRATIVE,WEST GORDON,39.12557983,-86.57916259,"39.12557983,-86.57916259",2015-03-06
902419705,2015,03,05,Weekday,1300,2-Car,No injury/unknown,OTHER (DRIVER) - EXPLAIN IN NARRATIVE,GRANT & SECOND,39.16144,-86.52976,"39.16144,-86.52976",2015-03-05
902419712,2015,03,05,Weekday,1800,3+ Cars,No injury/unknown,FOLLOWING TOO CLOSELY,17TH & FEE,39.178928,-86.518992,"39.178928,-86.518992",2015-03-05
902419729,2015,03,01,Weekend,1600,2-Car,No injury/unknown,IMPROPER LANE USAGE,E 3RD,39.16423861,-86.49522852,"39.16423861,-86.49522852",2015-03-01
902419734,2015,03,05,Weekday,1800,2-Car,No injury/unknown,IMPROPER LANE USAGE,E 3RD & HIGHLAND,39.16427367,-86.51771488,"39.16427367,-86.51771488",2015-03-05
902419754,2015,03,04,Weekday,2200,1-Car,No injury/unknown,ANIMAL/OBJECT IN ROADWAY,FULLERTON & SR37S,39.12431712,-86.57199314,"39.12431712,-86.57199314",2015-03-04
902419766,2015,03,05,Weekday,2300,2-Car,No injury/unknown,OTHER (DRIVER) - EXPLAIN IN NARRATIVE,E EASTGATE,39.170086,-86.50234,"39.170086,-86.50234",2015-03-05
902419835,2015,03,03,Weekday,0700,2-Car,No injury/unknown,LEFT OF CENTER,LOST MANS & TRUESDEL,39.22317021,-86.59190592,"39.22317021,-86.59190592",2015-03-03
902420009,2015,03,06,Weekday,0800,2-Car,No injury/unknown,IMPROPER LANE USAGE,UNION,39.166848,-86.509296,"39.166848,-86.509296",2015-03-06
902420145,2015,03,04,Weekday,1700,1-Car,No injury/unknown,UNSAFE BACKING,NORTH JORDAN,39.166912,-86.516224,"39.166912,-86.516224",2015-03-04
902420166,2015,03,06,Weekday,1500,2-Car,No injury/unknown,FOLLOWING TOO CLOSELY,RANGE & SR46S,39.17522812,-86.49550628,"39.17522812,-86.49550628",2015-03-06
902420178,2015,03,06,Weekday,1400,2-Car,No injury/unknown,FOLLOWING TOO CLOSELY,10TH & SR4546N,39.176848,-86.478192,"39.176848,-86.478192",2015-03-06
902420197,2015,03,06,Weekday,1700,2-Car,No injury/unknown,FAILURE TO YIELD RIGHT OF WAY,KIRKWOOD & MADISON,39.166656,-86.537296,"39.166656,-86.537296",2015-03-06
902420343,2015,03,07,Weekend,1000,2-Car,No injury/unknown,FAILURE TO YIELD RIGHT OF WAY,WEST 11TH,39.17344,-86.52354547,"39.17344,-86.52354547",2015-03-07
902420360,2015,03,07,Weekend,0800,1-Car,No injury/unknown,RAN OFF ROAD RIGHT,N HEADLEY & TREADWELL,39.19008,-86.514288,"39.19008,-86.514288",2015-03-07
902420367,2015,03,07,Weekend,1100,1-Car,No injury/unknown,IMPROPER TURNING,EAST 3RD,39.16422196,-86.50215134,"39.16422196,-86.50215134",2015-03-07
902420455,2015,03,07,Weekend,1600,2-Car,No injury/unknown,IMPROPER TURNING,DELTA ZETA PARKING LOT EXIT & NORTH JORDAN,39.182448,-86.512496,"39.182448,-86.512496",2015-03-07
902420478,2015,03,07,Weekend,1300,2-Car,No injury/unknown,UNSAFE BACKING,E 10TH,39.17638171,-86.47901486,"39.17638171,-86.47901486",2015-03-07
902420518,2015,03,07,Weekend,1900,1-Car,No injury/unknown,OVERCORRECTING/OVERSTEERING,E 7TH & WOODLAWN,39.16864,-86.523392,"39.16864,-86.523392",2015-03-07
902420733,2015,03,05,Weekday,1300,2-Car,No injury/unknown,IMPROPER TURNING,WEST VERNAL,39.17750168,-86.58057403,"39.17750168,-86.58057403",2015-03-05
902420736,2015,03,06,Weekend,2000,2-Car,No injury/unknown,FOLLOWING TOO CLOSELY,SR37S & TAPP,39.13566671,-86.572896,"39.13566671,-86.572896",2015-03-06
902420743,2015,03,01,Weekend,1600,3+ Cars,No injury/unknown,FAILURE TO YIELD RIGHT OF WAY,LINCOLN & WYLIE,39.15834993,-86.53129018,"39.15834993,-86.53129018",2015-03-01
902420956,2015,03,02,Weekday,0800,Bus,No injury/unknown,UNSAFE BACKING,GRAHAM & S ROCKPORT,39.140144,-86.54496,"39.140144,-86.54496",2015-03-02
902420964,2015,03,07,Weekend,1200,2-Car,No injury/unknown,FAILURE TO YIELD RIGHT OF WAY,SR45W,39.125312,-86.610496,"39.125312,-86.610496",2015-03-07
902420971,2015,03,02,Weekday,0800,2-Car,Non-incapacitating,DISREGARD SIGNAL/REG SIGN,3RD & CORY,39.16447761,-86.56014195,"39.16447761,-86.56014195",2015-03-02
902421016,2015,03,02,Weekday,0300,2-Car,No injury/unknown,UNSAFE BACKING,W NORTHLANE,39.1826541,-86.53809428,"39.1826541,-86.53809428",2015-03-02
902421262,2015,03,02,Weekday,1400,2-Car,No injury/unknown,FAILURE TO YIELD RIGHT OF WAY,WALNUT & WALNUT PARK ACCESS,39.107344,-86.5264,"39.107344,-86.5264",2015-03-02
902421307,2015,03,02,Weekday,1500,2-Car,Non-incapacitating,FOLLOWING TOO CLOSELY,E 10TH & SR4546S,39.176848,-86.478192,"39.176848,-86.478192",2015-03-02
902421321,2015,03,02,Weekday,1400,2-Car,No injury/unknown,FAILURE TO YIELD RIGHT OF WAY,2ND & SR46W,39.232064,-86.622176,"39.232064,-86.622176",2015-03-02
902421379,2015,03,02,Weekday,1700,Bus,No injury/unknown,UNSAFE BACKING,LIVE OAK & STERLING,39.11382996,-86.48140981,"39.11382996,-86.48140981",2015-03-02
902421391,2015,03,02,Weekday,0300,2-Car,No injury/unknown,FOLLOWING TOO CLOSELY,N FOX HOLLOW & SR37N,39.28909855,-86.51842001,"39.28909855,-86.51842001",2015-03-02
902421431,2015,03,02,Weekday,2200,2-Car,Incapacitating,IMPROPER TURNING,LAMPKINS RIDGE & SR446E,39.41460647,-86.47139351,"39.41460647,-86.47139351",2015-03-02
902421523,2015,03,03,Weekday,0600,1-Car,No injury/unknown,ANIMAL/OBJECT IN ROADWAY,SR37 & ZIKES,39.04670943,-86.53586743,"39.04670943,-86.53586743",2015-03-03
902421586,2015,03,02,Weekday,1600,1-Car,No injury/unknown,UNSAFE BACKING,2931 E 10TH (DOCK) & RANGE,39.17148598,-86.49535006,"39.17148598,-86.49535006",2015-03-02
902421588,2015,03,03,Weekday,1000,2-Car,No injury/unknown,OTHER (DRIVER) - EXPLAIN IN NARRATIVE,SR45W,39.125312,-86.610496,"39.125312,-86.610496",2015-03-03
902421590,2015,03,02,Weekday,1400,2-Car,No injury/unknown,FOLLOWING TOO CLOSELY,SR45W & STANFORD,39.08949755,-86.66685515,"39.08949755,-86.66685515",2015-03-02
902421658,2015,03,02,Weekday,0900,2-Car,Incapacitating,FAILURE TO YIELD RIGHT OF WAY,ACUFF & SR37N,39.20824,-86.554704,"39.20824,-86.554704",2015-03-02
902421660,2015,03,03,Weekday,0900,2-Car,No injury/unknown,DISREGARD SIGNAL/REG SIGN,W 3RD,39.164752,-86.573104,"39.164752,-86.573104",2015-03-03
902421779,2015,03,03,Weekday,1400,2-Car,No injury/unknown,DISREGARD SIGNAL/REG SIGN,RHORER & WALNUT,39.12144,-86.526496,"39.12144,-86.526496",2015-03-03
902421842,2015,03,03,Weekday,1300,Cyclist,No injury/unknown,UNSAFE LANE MOVEMENT,GATES & JACOB,39.16562006,-86.57599993,"39.16562006,-86.57599993",2015-03-03
902421898,2015,03,03,Weekday,1000,2-Car,No injury/unknown,,ATWATER & BALLANTINE,39.17364398,-86.51912972,"39.17364398,-86.51912972",2015-03-03
902421904,2015,03,03,Weekday,1700,3+ Cars,No injury/unknown,FOLLOWING TOO CLOSELY,RANGE & SR46S,39.171504,-86.495312,"39.171504,-86.495312",2015-03-03
902421908,2015,03,03,Weekday,1700,2-Car,No injury/unknown,FAILURE TO YIELD RIGHT OF WAY,3RD & KINGSTON,39.16424,-86.492944,"39.16424,-86.492944",2015-03-03
902421921,2015,03,03,Weekday,1800,2-Car,No injury/unknown,FOLLOWING TOO CLOSELY,KINSER,39.186544,-86.537888,"39.186544,-86.537888",2015-03-03
902421931,2015,03,03,Weekday,1700,1-Car,No injury/unknown,RAN OFF ROAD RIGHT,N LOWER BIRDIE GALYAN & SR46E,39.17547989,-86.41352081,"39.17547989,-86.41352081",2015-03-03
902421946,2015,03,03,Weekday,2000,2-Car,No injury/unknown,FAILURE TO YIELD RIGHT OF WAY,EAST THIRD & GRANT,39.16464,-86.529728,"39.16464,-86.529728",2015-03-03
902421967,2015,03,03,Weekday,1500,Pedestrian,Incapacitating,UNSAFE BACKING,W SR 46,39.2512,-86.652504,"39.2512,-86.652504",2015-03-03
902421968,2015,03,03,Weekday,2000,2-Car,No injury/unknown,FOLLOWING TOO CLOSELY,S OLD STATE ROAD 37 & SR37S,39.085632,-86.542304,"39.085632,-86.542304",2015-03-03
902421972,2015,03,03,Weekday,1700,Moped/Motorcycle,Incapacitating,FAILURE TO YIELD RIGHT OF WAY,TECUMSEH & THOMAS,39.222848,-86.63048,"39.222848,-86.63048",2015-03-03
902422021,2015,04,04,Weekday,0000,1-Car,No injury/unknown,RAN OFF ROAD RIGHT,E STRATUM,39.15718451,-86.49233847,"39.15718451,-86.49233847",2015-04-04
902422058,2015,03,03,Weekday,1000,2-Car,Incapacitating,IMPROPER PASSING,ROGERS & WATSON,39.13704243,-86.5381751,"39.13704243,-86.5381751",2015-03-03
902422080,2015,04,04,Weekday,0600,1-Car,No injury/unknown,DRIVER ASLEEP OR FATIGUED,BRYANTS CREEK & SR37,39.33556319,-86.51152924,"39.33556319,-86.51152924",2015-04-04
902422112,2015,04,04,Weekday,0900,2-Car,No injury/unknown,FAILURE TO YIELD RIGHT OF WAY,7TH & ROGERS,39.168704,-86.538576,"39.168704,-86.538576",2015-04-04
902422134,2015,04,04,Weekday,0700,2-Car,No injury/unknown,FAILURE TO YIELD RIGHT OF WAY,2700 BLK S WALNUT & WINSLOW,39.13566829,-86.52833531,"39.13566829,-86.52833531",2015-04-04
902422195,2015,04,04,Weekday,1000,2-Car,Non-incapacitating,FOLLOWING TOO CLOSELY,BURKS & S WALNUT,39.11610549,-86.53136998,"39.11610549,-86.53136998",2015-04-04
902422201,2015,04,04,Weekday,1100,1-Car,No injury/unknown,RAN OFF ROAD RIGHT,MEADOWCREEK & SARE,39.21934722,-86.49999015,"39.21934722,-86.49999015",2015-04-04
902422202,2015,04,04,Weekday,1000,2-Car,No injury/unknown,FAILURE TO YIELD RIGHT OF WAY,GRIMES & HENDERSON,39.1533,-86.52696982,"39.1533,-86.52696982",2015-04-04
902422365,2015,03,03,Weekday,2100,2-Car,Incapacitating,LEFT OF CENTER,SR37 & VICTOR,39.10328611,-86.54911173,"39.10328611,-86.54911173",2015-03-03
902422396,2015,04,04,Weekday,1700,2-Car,No injury/unknown,FOLLOWING TOO CLOSELY,COUNTRY CLUB & MILTON,39.13615095,-86.53988873,"39.13615095,-86.53988873",2015-04-04
902422404,2015,04,04,Weekday,1700,2-Car,No injury/unknown,FOLLOWING TOO CLOSELY,KIRKWOOD & MAPLE,39.16672,-86.542096,"39.16672,-86.542096",2015-04-04
902422442,2015,04,04,Weekday,1500,1-Car,No injury/unknown,UNSAFE BACKING,NORTH MONROE,39.17212343,-86.547104,"39.17212343,-86.547104",2015-04-04
902422444,2015,04,04,Weekday,1500,2-Car,No injury/unknown,FOLLOWING TOO CLOSELY,N CRESTWOOD & N UNION VALLEY,39.217648,-86.5928,"39.217648,-86.5928",2015-04-04
902422445,2015,04,04,Weekday,1900,2-Car,No injury/unknown,UNSAFE BACKING,NORTH FEE,39.17524114,-86.51896409,"39.17524114,-86.51896409",2015-04-04
902422449,2015,04,04,Weekday,1700,2-Car,No injury/unknown,UNSAFE BACKING,N WALNUT,39.232544,-86.540704,"39.232544,-86.540704",2015-04-04
902422450,2015,04,04,Weekday,1700,2-Car,No injury/unknown,FOLLOWING TOO CLOSELY,KINSER & STATE RD 45 46 BYPASS,39.186544,-86.537888,"39.186544,-86.537888",2015-04-04
902422469,2015,04,04,Weekday,1800,2-Car,No injury/unknown,FOLLOWING TOO CLOSELY,E 12TH & N LINCOLN,39.174416,-86.530992,"39.174416,-86.530992",2015-04-04
902422471,2015,04,04,Weekday,1700,2-Car,No injury/unknown,IMPROPER PASSING,CEDAR CHASE & W RED ROCK,39.131712,-86.58536,"39.131712,-86.58536",2015-04-04
902422539,2015,03,03,Weekday,1600,2-Car,No injury/unknown,OTHER (DRIVER) - EXPLAIN IN NARRATIVE,EAST 10TH,39.17164591,-86.50199444,"39.17164591,-86.50199444",2015-03-03
902422865,2015,04,05,Weekday,1300,2-Car,No injury/unknown,IMPROPER LANE USAGE,3RD & FACULTY,39.164352,-86.521088,"39.164352,-86.521088",2015-04-05
902423049,2015,04,05,Weekday,2000,2-Car,No injury/unknown,UNSAFE BACKING,SR45 & SR46,39.20824814,-86.58039093,"39.20824814,-86.58039093",2015-04-05
902423074,2015,04,05,Weekday,1800,2-Car,No injury/unknown,FOLLOWING TOO CLOSELY,N HARTSTRAIT & W VERNAL,39.186752,-86.611504,"39.186752,-86.611504",2015-04-05
902423077,2015,04,05,Weekday,2000,2-Car,No injury/unknown,FOLLOWING TOO CLOSELY,SR37N & W 3RD,39.164752,-86.573104,"39.164752,-86.573104",2015-04-05
902423152,2015,04,06,Weekday,0100,1-Car,Incapacitating,RAN OFF ROAD RIGHT,DUVALL & KOONTZ,39.08611455,-86.619792,"39.08611455,-86.619792",2015-04-06
902423255,2015,04,06,Weekday,1000,2-Car,No injury/unknown,UNSAFE BACKING,W 3RD,39.164848,-86.581504,"39.164848,-86.581504",2015-04-06
902423282,2015,04,06,Weekday,1200,2-Car,No injury/unknown,SPEED TOO FAST FOR WEATHER CONDITIONS,ATWATER & HAWTHORNE,39.16309007,-86.52020998,"39.16309007,-86.52020998",2015-04-06
902423301,2015,04,05,Weekday,0900,Bus,No injury/unknown,FAILURE TO YIELD RIGHT OF WAY,3RD & COLLEGE,39.16464,-86.534816,"39.16464,-86.534816",2015-04-05
902423352,2015,04,05,Weekday,1600,2-Car,No injury/unknown,IMPROPER LANE USAGE,SR45W,39.125312,-86.610496,"39.125312,-86.610496",2015-04-05
902423355,2015,04,06,Weekday,0800,3+ Cars,No injury/unknown,OTHER (DRIVER) - EXPLAIN IN NARRATIVE,SR37,39.071056,-86.5356,"39.071056,-86.5356",2015-04-06
902423413,2015,04,05,Weekday,2000,2-Car,Non-incapacitating,FAILURE TO YIELD RIGHT OF WAY,N WALNUT & W 7TH,39.16864,-86.533568,"39.16864,-86.533568",2015-04-05
902423420,2015,03,07,Weekend,1500,3+ Cars,Non-incapacitating,FOLLOWING TOO CLOSELY,FRITZ & N WALNUT,39.191248,-86.532896,"39.191248,-86.532896",2015-03-07
902423463,2015,04,06,Weekday,1600,1-Car,No injury/unknown,OVERCORRECTING/OVERSTEERING,N DUNN & SR37N,39.18363953,-86.52835617,"39.18363953,-86.52835617",2015-04-06
902423468,2015,04,06,Weekday,1500,2-Car,No injury/unknown,FOLLOWING TOO CLOSELY,N WILLIS & W 17TH,39.179104,-86.544016,"39.179104,-86.544016",2015-04-06
902423501,2015,04,06,Weekend,2100,2-Car,No injury/unknown,DISREGARD SIGNAL/REG SIGN,N ROGERS & W 11TH,39.173184,-86.538528,"39.173184,-86.538528",2015-04-06
902423589,2015,04,06,Weekday,0900,Pedestrian,No injury/unknown,OTHER (DRIVER) - EXPLAIN IN NARRATIVE,WEST ALLEN,39.156128,-86.560912,"39.156128,-86.560912",2015-04-06
902423612,2015,04,07,Weekend,1000,2-Car,No injury/unknown,FAILURE TO YIELD RIGHT OF WAY,HICKORY LEAF & SR45W,39.14499486,-86.57788929,"39.14499486,-86.57788929",2015-04-07
902423613,2015,04,07,Weekend,1100,2-Car,No injury/unknown,FAILURE TO YIELD RIGHT OF WAY,N ROGERS & W 6TH,39.16768,-86.538592,"39.16768,-86.538592",2015-04-07
902423678,2015,04,07,Weekend,1300,2-Car,No injury/unknown,FAILURE TO YIELD RIGHT OF WAY,LIBERTY & W 3RD,39.13288687,-86.57913006,"39.13288687,-86.57913006",2015-04-07
902423717,2015,04,07,Weekend,1800,1-Car,No injury/unknown,UNSAFE SPEED,1ST & WALKER,39.15946975,-86.5460202,"39.15946975,-86.5460202",2015-04-07
902423739,2015,04,07,Weekend,1900,3+ Cars,Incapacitating,FOLLOWING TOO CLOSELY,DUNN & SR46E,39.186352,-86.528496,"39.186352,-86.528496",2015-04-07
902423741,2015,04,05,Weekday,2000,2-Car,No injury/unknown,ROADWAY SURFACE CONDITION,EAST THIRD STREET & HAWTHORNE,39.17482447,-86.52008995,"39.17482447,-86.52008995",2015-04-05
902423835,2015,04,07,Weekend,1400,2-Car,No injury/unknown,UNSAFE BACKING,CANTERBURRY,39.19635013,-86.55580222,"39.19635013,-86.55580222",2015-04-07
902423918,2015,04,01,Weekend,1000,3+ Cars,No injury/unknown,OTHER (DRIVER) - EXPLAIN IN NARRATIVE,10 & SR46S,38.826425,-86.789182,"38.826425,-86.789182",2015-04-01
902423995,2015,04,01,Weekend,1600,2-Car,No injury/unknown,UNSAFE BACKING,E 10TH,39.171648,-86.5027701,"39.171648,-86.5027701",2015-04-01
902424011,2015,04,07,Weekend,1800,2-Car,No injury/unknown,IMPROPER TURNING,2ND & WALKER,39.161648,-86.546128,"39.161648,-86.546128",2015-04-07
902424036,2015,04,01,Weekday,1900,2-Car,No injury/unknown,FAILURE TO YIELD RIGHT OF WAY,E 9TH & N INDIANA,39.170544,-86.526992,"39.170544,-86.526992",2015-04-01
902424548,2015,04,02,Weekday,1400,2-Car,No injury/unknown,FOLLOWING TOO CLOSELY,ATWATER & HIGH,39.16308001,-86.50846995,"39.16308001,-86.50846995",2015-04-02
902424692,2015,04,02,Weekday,1600,2-Car,Incapacitating,FAILURE TO YIELD RIGHT OF WAY,SOUTH CLARIZZ,39.15263367,-86.49272918,"39.15263367,-86.49272918",2015-04-02
902424699,2015,04,02,Weekday,1700,3+ Cars,Non-incapacitating,FOLLOWING TOO CLOSELY,10TH & SR46E,39.21399732,-86.53102874,"39.21399732,-86.53102874",2015-04-02
902424701,2015,04,07,Weekend,1500,2-Car,Non-incapacitating,OTHER (VEHICLE) - EXPLAIN IN NARRATIVE,N RICHARDSON & SR45E,39.23984,-86.387696,"39.23984,-86.387696",2015-04-07
902424705,2015,04,01,Weekend,1600,2-Car,No injury/unknown,LEFT OF CENTER,MAPLE GROVE & STANTON,39.30312795,-86.56154014,"39.30312795,-86.56154014",2015-04-01
902424706,2015,04,01,Weekday,2100,1-Car,No injury/unknown,ANIMAL/OBJECT IN ROADWAY,SOUTH SHORE & TUNNEL,39.25155829,-86.41900164,"39.25155829,-86.41900164",2015-04-01
902424707,2015,04,07,Weekend,2000,1-Car,No injury/unknown,OTHER (DRIVER) - EXPLAIN IN NARRATIVE,SR37S,39.12660505,-86.5726527,"39.12660505,-86.5726527",2015-04-07
902424806,2015,04,03,Weekday,0700,2-Car,No injury/unknown,UNSAFE BACKING,E 3RD,39.16424,-86.5173551,"39.16424,-86.5173551",2015-04-03
902424928,2015,04,03,Weekday,0800,2-Car,No injury/unknown,UNSAFE BACKING,E HOLLYWOOD & E POST,39.169648,-86.4828,"39.169648,-86.4828",2015-04-03
902425023,2015,04,03,Weekday,0800,2-Car,No injury/unknown,UNSAFE BACKING,EAST 10TH,39.17157943,-86.51826514,"39.17157943,-86.51826514",2015-04-03
902425148,2015,04,02,Weekday,1400,2-Car,Non-incapacitating,UNSAFE SPEED,SR45 & W ELWREN,39.107648,-86.643696,"39.107648,-86.643696",2015-04-02
902425251,2015,04,03,Weekday,1000,2-Car,No injury/unknown,DRIVER DISTRACTED - EXPLAIN IN NARRATIVE,SR37 & VICTOR,39.09431839,-86.55906677,"39.09431839,-86.55906677",2015-04-03
902425263,2015,04,03,Weekday,1400,2-Car,No injury/unknown,FOLLOWING TOO CLOSELY,S PATTERSON & W 2ND,39.16075,-86.54851238,"39.16075,-86.54851238",2015-04-03
902425336,2015,04,03,Weekday,2200,2-Car,No injury/unknown,LEFT OF CENTER,SR37S & TAPP,39.13704,-86.572896,"39.13704,-86.572896",2015-04-03
902425359,2015,04,04,Weekday,0200,1-Car,No injury/unknown,RAN OFF ROAD RIGHT,NORTH ROGERS & WEST KIRKWOOD,39.166672,-86.538608,"39.166672,-86.538608",2015-04-04
902425436,2015,04,07,Weekend,1700,1-Car,No injury/unknown,RAN OFF ROAD RIGHT,FLATWOODS ROAD & SR46E,39.25037815,-86.65158204,"39.25037815,-86.65158204",2015-04-07
902425572,2015,04,03,Weekday,1300,1-Car,No injury/unknown,SPEED TOO FAST FOR WEATHER CONDITIONS,PINE GROVE & SR446,39.11605361,-86.42871846,"39.11605361,-86.42871846",2015-04-03
902425575,2015,04,04,Weekday,1000,2-Car,No injury/unknown,FOLLOWING TOO CLOSELY,GRIMES & HENDERSON,39.1533,-86.52696982,"39.1533,-86.52696982",2015-04-04
902425578,2015,04,04,Weekday,1200,2-Car,No injury/unknown,FOLLOWING TOO CLOSELY,S LIBERTY & W 3RD,39.16461021,-86.57914738,"39.16461021,-86.57914738",2015-04-04
902425585,2015,04,04,Weekday,1200,2-Car,No injury/unknown,UNSAFE LANE MOVEMENT,N DUNN,39.180352,-86.5284,"39.180352,-86.5284",2015-04-04
902425640,2015,04,04,Weekday,1100,Pedestrian,Incapacitating,OTHER (DRIVER) - EXPLAIN IN NARRATIVE,3RD & SOUTH HAWTHORNE,39.22770039,-86.52008404,"39.22770039,-86.52008404",2015-04-04
902425721,2015,04,04,Weekday,1600,2-Car,No injury/unknown,FAILURE TO YIELD RIGHT OF WAY,LONGVIEW & PETE ELLIS,39.166944,-86.495056,"39.166944,-86.495056",2015-04-04
902425801,2015,04,04,Weekday,1900,2-Car,No injury/unknown,,E COVENANTER,39.155344,-86.503088,"39.155344,-86.503088",2015-04-04
902425814,2015,04,04,Weekday,1600,2-Car,No injury/unknown,FAILURE TO YIELD RIGHT OF WAY,2ND & SOUTH WALNUT,39.16144,-86.5336,"39.16144,-86.5336",2015-04-04
902425823,2015,04,03,Weekday,1700,1-Car,No injury/unknown,ANIMAL/OBJECT IN ROADWAY,S ROCKPORT & W MAY,39.093344,-86.5868,"39.093344,-86.5868",2015-04-03
902425826,2015,04,04,Weekday,1500,2-Car,No injury/unknown,UNSAFE BACKING,SOUTH COLLEGE MALL,39.16464,-86.534816,"39.16464,-86.534816",2015-04-04
902425840,2015,04,03,Weekday,1800,2-Car,No injury/unknown,LEFT OF CENTER,PARK & TURTLEBACK,39.22714993,-86.61991976,"39.22714993,-86.61991976",2015-04-03
902425965,2015,04,04,Weekday,0800,2-Car,No injury/unknown,LEFT OF CENTER,S PHYLLIS & S ROGERS,39.10476225,-86.54038172,"39.10476225,-86.54038172",2015-04-04