Master Record Number,Year,Month,Day,Weekend?,Hour,Collision Type,Injury Type,Primary Factor,Reported_Location,Latitude,Longitude,Location,Date
902436532,2015,04,03,Weekday,1800,2-Car,No injury/unknown,FOLLOWING TOO CLOSELY,EAST THIRD & OVERHILL,39.164272,-86.501488,"39.164272,-86.501488",2015-04-03
902436541,2015,04,03,Weekday,1400,3+ Cars,Incapacitating,FOLLOWING TOO CLOSELY,EAST BURKS & SOUTH WALNUT,39.14251599,-86.53136998,"39.14251599,-86.53136998",2015-04-03
902436596,2015,04,03,Weekday,1500,2-Car,No injury/unknown,UNSAFE BACKING,FEE & LAW,39.17432203,-86.51891983,"39.17432203,-86.51891983",2015-04-03
902436718,2015,04,04,Weekday,0300,Pedestrian,Incapacitating,PEDESTRIAN ACTION,10TH & SR46E,39.171648,-86.502096,"39.171648,-86.502096",2015-04-04
902436748,2015,04,04,Weekday,0800,3+ Cars,No injury/unknown,FOLLOWING TOO CLOSELY,E3RD & SO JEFFERSON,39.164304,-86.506992,"39.164304,-86.506992",2015-04-04
902436826,2015,04,04,Weekday,0900,2-Car,No injury/unknown,DRIVER DISTRACTED - EXPLAIN IN NARRATIVE,E THIRD & PETE ELLIS,39.16424,-86.495088,"39.16424,-86.495088",2015-04-04
902436878,2015,04,01,Weekend,1100,2-Car,No injury/unknown,UNSAFE BACKING,EAST 10TH,39.171648,-86.50435515,"39.171648,-86.50435515",2015-04-01
902436900,2015,04,04,Weekday,1200,2-Car,No injury/unknown,OTHER (DRIVER) - EXPLAIN IN NARRATIVE,S WALNUT,39.136144,-86.528688,"39.136144,-86.528688",2015-04-04
902436941,2015,04,04,Weekday,1100,2-Car,No injury/unknown,FOLLOWING TOO CLOSELY,SR37N & W VERNAL,39.17617467,-86.56292242,"39.17617467,-86.56292242",2015-04-04
902436967,2015,04,04,Weekday,1400,2-Car,No injury/unknown,UNSAFE BACKING,NORTH FEE,39.17250261,-86.51898354,"39.17250261,-86.51898354",2015-04-04
902436975,2015,04,04,Weekday,1300,2-Car,No injury/unknown,FOLLOWING TOO CLOSELY,BLOOMFIELD & SR37S,39.148144,-86.572992,"39.148144,-86.572992",2015-04-04
902437009,2015,04,03,Weekday,1300,2-Car,No injury/unknown,UNSAFE BACKING,E 7TH & WOODLAWN,39.16862775,-86.52286299,"39.16862775,-86.52286299",2015-04-03
902437037,2015,04,04,Weekday,1300,2-Car,Non-incapacitating,FOLLOWING TOO CLOSELY,SR37N & VERNAL,39.17662048,-86.56252288,"39.17662048,-86.56252288",2015-04-04
902437072,2015,04,03,Weekday,1600,2-Car,No injury/unknown,FAILURE TO YIELD RIGHT OF WAY,OUTBACK & SR46W,39.21467972,-86.59262847,"39.21467972,-86.59262847",2015-04-03
902437099,2015,04,03,Weekday,2000,2-Car,No injury/unknown,UNSAFE BACKING,STATE HIGHWAY 37 & WINERY,39.28039983,-86.52268462,"39.28039983,-86.52268462",2015-04-03
902437128,2015,04,04,Weekday,1300,2-Car,No injury/unknown,IMPROPER TURNING,S MADISON,39.16444714,-86.537296,"39.16444714,-86.537296",2015-04-04
902437175,2015,04,04,Weekday,0000,2-Car,No injury/unknown,UNSAFE BACKING,N FAIRVIEW,39.175152,-86.54104,"39.175152,-86.54104",2015-04-04
902437176,2015,04,04,Weekday,2300,1-Car,Non-incapacitating,ANIMAL/OBJECT IN ROADWAY,SR37N & TAPP,39.13676534,-86.572896,"39.13676534,-86.572896",2015-04-04
902437252,2015,04,04,Weekday,0700,3+ Cars,No injury/unknown,FOLLOWING TOO CLOSELY,BREEDEN & SR45W,39.08680128,-86.67550806,"39.08680128,-86.67550806",2015-04-04
902437344,2015,04,05,Weekday,1000,2-Car,No injury/unknown,FAILURE TO YIELD RIGHT OF WAY,3RD & UNION,39.164352,-86.5088,"39.164352,-86.5088",2015-04-05
902437369,2015,04,05,Weekday,1000,2-Car,No injury/unknown,UNSAFE BACKING,7TH & UNION,39.168176,-86.5091003,"39.168176,-86.5091003",2015-04-05
902437391,2015,04,05,Weekday,1200,2-Car,No injury/unknown,OTHER (DRIVER) - EXPLAIN IN NARRATIVE,EAST THIRD,39.16420519,-86.49964883,"39.16420519,-86.49964883",2015-04-05
902437465,2015,04,04,Weekday,1100,1-Car,No injury/unknown,IMPROPER LANE USAGE,HUNTER & WOODLAWN,39.16221368,-86.5226233,"39.16221368,-86.5226233",2015-04-04
902437612,2015,04,04,Weekday,1400,1-Car,No injury/unknown,UNSAFE BACKING,S FAIRFAX,39.09294436,-86.5167456,"39.09294436,-86.5167456",2015-04-04
902437617,2015,04,05,Weekday,1700,2-Car,Non-incapacitating,IMPROPER LANE USAGE,SR37N & SR45E,39.148144,-86.572992,"39.148144,-86.572992",2015-04-05
902437630,2015,04,05,Weekday,1700,2-Car,No injury/unknown,FAILURE TO YIELD RIGHT OF WAY,COTTAGE & INDIANA,39.17264,-86.52704,"39.17264,-86.52704",2015-04-05
902437674,2015,05,06,Weekday,0100,1-Car,Non-incapacitating,RAN OFF ROAD RIGHT,CHURCH & VICTOR,39.10753175,-86.54891106,"39.10753175,-86.54891106",2015-05-06
902438008,2015,05,06,Weekday,0900,2-Car,No injury/unknown,OTHER (DRIVER) - EXPLAIN IN NARRATIVE,S WALNUT,39.13493114,-86.52778394,"39.13493114,-86.52778394",2015-05-06
902438096,2015,05,06,Weekday,1500,2-Car,Non-incapacitating,IMPROPER TURNING,3RD & FACULTY,39.164352,-86.521088,"39.164352,-86.521088",2015-05-06
902438176,2015,05,06,Weekday,1600,2-Car,No injury/unknown,FOLLOWING TOO CLOSELY,STATE 37 & VERNAL,39.176544,-86.5624,"39.176544,-86.5624",2015-05-06
902438204,2015,05,06,Weekday,1500,2-Car,No injury/unknown,UNSAFE BACKING,E SOUTHERN,39.14984,-86.53213111,"39.14984,-86.53213111",2015-05-06
902438205,2015,05,06,Weekday,1500,2-Car,No injury/unknown,UNSAFE BACKING,S WOODSCREST,39.16290283,-86.50295257,"39.16290283,-86.50295257",2015-05-06
902438219,2015,05,06,Weekday,1800,2-Car,No injury/unknown,DISREGARD SIGNAL/REG SIGN,E 8TH & N GRANT,39.169552,-86.529696,"39.169552,-86.529696",2015-05-06
902438420,2015,05,07,Weekend,1100,2-Car,No injury/unknown,FOLLOWING TOO CLOSELY,AIRPORT & SR45W,39.13611763,-86.59484583,"39.13611763,-86.59484583",2015-05-07
902438469,2015,05,06,Weekday,1700,2-Car,No injury/unknown,FAILURE TO YIELD RIGHT OF WAY,ALEXANDER & JACOB,39.16877031,-86.57355979,"39.16877031,-86.57355979",2015-05-06
902438510,2015,05,07,Weekend,1500,2-Car,No injury/unknown,IMPROPER TURNING,STATE ROAD 46,39.207648,-86.573792,"39.207648,-86.573792",2015-05-07
902438517,2015,05,07,Weekend,1300,2-Car,No injury/unknown,UNSAFE BACKING,E KIRKWOOD,39.16664,-86.52798041,"39.16664,-86.52798041",2015-05-07
902438522,2015,05,06,Weekend,2200,2-Car,No injury/unknown,OTHER (VEHICLE) - EXPLAIN IN NARRATIVE,E 3RD,39.16444703,-86.52575968,"39.16444703,-86.52575968",2015-05-06
902438542,2015,05,07,Weekend,1400,2-Car,No injury/unknown,FOLLOWING TOO CLOSELY,WEST 3RD,39.164752,-86.573104,"39.164752,-86.573104",2015-05-07
902438549,2015,05,06,Weekday,1700,2-Car,No injury/unknown,FOLLOWING TOO CLOSELY,CURRY & WOODYARD,39.18881826,-86.58302576,"39.18881826,-86.58302576",2015-05-06
902438669,2015,05,07,Weekend,1200,2-Car,No injury/unknown,UNSAFE BACKING,WEST 3RD,39.16513824,-86.5824356,"39.16513824,-86.5824356",2015-05-07
902438787,2015,05,01,Weekend,1100,2-Car,No injury/unknown,UNSAFE BACKING,N GATES,39.16987228,-86.57498168,"39.16987228,-86.57498168",2015-05-01
902438789,2015,05,07,Weekend,1700,2-Car,No injury/unknown,FAILURE TO YIELD RIGHT OF WAY,LONGVIEW & PETE ELLIS,39.166944,-86.495056,"39.166944,-86.495056",2015-05-07
902438903,2015,05,07,Weekend,1400,2-Car,No injury/unknown,UNSAFE BACKING,E COTTAGE,40.106918,-85.667884,"40.106918,-85.667884",2015-05-07
902438907,2015,05,07,Weekend,1500,1-Car,No injury/unknown,IMPROPER TURNING,E 17TH,39.178848,-86.51144,"39.178848,-86.51144",2015-05-07
902438993,2015,05,02,Weekday,0000,2-Car,No injury/unknown,IMPROPER PASSING,12TH & N COLLEGE,40.17592359,-87.26738818,"40.17592359,-87.26738818",2015-05-02
902439183,2015,05,02,Weekday,0900,2-Car,No injury/unknown,FAILURE TO YIELD RIGHT OF WAY,SR46W & UNION VALLEY,39.21477514,-86.59228631,"39.21477514,-86.59228631",2015-05-02
902439207,2015,05,02,Weekday,0800,1-Car,No injury/unknown,DRIVER ASLEEP OR FATIGUED,S LEONARD SPRINGS & SR45W,39.14190066,-86.5828886,"39.14190066,-86.5828886",2015-05-02
902439426,2015,05,02,Weekday,1200,1-Car,No injury/unknown,DRIVER ILLNESS,FEE & FOSTER,39.17645015,-86.51886016,"39.17645015,-86.51886016",2015-05-02
902439453,2015,05,02,Weekday,1400,Bus,No injury/unknown,FOLLOWING TOO CLOSELY,11TH & VERNAL,39.173344,-86.555104,"39.173344,-86.555104",2015-05-02
902439483,2015,05,02,Weekday,1400,2-Car,Incapacitating,UNSAFE LANE MOVEMENT,CURRY & SR45W,39.142048,-86.582592,"39.142048,-86.582592",2015-05-02
902439548,2015,05,02,Weekday,1600,2-Car,No injury/unknown,IMPROPER TURNING,E 10TH,39.17162087,-86.50077565,"39.17162087,-86.50077565",2015-05-02
902439650,2015,05,02,Weekday,1700,2-Car,Non-incapacitating,FAILURE TO YIELD RIGHT OF WAY,S CURRY & SR45W,39.14194737,-86.58259072,"39.14194737,-86.58259072",2015-05-02
902439708,2015,05,02,Weekday,0400,2-Car,No injury/unknown,FAILURE TO YIELD RIGHT OF WAY,S CURRY & W 3RD,39.16463971,-86.58292002,"39.16463971,-86.58292002",2015-05-02
902439777,2015,05,02,Weekday,1300,2-Car,Non-incapacitating,UNSAFE SPEED,3RD & EASTSIDE,39.1642661,-86.51321379,"39.1642661,-86.51321379",2015-05-02
902439793,2015,05,03,Weekday,0900,2-Car,No injury/unknown,FAILURE TO YIELD RIGHT OF WAY,17TH & JACKSON,39.17874946,-86.5396263,"39.17874946,-86.5396263",2015-05-03
902439802,2015,05,03,Weekday,0900,2-Car,Incapacitating,FOLLOWING TOO CLOSELY,SR37S & SR45W,39.187344,-86.5552,"39.187344,-86.5552",2015-05-03
902439886,2015,04,02,Weekday,1000,1-Car,No injury/unknown,FOLLOWING TOO CLOSELY,N NORWAY & N SMITH,39.20188017,-86.58311985,"39.20188017,-86.58311985",2015-04-02
902439887,2015,05,01,Weekend,1300,1-Car,No injury/unknown,OTHER (DRIVER) - EXPLAIN IN NARRATIVE,S SR 446,39.135648,-86.462248,"39.135648,-86.462248",2015-05-01
902439888,2015,05,03,Weekday,1000,2-Car,No injury/unknown,BRAKE FAILURE OR DEFECTIVE,S FAIRFAX & VERA,39.09609988,-86.51704028,"39.09609988,-86.51704028",2015-05-03
902439889,2015,05,03,Weekday,1000,Moped/Motorcycle,Incapacitating,DISREGARD SIGNAL/REG SIGN,S LIBERTY & SR45W,39.14502188,-86.57775915,"39.14502188,-86.57775915",2015-05-03
902439897,2015,04,05,Weekday,1200,1-Car,No injury/unknown,UNSAFE SPEED,HARRELL & MOFFETT,39.09970008,-86.49847865,"39.09970008,-86.49847865",2015-04-05
902439899,2015,05,03,Weekday,0800,2-Car,No injury/unknown,FOLLOWING TOO CLOSELY,ROCKPORT & SR37S,39.08835793,-86.61312103,"39.08835793,-86.61312103",2015-05-03
902439900,2015,05,02,Weekday,0900,2-Car,No injury/unknown,FOLLOWING TOO CLOSELY,FAIRFAX & WALNUT STREET,39.10715997,-86.52650982,"39.10715997,-86.52650982",2015-05-02
902439940,2015,05,03,Weekday,1200,2-Car,No injury/unknown,FAILURE TO YIELD RIGHT OF WAY,10TH & COLLEGE,39.171744,-86.534768,"39.171744,-86.534768",2015-05-03
902439979,2015,05,02,Weekday,1800,2-Car,Incapacitating,FAILURE TO YIELD RIGHT OF WAY,E 10TH & N LINCOLN,39.171712,-86.530992,"39.171712,-86.530992",2015-05-02
902440023,2015,05,03,Weekday,1400,2-Car,No injury/unknown,FOLLOWING TOO CLOSELY,SR37N & W VERNAL,39.176544,-86.5624,"39.176544,-86.5624",2015-05-03
902440035,2015,05,01,Weekend,1500,2-Car,No injury/unknown,UNSAFE BACKING,W SR 45,39.125312,-86.610496,"39.125312,-86.610496",2015-05-01
902440036,2015,05,01,Weekday,1900,Pedestrian,Incapacitating,PEDESTRIAN ACTION,SOUTH ROGERS & WEST CLEAR CREEK,39.07189666,-86.53976999,"39.07189666,-86.53976999",2015-05-01
902440041,2015,05,01,Weekend,1800,3+ Cars,No injury/unknown,FAILURE TO YIELD RIGHT OF WAY,SR45W & W ELLER,39.12224,-86.6144,"39.12224,-86.6144",2015-05-01
902440098,2015,05,03,Weekday,1700,2-Car,No injury/unknown,DISREGARD SIGNAL/REG SIGN,ARDEN & HIGH,39.147504,-86.508256,"39.147504,-86.508256",2015-05-03
902440117,2015,05,03,Weekday,1700,1-Car,No injury/unknown,UNSAFE BACKING,E KIRKWOOD,39.166942,-86.546142,"39.166942,-86.546142",2015-05-03
902440120,2015,05,03,Weekday,1800,1-Car,No injury/unknown,RAN OFF ROAD RIGHT,E COVENANTER & S COLLEGE MALL,39.155152,-86.497888,"39.155152,-86.497888",2015-05-03
902440155,2015,05,03,Weekday,1800,2-Car,No injury/unknown,IMPROPER LANE USAGE,ALLEN & PATTERSON,39.15563017,-86.54330983,"39.15563017,-86.54330983",2015-05-03
902440189,2015,05,03,Weekday,1600,Moped/Motorcycle,Incapacitating,UNSAFE SPEED,W KIRKWOOD & WALNUT,39.16664,-86.5336,"39.16664,-86.5336",2015-05-03
902440211,2015,05,03,Weekday,1600,2-Car,No injury/unknown,FOLLOWING TOO CLOSELY,SR46W & W ARLINGTON,39.20808816,-86.57727214,"39.20808816,-86.57727214",2015-05-03
902440277,2015,05,04,Weekday,0000,2-Car,No injury/unknown,IMPROPER TURNING,MCCRACKEN,39.56432171,-86.47568129,"39.56432171,-86.47568129",2015-05-04
902440293,2015,05,03,Weekday,1200,2-Car,No injury/unknown,UNSAFE BACKING,INDIANA & KIRKWOOD,39.16636554,-86.52688272,"39.16636554,-86.52688272",2015-05-03
902440331,2015,05,06,Weekday,1700,2-Car,No injury/unknown,OTHER (DRIVER) - EXPLAIN IN NARRATIVE,E 3RD,39.16423861,-86.49522852,"39.16423861,-86.49522852",2015-05-06
902440518,2015,05,04,Weekday,1200,2-Car,No injury/unknown,FOLLOWING TOO CLOSELY,17TH & SR46E,39.17984,-86.507088,"39.17984,-86.507088",2015-05-04
902440548,2015,05,04,Weekday,1100,2-Car,No injury/unknown,UNSAFE BACKING,E 3RD,39.16426432,-86.50074688,"39.16426432,-86.50074688",2015-05-04
902440562,2015,05,04,Weekday,1200,2-Car,No injury/unknown,FOLLOWING TOO CLOSELY,17TH & SR45E,39.17984,-86.507088,"39.17984,-86.507088",2015-05-04
902440565,2015,05,04,Weekday,1200,2-Car,No injury/unknown,FAILURE TO YIELD RIGHT OF WAY,ARCH HAVEN,39.16086249,-86.55387438,"39.16086249,-86.55387438",2015-05-04
902440666,2015,05,01,Weekend,1400,2-Car,Non-incapacitating,DISREGARD SIGNAL/REG SIGN,SEVENTH & WALNUT,39.1685497,-86.53359018,"39.1685497,-86.53359018",2015-05-01
902440674,2015,05,04,Weekday,1500,2-Car,No injury/unknown,UNSAFE BACKING,S JORDAN,39.1672661,-86.51619777,"39.1672661,-86.51619777",2015-05-04
902440681,2015,05,04,Weekday,1400,1-Car,No injury/unknown,OTHER (DRIVER) - EXPLAIN IN NARRATIVE,NORTH KINSER,39.18531418,-86.53826141,"39.18531418,-86.53826141",2015-05-04
902440692,2015,05,04,Weekday,1600,2-Car,No injury/unknown,FOLLOWING TOO CLOSELY,RANGE & SR46S,39.171504,-86.495312,"39.171504,-86.495312",2015-05-04
902440715,2015,05,04,Weekday,1700,2-Car,No injury/unknown,WRONG WAY ON ONE WAY,EAST 10TH STREET,39.171648,-86.50435515,"39.171648,-86.50435515",2015-05-04
902440739,2015,05,04,Weekday,1600,2-Car,No injury/unknown,UNSAFE BACKING,S HIGHLAND & THORNTON,39.14404562,-86.51747281,"39.14404562,-86.51747281",2015-05-04
902440759,2015,05,04,Weekday,1800,2-Car,No injury/unknown,,E SMITH & S DUNN,39.162848,-86.5284,"39.162848,-86.5284",2015-05-04
902440761,2015,05,04,Weekday,1700,2-Car,No injury/unknown,FAILURE TO YIELD RIGHT OF WAY,E LONGVIEW & N PETE ELLIS,39.166944,-86.495056,"39.166944,-86.495056",2015-05-04
902440762,2015,05,04,Weekday,1800,Cyclist,Non-incapacitating,FAILURE TO YIELD RIGHT OF WAY,S MORTON & W 2ND,39.161472,-86.53624,"39.161472,-86.53624",2015-05-04
902440808,2015,05,04,Weekday,1200,2-Car,No injury/unknown,FAILURE TO YIELD RIGHT OF WAY,EAST THIRD & PETE ELLIS,39.16424,-86.495088,"39.16424,-86.495088",2015-05-04
902440813,2015,05,03,Weekday,1700,2-Car,No injury/unknown,UNSAFE LANE MOVEMENT,ACUFF & SR37N,39.21040939,-86.55425576,"39.21040939,-86.55425576",2015-05-03
902440814,2015,05,03,Weekday,1800,Cyclist,Incapacitating,FAILURE TO YIELD RIGHT OF WAY,E RAMP CREEK & S FAIRFAX,39.07114998,-86.50319002,"39.07114998,-86.50319002",2015-05-03
902440827,2015,05,04,Weekday,1900,2-Car,No injury/unknown,IMPROPER LANE USAGE,S COLLEGE,39.17088686,-86.534768,"39.17088686,-86.534768",2015-05-04
902440953,2015,05,04,Weekday,1300,2-Car,No injury/unknown,DRIVER DISTRACTED - EXPLAIN IN NARRATIVE,CURRY & PROFILE,39.22484228,-86.5829797,"39.22484228,-86.5829797",2015-05-04
902440959,2015,05,03,Weekday,2300,1-Car,No injury/unknown,ANIMAL/OBJECT IN ROADWAY,S HARMONY & SR45W,39.11068027,-86.638854,"39.11068027,-86.638854",2015-05-03
902441038,2015,05,05,Weekday,0900,2-Car,No injury/unknown,IMPROPER TURNING,W 15TH,39.176848,-86.55261061,"39.176848,-86.55261061",2015-05-05
902441102,2015,05,05,Weekday,1100,Moped/Motorcycle,No injury/unknown,FOLLOWING TOO CLOSELY,3RD & WOODLAWN,39.164352,-86.522592,"39.164352,-86.522592",2015-05-05
902441195,2015,05,06,Weekday,0900,2-Car,No injury/unknown,UNSAFE SPEED,MCCORMICK & SMITHVILLE,39.07109968,-86.50787986,"39.07109968,-86.50787986",2015-05-06
902441206,2015,05,05,Weekday,1200,2-Car,No injury/unknown,OTHER (DRIVER) - EXPLAIN IN NARRATIVE,W SOUTHERN,39.14984,-86.533392,"39.14984,-86.533392",2015-05-05
902441285,2015,05,05,Weekday,1200,2-Car,No injury/unknown,FAILURE TO YIELD RIGHT OF WAY,SO COLLEGE & W KIRKWOOD,39.16236974,-86.53488032,"39.16236974,-86.53488032",2015-05-05
902441290,2015,05,05,Weekday,1200,2-Car,Incapacitating,FAILURE TO YIELD RIGHT OF WAY,ELM & KIRKWOOD,39.166768,-86.5452,"39.166768,-86.5452",2015-05-05
902441543,2015,05,05,Weekday,1500,2-Car,No injury/unknown,FOLLOWING TOO CLOSELY,E 3RD & N CLIFTON,39.16427754,-86.50968262,"39.16427754,-86.50968262",2015-05-05
902441574,2015,05,05,Weekday,1700,2-Car,No injury/unknown,UNSAFE BACKING,NORTH JORDAN,39.18163681,-86.51081848,"39.18163681,-86.51081848",2015-05-05
902441665,2015,05,03,Weekday,2200,1-Car,No injury/unknown,RAN OFF ROAD RIGHT,ANDERSON & LOW GAP,39.28237689,-86.41189341,"39.28237689,-86.41189341",2015-05-03
902441678,2015,05,05,Weekday,2000,2-Car,No injury/unknown,UNSAFE BACKING,REEVES,39.2313382,-86.64146728,"39.2313382,-86.64146728",2015-05-05
902441686,2015,05,04,Weekday,1700,2-Car,No injury/unknown,FAILURE TO YIELD RIGHT OF WAY,OLD SR 37 & S ROGERS,39.099408,-86.537904,"39.099408,-86.537904",2015-05-04
902441738,2015,05,06,Weekday,0100,1-Car,No injury/unknown,RAN OFF ROAD RIGHT,HILLSIDE & WALNUT,39.150544,-86.5336,"39.150544,-86.5336",2015-05-06
902441821,2015,05,05,Weekday,1400,2-Car,Non-incapacitating,IMPROPER LANE USAGE,3RD & SWAIN,39.1642598,-86.51526281,"39.1642598,-86.51526281",2015-05-05
902441840,2015,05,06,Weekday,0900,2-Car,No injury/unknown,FOLLOWING TOO CLOSELY,COLLEGE MALL & MOORES,39.15048033,-86.49825006,"39.15048033,-86.49825006",2015-05-06
902441880,2015,05,06,Weekday,0900,2-Car,No injury/unknown,OTHER (DRIVER) - EXPLAIN IN NARRATIVE,E 3RD & SO WASHINGTON,39.16464,-86.5324,"39.16464,-86.5324",2015-05-06
902441949,2015,05,06,Weekday,1100,2-Car,No injury/unknown,UNSAFE BACKING,JONES & JORDAN,39.16540012,-86.51642034,"39.16540012,-86.51642034",2015-05-06
902442001,2015,05,06,Weekday,1300,Moped/Motorcycle,No injury/unknown,UNSAFE SPEED,17TH & FESS,39.17900623,-86.52562335,"39.17900623,-86.52562335",2015-05-06
902442009,2015,05,06,Weekday,1000,2-Car,No injury/unknown,FAILURE TO YIELD RIGHT OF WAY,INDUSTRIAL & SR45W,39.143552,-86.580528,"39.143552,-86.580528",2015-05-06
902442011,2015,05,04,Weekday,1700,1-Car,Non-incapacitating,RAN OFF ROAD RIGHT,DILLMAN & SR37S,39.0929718,-86.54577636,"39.0929718,-86.54577636",2015-05-04
902442016,2015,05,04,Weekday,1700,Cyclist,No injury/unknown,FAILURE TO YIELD RIGHT OF WAY,BOLTINGHOUSE & OLD SR 37,39.239744,-86.4992,"39.239744,-86.4992",2015-05-04
902442032,2015,05,06,Weekday,1200,Cyclist,Non-incapacitating,FAILURE TO YIELD RIGHT OF WAY,7TH & PARK,39.16864,-86.524496,"39.16864,-86.524496",2015-05-06
902442062,2015,05,06,Weekday,1500,2-Car,No injury/unknown,FAILURE TO YIELD RIGHT OF WAY,10TH & PARK,39.171648,-86.524608,"39.171648,-86.524608",2015-05-06
902442100,2015,05,06,Weekday,1600,2-Car,No injury/unknown,FOLLOWING TOO CLOSELY,DUNN & E 3RD,39.164448,-86.528096,"39.164448,-86.528096",2015-05-06
902442123,2015,05,06,Weekday,1800,2-Car,No injury/unknown,FOLLOWING TOO CLOSELY,10TH & SR 4546,39.176848,-86.478192,"39.176848,-86.478192",2015-05-06
902442127,2015,05,06,Weekday,1700,3+ Cars,Non-incapacitating,FOLLOWING TOO CLOSELY,17TH EAST & NORTH FORREST,39.1790197,-86.52249991,"39.1790197,-86.52249991",2015-05-06
902442152,2015,05,06,Weekday,1300,2-Car,Incapacitating,FAILURE TO YIELD RIGHT OF WAY,MONROE & SR46W,39.186944,-86.5468,"39.186944,-86.5468",2015-05-06
902442156,2015,05,06,Weekday,1400,2-Car,Incapacitating,FOLLOWING TOO CLOSELY,HARTSTRAIGHT & SR46W,39.20619965,-86.6113174,"39.20619965,-86.6113174",2015-05-06
902442194,2015,05,06,Weekday,1500,2-Car,No injury/unknown,OTHER (DRIVER) - EXPLAIN IN NARRATIVE,WALNUT STREET & WINSLOW,39.1359897,-86.52879975,"39.1359897,-86.52879975",2015-05-06
902442196,2015,05,06,Weekend,1900,1-Car,No injury/unknown,ACCELERATOR FAILURE OR DEFECTIVE,W RALSTON,39.13860082,-86.54499102,"39.13860082,-86.54499102",2015-05-06
902442202,2015,05,06,Weekday,1500,3+ Cars,Non-incapacitating,FOLLOWING TOO CLOSELY,EAST 3RD & WOODCREST,39.164272,-86.502416,"39.164272,-86.502416",2015-05-06
902442203,2015,05,06,Weekday,1800,1-Car,Non-incapacitating,OVERCORRECTING/OVERSTEERING,N MT TABOR & W WOODLAND,39.28344,-86.624192,"39.28344,-86.624192",2015-05-06
902442205,2015,05,06,Weekday,1600,2-Car,No injury/unknown,FAILURE TO YIELD RIGHT OF WAY,FULLERTON & SR37S,39.122352,-86.5712,"39.122352,-86.5712",2015-05-06
902442206,2015,05,06,Weekday,1600,2-Car,No injury/unknown,FOLLOWING TOO CLOSELY,SR37S & TAPP,39.1360787,-86.572896,"39.1360787,-86.572896",2015-05-06
902442212,2015,05,06,Weekday,1600,2-Car,No injury/unknown,OTHER (DRIVER) - EXPLAIN IN NARRATIVE,OLD ST RD 37 & S EMPIRE,39.09541994,-86.54263995,"39.09541994,-86.54263995",2015-05-06
902442213,2015,05,06,Weekday,1500,3+ Cars,No injury/unknown,FAILURE TO YIELD RIGHT OF WAY,N WALNUT,39.186368,-86.5344,"39.186368,-86.5344",2015-05-06
902442322,2015,05,06,Weekend,2000,2-Car,No injury/unknown,UNSAFE BACKING,CHRIS & EMERY,39.13970527,-86.51947975,"39.13970527,-86.51947975",2015-05-06
902442327,2015,05,07,Weekend,0700,2-Car,No injury/unknown,DISREGARD SIGNAL/REG SIGN,10TH & LINCOLN,39.171712,-86.530992,"39.171712,-86.530992",2015-05-07
902442344,2015,05,06,Weekday,1200,1-Car,No injury/unknown,OTHER (DRIVER) - EXPLAIN IN NARRATIVE,1ST & MORTON,39.15938996,-86.53629988,"39.15938996,-86.53629988",2015-05-06
902442379,2015,05,07,Weekend,1000,2-Car,Non-incapacitating,DRIVER DISTRACTED - EXPLAIN IN NARRATIVE,CURRY & SR45W,39.14223567,-86.58233447,"39.14223567,-86.58233447",2015-05-07
902442391,2015,05,07,Weekend,1100,2-Car,No injury/unknown,UNSAFE BACKING,NORTH GATES,39.16987228,-86.57498168,"39.16987228,-86.57498168",2015-05-07
902442395,2015,05,07,Weekend,0800,2-Car,No injury/unknown,FOLLOWING TOO CLOSELY,SR37N & VERNAL,39.176544,-86.5624,"39.176544,-86.5624",2015-05-07
902442445,2015,05,06,Weekend,1900,1-Car,No injury/unknown,ANIMAL/OBJECT IN ROADWAY,SR45W & W ELLER,39.12206498,-86.61467174,"39.12206498,-86.61467174",2015-05-06
902442493,2015,05,07,Weekend,1500,2-Car,No injury/unknown,UNSAFE BACKING,E 17TH,39.179008,-86.525888,"39.179008,-86.525888",2015-05-07
902442730,2015,05,01,Weekend,0900,Bus,No injury/unknown,UNSAFE LANE MOVEMENT,BURMA & SR37,39.59882053,-86.55104064,"39.59882053,-86.55104064",2015-05-01
902442818,2015,05,07,Weekend,1200,2-Car,No injury/unknown,FAILURE TO YIELD RIGHT OF WAY,FOREST PARK & SR46E,39.212048,-86.5872,"39.212048,-86.5872",2015-05-07