Master Record Number,Year,Month,Day,Weekend?,Hour,Collision Type,Injury Type,Primary Factor,Reported_Location,Latitude,Longitude,Location,Date
902442819,2015,05,01,Weekend,1400,2-Car,No injury/unknown,FOLLOWING TOO CLOSELY,HARTSTRAIGHT & SR46E,39.20619965,-86.61134338,"39.20619965,-86.61134338",2015-05-01
902442834,2015,05,01,Weekend,1500,2-Car,No injury/unknown,,E 3RD,39.16424,-86.49368135,"39.16424,-86.49368135",2015-05-01
902442862,2015,05,07,Weekend,0800,1-Car,No injury/unknown,OTHER (DRIVER) - EXPLAIN IN NARRATIVE,7TH & ADAMS,39.168576,-86.5496,"39.168576,-86.5496",2015-05-07
902442905,2015,05,07,Weekend,1700,Moped/Motorcycle,No injury/unknown,FAILURE TO YIELD RIGHT OF WAY,LOIS & ROGERS,39.12984,-86.538496,"39.12984,-86.538496",2015-05-07
902442943,2015,05,01,Weekday,2200,1-Car,No injury/unknown,ROADWAY SURFACE CONDITION,ALLEN & PATTERSON,39.13448613,-86.54330983,"39.13448613,-86.54330983",2015-05-01
902443106,2015,05,06,Weekday,1200,2-Car,No injury/unknown,UNSAFE BACKING,10TH & 1319 E 10TH ST,39.176848,-86.478192,"39.176848,-86.478192",2015-05-06
902443111,2015,05,01,Weekend,1200,Moped/Motorcycle,Non-incapacitating,LEFT OF CENTER,HAYS & SR446S,39.04464,-86.407952,"39.04464,-86.407952",2015-05-01
902443167,2015,05,02,Weekday,0900,2-Car,No injury/unknown,OTHER (DRIVER) - EXPLAIN IN NARRATIVE,WEST 1ST,39.159344,-86.53237322,"39.159344,-86.53237322",2015-05-02
902443249,2015,05,07,Weekend,1700,2-Car,No injury/unknown,FOLLOWING TOO CLOSELY,S OLD STATE ROAD 37 & W HOBART,39.01368968,-86.54097966,"39.01368968,-86.54097966",2015-05-07
902443250,2015,05,01,Weekday,1900,2-Car,Non-incapacitating,DRIVER DISTRACTED - EXPLAIN IN NARRATIVE,N SKIRVIN & SR45E,39.22681256,-86.43548939,"39.22681256,-86.43548939",2015-05-01
902443286,2015,05,02,Weekday,0700,1-Car,No injury/unknown,UNSAFE SPEED,E FENBROOK,39.15850067,-86.47673034,"39.15850067,-86.47673034",2015-05-02
902443306,2015,05,02,Weekday,1100,2-Car,No injury/unknown,UNSAFE BACKING,N FEE,39.175152,-86.518992,"39.175152,-86.518992",2015-05-02
902443308,2015,05,02,Weekday,1200,1-Car,Non-incapacitating,SPEED TOO FAST FOR WEATHER CONDITIONS,DUNN & OLD STATE ROAD 37,39.208048,-86.528704,"39.208048,-86.528704",2015-05-02
902443426,2015,05,02,Weekday,1300,1-Car,Incapacitating,RAN OFF ROAD RIGHT,SR45E & TUNNEL,39.23075611,-86.42494389,"39.23075611,-86.42494389",2015-05-02
902443487,2015,05,02,Weekday,1600,2-Car,No injury/unknown,,S WALNUT,39.137264,-86.529808,"39.137264,-86.529808",2015-05-02
902443521,2015,05,02,Weekday,1300,2-Car,No injury/unknown,IMPROPER PASSING,E 3RD,39.16464,-86.5324,"39.16464,-86.5324",2015-05-02
902443549,2015,05,02,Weekday,1700,2-Car,No injury/unknown,FAILURE TO YIELD RIGHT OF WAY,20TH & DUNN,39.18184,-86.5284,"39.18184,-86.5284",2015-05-02
902443611,2015,05,02,Weekday,2000,2-Car,No injury/unknown,FAILURE TO YIELD RIGHT OF WAY,EAST ATWATER & SOUTH HIGHLAND,39.1632,-86.517584,"39.1632,-86.517584",2015-05-02
902443624,2015,05,02,Weekday,1400,2-Car,No injury/unknown,IMPROPER TURNING,S WALNUT,39.142555,-86.531238,"39.142555,-86.531238",2015-05-02
902443640,2015,05,02,Weekday,1700,2-Car,No injury/unknown,FOLLOWING TOO CLOSELY,SR45W & W JOHN WILLIAMS,39.10108185,-86.64842657,"39.10108185,-86.64842657",2015-05-02
902443641,2015,05,02,Weekday,1700,2-Car,Non-incapacitating,FOLLOWING TOO CLOSELY,SR37S & W 3RD,39.164752,-86.573104,"39.164752,-86.573104",2015-05-02
902443644,2015,05,02,Weekday,1500,2-Car,No injury/unknown,FOLLOWING TOO CLOSELY,E 10TH & SR46,39.17163351,-86.50139055,"39.17163351,-86.50139055",2015-05-02
902443693,2015,05,03,Weekday,0300,2-Car,No injury/unknown,UNSAFE SPEED,16TH & LINCOLN,39.17765469,-86.53086645,"39.17765469,-86.53086645",2015-05-03
902443769,2015,05,03,Weekday,0700,2-Car,No injury/unknown,FOLLOWING TOO CLOSELY,RIDGEVIEW & SOUTH WALNUT,39.13725255,-86.53143972,"39.13725255,-86.53143972",2015-05-03
902443977,2015,05,03,Weekday,0800,2-Car,No injury/unknown,DISREGARD SIGNAL/REG SIGN,PATTERSON & ROGERS,39.15379287,-86.53875256,"39.15379287,-86.53875256",2015-05-03
902444304,2015,05,03,Weekday,1900,Cyclist,Incapacitating,DISREGARD SIGNAL/REG SIGN,4TH & S WALNUT,39.165648,-86.5336,"39.165648,-86.5336",2015-05-03
902444315,2015,05,03,Weekday,0500,1-Car,No injury/unknown,RAN OFF ROAD RIGHT,SR37S & VICTOR,39.105552,-86.551104,"39.105552,-86.551104",2015-05-03
902444321,2015,05,03,Weekday,1500,2-Car,No injury/unknown,UNSAFE BACKING,S ROCKPORT,39.165648,-86.505792,"39.165648,-86.505792",2015-05-03
902444437,2015,05,04,Weekday,0800,2-Car,No injury/unknown,FAILURE TO YIELD RIGHT OF WAY,ROGERS & WEST KIRKWOOD,39.16660979,-86.53868324,"39.16660979,-86.53868324",2015-05-04
902444456,2015,05,03,Weekday,0700,2-Car,No injury/unknown,FAILURE TO YIELD RIGHT OF WAY,RUSSELL & SR45E,39.17763138,-86.48161112,"39.17763138,-86.48161112",2015-05-03
902444540,2015,05,04,Weekday,1200,2-Car,Non-incapacitating,DISREGARD SIGNAL/REG SIGN,SR37 & SR45W,39.148144,-86.572992,"39.148144,-86.572992",2015-05-04
902444813,2015,05,03,Weekday,1600,2-Car,No injury/unknown,FOLLOWING TOO CLOSELY,N CURRY & W PROFILE,39.17196013,-86.58297105,"39.17196013,-86.58297105",2015-05-03
902444814,2015,05,06,Weekday,0300,2-Car,No injury/unknown,IMPROPER TURNING,12TH & INDIANA,39.17409344,-86.52707853,"39.17409344,-86.52707853",2015-05-06
902444834,2015,05,06,Weekend,2100,2-Car,No injury/unknown,LEFT OF CENTER,LAKEVIEW,39.22525499,-86.60525511,"39.22525499,-86.60525511",2015-05-06
902444835,2015,05,04,Weekday,2000,1-Car,Incapacitating,OTHER (DRIVER) - EXPLAIN IN NARRATIVE,E CHAMBERS & SR37N,39.30405363,-86.51688615,"39.30405363,-86.51688615",2015-05-04
902444959,2015,05,04,Weekday,1300,1-Car,No injury/unknown,OTHER (DRIVER) - EXPLAIN IN NARRATIVE,OLD STATE ROAD 37 SOUTH & WAYSIDE,39.10917968,-86.53117015,"39.10917968,-86.53117015",2015-05-04
902444996,2015,05,05,Weekday,0800,2-Car,No injury/unknown,UNSAFE BACKING,E 10TH,39.17157747,-86.51808392,"39.17157747,-86.51808392",2015-05-05
902445088,2015,05,04,Weekday,1200,Moped/Motorcycle,Incapacitating,FAILURE TO YIELD RIGHT OF WAY,SALE & VINE,39.234384,-86.624064,"39.234384,-86.624064",2015-05-04
902445100,2015,05,05,Weekday,1700,2-Car,No injury/unknown,,EAST THIRD,39.16416496,-86.4952138,"39.16416496,-86.4952138",2015-05-05
902445112,2015,05,05,Weekday,0900,2-Car,No injury/unknown,DISREGARD SIGNAL/REG SIGN,N WALNUT & W KIRKWOOD,39.16664,-86.5336,"39.16664,-86.5336",2015-05-05
902445126,2015,05,04,Weekday,1600,2-Car,No injury/unknown,FAILURE TO YIELD RIGHT OF WAY,10TH & LINCOLN,39.171712,-86.530992,"39.171712,-86.530992",2015-05-04
902445136,2015,05,03,Weekday,2000,2-Car,No injury/unknown,DRIVER DISTRACTED - EXPLAIN IN NARRATIVE,RAUBS,39.23007314,-86.635728,"39.23007314,-86.635728",2015-05-03
902445441,2015,05,05,Weekday,2000,2-Car,No injury/unknown,FAILURE TO YIELD RIGHT OF WAY,MILLER & WALNUT,39.146944,-86.532544,"39.146944,-86.532544",2015-05-05
902445442,2015,05,05,Weekday,1800,2-Car,No injury/unknown,FOLLOWING TOO CLOSELY,SR37S & VICTOR,39.10649288,-86.55238793,"39.10649288,-86.55238793",2015-05-05
902445513,2015,05,05,Weekday,2100,1-Car,Incapacitating,RAN OFF ROAD RIGHT,E RHORER & S HARRELL,39.121808,-86.498784,"39.121808,-86.498784",2015-05-05
902445527,2015,05,06,Weekday,0100,1-Car,No injury/unknown,ANIMAL/OBJECT IN ROADWAY,WALNUT,39.186368,-86.5344,"39.186368,-86.5344",2015-05-06
902445589,2015,05,06,Weekday,0700,2-Car,No injury/unknown,FOLLOWING TOO CLOSELY,S MADISON & W COUNTRY CLUB,39.136048,-86.536992,"39.136048,-86.536992",2015-05-06
902445591,2015,05,04,Weekday,0700,2-Car,No injury/unknown,FAILURE TO YIELD RIGHT OF WAY,N SMITH & SR46W,39.210144,-86.5832,"39.210144,-86.5832",2015-05-04
902445622,2015,05,06,Weekday,0800,2-Car,No injury/unknown,FOLLOWING TOO CLOSELY,S CORY & W BLOOMFIELD,39.15710002,-86.55969008,"39.15710002,-86.55969008",2015-05-06
902445769,2015,05,06,Weekday,1000,2-Car,No injury/unknown,IMPROPER TURNING,INDIANA & KIRKWOOD,39.16664,-86.52700185,"39.16664,-86.52700185",2015-05-06
902445788,2015,05,06,Weekday,0900,1-Car,No injury/unknown,ANIMAL/OBJECT IN ROADWAY,300 N PETE ELLIS & E BRAESIDE,39.168192,-86.49504,"39.168192,-86.49504",2015-05-06
902445818,2015,05,06,Weekday,1200,Bus,No injury/unknown,UNSAFE LANE MOVEMENT,10TH & UNION,39.171472,-86.509376,"39.171472,-86.509376",2015-05-06
902445825,2015,05,06,Weekday,1100,2-Car,No injury/unknown,OTHER (DRIVER) - EXPLAIN IN NARRATIVE,SO COLLEGE MALL,39.1571027,-86.49775855,"39.1571027,-86.49775855",2015-05-06
902445834,2015,05,06,Weekday,1200,2-Car,No injury/unknown,FAILURE TO YIELD RIGHT OF WAY,N KINSER,39.222752,-86.550096,"39.222752,-86.550096",2015-05-06
902445854,2015,05,06,Weekday,1400,2-Car,No injury/unknown,UNSAFE LANE MOVEMENT,STATE RD 45 46 & WALNUT,39.186368,-86.5344,"39.186368,-86.5344",2015-05-06
902445894,2015,05,06,Weekday,1500,2-Car,Incapacitating,UNSAFE SPEED,DUNN & SR37N,39.18363953,-86.5283432,"39.18363953,-86.5283432",2015-05-06
902445895,2015,05,06,Weekday,1400,2-Car,No injury/unknown,UNSAFE BACKING,S LANDMARK,39.16103363,-86.55483245,"39.16103363,-86.55483245",2015-05-06
902445988,2015,05,06,Weekend,1900,2-Car,No injury/unknown,UNSAFE BACKING,E 3RD,39.164272,-86.50177208,"39.164272,-86.50177208",2015-05-06
902445991,2015,05,06,Weekday,1600,3+ Cars,No injury/unknown,BRAKE FAILURE OR DEFECTIVE,E 3RD,39.16424,-86.49259396,"39.16424,-86.49259396",2015-05-06
902446041,2015,05,06,Weekend,2300,2-Car,No injury/unknown,OTHER (DRIVER) - EXPLAIN IN NARRATIVE,4TH & DUNN,39.165648,-86.52793231,"39.165648,-86.52793231",2015-05-06
902446168,2015,05,07,Weekend,0900,2-Car,No injury/unknown,FAILURE TO YIELD RIGHT OF WAY,ALLEN & PEACH TREE,39.15592991,-86.55581027,"39.15592991,-86.55581027",2015-05-07
902446248,2015,05,07,Weekend,1300,2-Car,No injury/unknown,FAILURE TO YIELD RIGHT OF WAY,11TH & ROGERS,39.173184,-86.538528,"39.173184,-86.538528",2015-05-07
902446279,2015,05,07,Weekend,1500,2-Car,No injury/unknown,IMPROPER TURNING,3RD & S HIGHLAND,39.16427367,-86.51771488,"39.16427367,-86.51771488",2015-05-07
902446287,2015,05,07,Weekend,1500,2-Car,No injury/unknown,FOLLOWING TOO CLOSELY,SR37S & VERNAL,39.176544,-86.5624,"39.176544,-86.5624",2015-05-07
902446353,2015,05,07,Weekend,1700,1-Car,No injury/unknown,OVERCORRECTING/OVERSTEERING,SR37S & ZIKES,39.04670943,-86.53586743,"39.04670943,-86.53586743",2015-05-07
902446371,2015,05,07,Weekend,1900,2-Car,No injury/unknown,UNSAFE BACKING,S ROCKPORT,39.14144,-86.543632,"39.14144,-86.543632",2015-05-07
902446387,2015,05,07,Weekend,1700,2-Car,No injury/unknown,FOLLOWING TOO CLOSELY,E MOORES & S FENBROOK,39.15022016,-86.48725971,"39.15022016,-86.48725971",2015-05-07
902446398,2015,05,07,Weekend,1900,2-Car,No injury/unknown,IMPROPER TURNING,S WALKER & W 1ST,39.159648,-86.546,"39.159648,-86.546",2015-05-07
902446411,2015,05,07,Weekend,2000,1-Car,No injury/unknown,ANIMAL/OBJECT IN ROADWAY,BOTTOM & SR37N,39.11733209,-86.55792236,"39.11733209,-86.55792236",2015-05-07
902446533,2015,05,01,Weekend,0700,1-Car,No injury/unknown,ANIMAL/OBJECT IN ROADWAY,SR37N & TAPP,39.14390618,-86.57297357,"39.14390618,-86.57297357",2015-05-01
902446555,2015,05,06,Weekday,1200,1-Car,No injury/unknown,OTHER (ENVIRONMENTAL) - EXPLAIN IN NARR,S BORUFF & W BOLIN,39.10032973,-86.57021977,"39.10032973,-86.57021977",2015-05-06
902446634,2015,05,06,Weekday,1800,2-Car,No injury/unknown,OTHER (DRIVER) - EXPLAIN IN NARRATIVE,45,39.16424,-86.48664897,"39.16424,-86.48664897",2015-05-06
902446744,2015,05,01,Weekend,0300,1-Car,Incapacitating,RAN OFF ROAD RIGHT,E MONROE DAM,39.010368,-86.507216,"39.010368,-86.507216",2015-05-01
902446754,2015,05,07,Weekend,0000,2-Car,No injury/unknown,UNSAFE BACKING,8TH & WALNUT,39.169552,-86.533552,"39.169552,-86.533552",2015-05-07
902446793,2015,05,01,Weekday,2300,1-Car,No injury/unknown,RAN OFF ROAD RIGHT,SR37S & TAPP,39.13704,-86.572896,"39.13704,-86.572896",2015-05-01
902446794,2015,05,02,Weekday,0000,1-Car,No injury/unknown,ANIMAL/OBJECT IN ROADWAY,FOX HOLLOW & SR37N,39.28536159,-86.52063038,"39.28536159,-86.52063038",2015-05-02
902446944,2015,05,02,Weekday,0900,2-Car,No injury/unknown,OTHER (DRIVER) - EXPLAIN IN NARRATIVE,WEST POINTE & WOODHILL,39.1571597,-86.54823454,"39.1571597,-86.54823454",2015-05-02
902446949,2015,05,02,Weekday,0600,1-Car,No injury/unknown,ANIMAL/OBJECT IN ROADWAY,RATLIFF & STARNES,39.2168697,-86.65880658,"39.2168697,-86.65880658",2015-05-02
902447037,2015,05,06,Weekday,1500,3+ Cars,No injury/unknown,UNSAFE SPEED,SR45 & STANFORD,39.08984,-86.666304,"39.08984,-86.666304",2015-05-06
902447213,2015,05,02,Weekday,1600,3+ Cars,No injury/unknown,FOLLOWING TOO CLOSELY,7TH & SR46N,39.16713579,-86.49984108,"39.16713579,-86.49984108",2015-05-02
902447267,2015,04,01,Weekend,1700,2-Car,No injury/unknown,UNSAFE BACKING,E 10TH,39.17164591,-86.50199444,"39.17164591,-86.50199444",2015-04-01
902447296,2015,05,02,Weekday,2100,2-Car,No injury/unknown,FAILURE TO YIELD RIGHT OF WAY,ALLENDALE & WINSLOW,39.136096,-86.516,"39.136096,-86.516",2015-05-02
902447379,2015,05,04,Weekday,1600,2-Car,Incapacitating,UNSAFE SPEED,SR37 & TAPP,39.03085178,-86.55490112,"39.03085178,-86.55490112",2015-05-04
902447432,2015,05,02,Weekday,1200,2-Car,No injury/unknown,FAILURE TO YIELD RIGHT OF WAY,LANDMARK & W 3RD,39.16442983,-86.5563068,"39.16442983,-86.5563068",2015-05-02
902447593,2015,05,03,Weekday,0900,2-Car,Non-incapacitating,FAILURE TO YIELD RIGHT OF WAY,HINDS & SR45W,39.099152,-86.652,"39.099152,-86.652",2015-05-03
902447624,2015,05,03,Weekday,0800,2-Car,No injury/unknown,DISREGARD SIGNAL/REG SIGN,SR37N & VERNAL,39.176544,-86.5624,"39.176544,-86.5624",2015-05-03
902447659,2015,05,03,Weekday,1000,2-Car,No injury/unknown,UNSAFE BACKING,E 10TH,39.171648,-86.50249682,"39.171648,-86.50249682",2015-05-03
902447852,2015,05,01,Weekday,2200,1-Car,No injury/unknown,ANIMAL/OBJECT IN ROADWAY,JOHN WILLIAMS & SR45W,39.10108185,-86.64842657,"39.10108185,-86.64842657",2015-05-01
902447853,2015,05,02,Weekday,1500,1-Car,No injury/unknown,ROADWAY SURFACE CONDITION,CHAPEL HILL & SR446S,39.02923435,-86.40806318,"39.02923435,-86.40806318",2015-05-02
902447955,2015,05,02,Weekday,0600,2-Car,No injury/unknown,UNSAFE BACKING,E HILLSIDE,39.170848,-86.503696,"39.170848,-86.503696",2015-05-02
902447989,2015,05,03,Weekday,1500,2-Car,No injury/unknown,UNSAFE BACKING,COMMON & WESTMINSTER,39.13298026,-86.52176029,"39.13298026,-86.52176029",2015-05-03
902448001,2015,05,03,Weekday,1700,2-Car,Non-incapacitating,LEFT OF CENTER,N MADISON & W 17TH,39.178992,-86.537792,"39.178992,-86.537792",2015-05-03
902448098,2015,05,02,Weekday,2200,1-Car,Incapacitating,RAN OFF ROAD RIGHT,SOUTH HANDY,39.09397888,-86.49208068,"39.09397888,-86.49208068",2015-05-02
902448153,2015,05,03,Weekday,1300,2-Car,No injury/unknown,UNSAFE LANE MOVEMENT,3RD & FACULTY,39.164352,-86.52126441,"39.164352,-86.52126441",2015-05-03
902448177,2015,02,02,Weekday,0900,1-Car,No injury/unknown,SPEED TOO FAST FOR WEATHER CONDITIONS,SR37 & WAYPORT,39.263024,-86.52264,"39.263024,-86.52264",2015-02-02
902448179,2015,05,03,Weekday,0800,3+ Cars,Non-incapacitating,FOLLOWING TOO CLOSELY,SR37 & VERNAL,39.17639627,-86.56260897,"39.17639627,-86.56260897",2015-05-03
902448207,2015,05,03,Weekday,0700,2-Car,No injury/unknown,FOLLOWING TOO CLOSELY,BOLIN & VICTOR,39.10024993,-86.55795,"39.10024993,-86.55795",2015-05-03
902448209,2015,05,04,Weekday,0700,2-Car,No injury/unknown,UNSAFE LANE MOVEMENT,SMITH & SR46E,39.210144,-86.5832,"39.210144,-86.5832",2015-05-04
902448241,2015,05,04,Weekday,1000,2-Car,No injury/unknown,UNSAFE BACKING,S COLLEGE MALL,39.15357139,-86.4978567,"39.15357139,-86.4978567",2015-05-04
902448433,2015,05,04,Weekday,1200,2-Car,No injury/unknown,DISREGARD SIGNAL/REG SIGN,17TH & DUNN,39.17904,-86.5284,"39.17904,-86.5284",2015-05-04
902448448,2015,05,04,Weekday,1300,2-Car,No injury/unknown,FAILURE TO YIELD RIGHT OF WAY,FULLERTON & SR37S,39.12221146,-86.57353973,"39.12221146,-86.57353973",2015-05-04
902448620,2015,05,04,Weekday,1800,3+ Cars,No injury/unknown,FOLLOWING TOO CLOSELY,E WINSLOW & S WALNUT STREET,39.136144,-86.528688,"39.136144,-86.528688",2015-05-04
902448624,2015,05,04,Weekday,1700,3+ Cars,Non-incapacitating,FAILURE TO YIELD RIGHT OF WAY,GRAHAM & ROGERS,39.13992,-86.538416,"39.13992,-86.538416",2015-05-04
902448648,2015,05,04,Weekday,1400,2-Car,Incapacitating,FAILURE TO YIELD RIGHT OF WAY,N ROGERS & W 8TH,39.169584,-86.538576,"39.169584,-86.538576",2015-05-04
902448725,2015,05,04,Weekday,0700,2-Car,No injury/unknown,UNSAFE LANE MOVEMENT,SR37N & VERNAL,39.1807259,-86.55787222,"39.1807259,-86.55787222",2015-05-04
902448732,2015,05,04,Weekday,1000,2-Car,No injury/unknown,IMPROPER TURNING,E 3RD,39.16424,-86.49425989,"39.16424,-86.49425989",2015-05-04
902448745,2015,05,05,Weekday,0600,1-Car,No injury/unknown,ANIMAL/OBJECT IN ROADWAY,SOUTH OLD STATE ROAD 37 & SR37S,39.08660818,-86.54353988,"39.08660818,-86.54353988",2015-05-05
902448765,2015,05,04,Weekday,1200,2-Car,No injury/unknown,FOLLOWING TOO CLOSELY,SR37N & VERNAL,39.17469734,-86.56501204,"39.17469734,-86.56501204",2015-05-04
902448780,2015,05,05,Weekday,0700,1-Car,No injury/unknown,,1ST & MORTON,39.159472,-86.536272,"39.159472,-86.536272",2015-05-05
902448842,2015,05,04,Weekday,1200,2-Car,No injury/unknown,FAILURE TO YIELD RIGHT OF WAY,CURRY & VERNAL,39.17915985,-86.58308029,"39.17915985,-86.58308029",2015-05-04
902449156,2015,05,03,Weekday,2000,1-Car,Incapacitating,RAN OFF ROAD RIGHT,OLD STATE ROAD 37 & WILEY,39.251296,-86.500832,"39.251296,-86.500832",2015-05-03
902449228,2015,05,02,Weekday,1500,2-Car,Incapacitating,SPEED TOO FAST FOR WEATHER CONDITIONS,CHAPEL & SR446S,39.18135445,-86.40534811,"39.18135445,-86.40534811",2015-05-02
902449487,2015,05,05,Weekday,2200,2-Car,No injury/unknown,UNSAFE BACKING,E 2ND,39.16099191,-86.51598885,"39.16099191,-86.51598885",2015-05-05
902449491,2015,05,05,Weekday,0700,2-Car,No injury/unknown,FOLLOWING TOO CLOSELY,SR37 & VERNAL PIKE,39.19513144,-86.56252288,"39.19513144,-86.56252288",2015-05-05
902449496,2015,05,06,Weekday,0000,Moped/Motorcycle,Incapacitating,ACCELERATOR FAILURE OR DEFECTIVE,W RAPPEL,39.187683,-86.54618,"39.187683,-86.54618",2015-05-06
902449588,2015,05,05,Weekday,0100,2-Car,No injury/unknown,FAILURE TO YIELD RIGHT OF WAY,OLD STATE ROAD 37,39.138688,-86.465968,"39.138688,-86.465968",2015-05-05
902449700,2015,05,06,Weekday,1000,2-Car,No injury/unknown,UNSAFE BACKING,DUNN & KIRKWOOD,39.16664,-86.52808615,"39.16664,-86.52808615",2015-05-06
902449804,2015,05,06,Weekday,1300,2-Car,Non-incapacitating,FAILURE TO YIELD RIGHT OF WAY,2ND & WALKER,39.16142978,-86.54614023,"39.16142978,-86.54614023",2015-05-06
902449897,2015,05,06,Weekend,1900,2-Car,Incapacitating,DISREGARD SIGNAL/REG SIGN,2ND & COLLEGE,39.16144,-86.534848,"39.16144,-86.534848",2015-05-06
902449919,2015,05,02,Weekday,1500,2-Car,No injury/unknown,FOLLOWING TOO CLOSELY,S FAIRFAX & S WALNUT STREET,39.10715997,-86.52650982,"39.10715997,-86.52650982",2015-05-02
902449979,2015,05,07,Weekend,0100,1-Car,No injury/unknown,ANIMAL/OBJECT IN ROADWAY,E POINTE & POINTE VIEW,39.03492004,-86.50864329,"39.03492004,-86.50864329",2015-05-07
902450078,2015,05,07,Weekend,0900,2-Car,No injury/unknown,UNSAFE BACKING,WEST ALLEN,39.155708,-86.548507,"39.155708,-86.548507",2015-05-07
902450108,2015,05,07,Weekend,1200,2-Car,No injury/unknown,FOLLOWING TOO CLOSELY,COUNTRY CLUB & ROCKPORT,39.136448,-86.548704,"39.136448,-86.548704",2015-05-07
902450202,2015,05,07,Weekend,1400,2-Car,No injury/unknown,DRIVER DISTRACTED - EXPLAIN IN NARRATIVE,SR37 & W 3RD,39.164752,-86.573104,"39.164752,-86.573104",2015-05-07
902450355,2015,05,07,Weekend,1300,Pedestrian,Non-incapacitating,PEDESTRIAN ACTION,6TH & GRANT,39.167712,-86.529696,"39.167712,-86.529696",2015-05-07
902450425,2015,05,01,Weekend,0700,2-Car,No injury/unknown,OTHER (VEHICLE) - EXPLAIN IN NARRATIVE,COUNTRYSIDE,39.132704,-86.544432,"39.132704,-86.544432",2015-05-01
902450434,2015,05,01,Weekend,1000,2-Car,No injury/unknown,WRONG WAY ON ONE WAY,ATWATER & MITCHELL,39.16308001,-86.5141797,"39.16308001,-86.5141797",2015-05-01
902450463,2015,05,06,Weekday,1600,2-Car,No injury/unknown,FAILURE TO YIELD RIGHT OF WAY,S CURRY & SR45W,39.142048,-86.582592,"39.142048,-86.582592",2015-05-06
902450514,2015,05,01,Weekend,1200,1-Car,Incapacitating,RAN OFF ROAD RIGHT,GROSS & KNIGHTRIDGE,39.12668981,-86.435733,"39.12668981,-86.435733",2015-05-01
902450585,2015,05,07,Weekend,1600,2-Car,No injury/unknown,BRAKE FAILURE OR DEFECTIVE,S LEONARD SPRINGS,39.142048,-86.582592,"39.142048,-86.582592",2015-05-07
902450586,2015,05,01,Weekend,1500,2-Car,No injury/unknown,ENGINE FAILURE OR DEFECTIVE,SR37S & W TAPP,39.13704,-86.572896,"39.13704,-86.572896",2015-05-01
902450713,2015,05,01,Weekend,1200,2-Car,No injury/unknown,UNSAFE BACKING,WEST SR 45,39.161296,-86.589792,"39.161296,-86.589792",2015-05-01
902450842,2015,05,06,Weekend,2000,2-Car,Incapacitating,FAILURE TO YIELD RIGHT OF WAY,SR37S & WEST SMITHVILLE,39.071056,-86.5356,"39.071056,-86.5356",2015-05-06
902450952,2015,05,03,Weekday,0100,2-Car,No injury/unknown,UNSAFE BACKING,ALEXANDER & W 11TH,39.173344,-86.549296,"39.173344,-86.549296",2015-05-03
902451071,2015,05,03,Weekday,0900,1-Car,No injury/unknown,OTHER (ENVIRONMENTAL) - EXPLAIN IN NARR,N COLLEGE,39.168656,-86.534784,"39.168656,-86.534784",2015-05-03
902451165,2015,05,03,Weekday,0800,2-Car,No injury/unknown,FOLLOWING TOO CLOSELY,N OLD SR 37 & N WALNUT,39.20704,-86.534704,"39.20704,-86.534704",2015-05-03
902451187,2015,05,03,Weekday,0900,2-Car,Non-incapacitating,FOLLOWING TOO CLOSELY,SMITH & WALNUT,39.17342398,-86.53362974,"39.17342398,-86.53362974",2015-05-03
902451275,2015,05,03,Weekday,0900,2-Car,Non-incapacitating,DISREGARD SIGNAL/REG SIGN,CURRY & SR 45,39.142048,-86.582592,"39.142048,-86.582592",2015-05-03
902451287,2015,05,03,Weekday,0900,2-Car,No injury/unknown,DISREGARD SIGNAL/REG SIGN,GRIMES & WALNUT,39.15335029,-86.53371021,"39.15335029,-86.53371021",2015-05-03
902451323,2015,05,03,Weekday,0900,Bus,No injury/unknown,FAILURE TO YIELD RIGHT OF WAY,LINDBERGH & W 15TH,39.176848,-86.552592,"39.176848,-86.552592",2015-05-03
902451616,2015,05,03,Weekday,1600,2-Car,No injury/unknown,FOLLOWING TOO CLOSELY,EAST 3RD & PARK RIDGE,39.16424,-86.476096,"39.16424,-86.476096",2015-05-03
902451618,2015,05,03,Weekday,2000,2-Car,No injury/unknown,UNSAFE BACKING,E KIRKWOOD,39.16664,-86.52923559,"39.16664,-86.52923559",2015-05-03
902451635,2015,05,03,Weekday,1400,2-Car,No injury/unknown,FOLLOWING TOO CLOSELY,S PATTERSON & W 2ND,39.16074984,-86.54850997,"39.16074984,-86.54850997",2015-05-03