Master Record Number,Year,Month,Day,Weekend?,Hour,Collision Type,Injury Type,Primary Factor,Reported_Location,Latitude,Longitude,Location,Date
902451690,2015,05,03,Weekday,2200,2-Car,No injury/unknown,DISREGARD SIGNAL/REG SIGN,CAMPBELL & PARK,39.2291797,-86.61852031,"39.2291797,-86.61852031",2015-05-03
902451734,2015,05,01,Weekend,0300,2-Car,No injury/unknown,DRIVER DISTRACTED - EXPLAIN IN NARRATIVE,GRANT & SIXTH,39.16753985,-86.52979016,"39.16753985,-86.52979016",2015-05-01
902451845,2015,05,05,Weekday,1700,Moped/Motorcycle,Incapacitating,OVERCORRECTING/OVERSTEERING,DEPOT & SR46W,39.23006821,-86.61717987,"39.23006821,-86.61717987",2015-05-05
902451870,2015,05,03,Weekday,1400,2-Car,Non-incapacitating,FAILURE TO YIELD RIGHT OF WAY,10TH & CAMPBELL,39.17158999,-86.51394031,"39.17158999,-86.51394031",2015-05-03
902451875,2015,05,04,Weekday,0900,2-Car,No injury/unknown,FAILURE TO YIELD RIGHT OF WAY,2ND & S WALNUT,39.16144,-86.5336,"39.16144,-86.5336",2015-05-04
902451912,2015,05,04,Weekday,1000,2-Car,No injury/unknown,BRAKE FAILURE OR DEFECTIVE,SR45E & SR46E,39.171648,-86.502096,"39.171648,-86.502096",2015-05-04
902452043,2015,05,06,Weekday,0800,2-Car,No injury/unknown,FAILURE TO YIELD RIGHT OF WAY,PAUL & SR46W,39.229904,-86.619136,"39.229904,-86.619136",2015-05-06
902452142,2015,05,04,Weekday,1600,2-Car,Non-incapacitating,FOLLOWING TOO CLOSELY,S MADISON & W 2ND,39.161488,-86.537296,"39.161488,-86.537296",2015-05-04
902452144,2015,05,01,Weekday,2200,2-Car,No injury/unknown,FOLLOWING TOO CLOSELY,SR37N & WAYPORT,39.263024,-86.52264,"39.263024,-86.52264",2015-05-01
902452263,2015,05,05,Weekday,0000,1-Car,No injury/unknown,ANIMAL/OBJECT IN ROADWAY,611 CHURCH & ROGERS,39.10738864,-86.54138997,"39.10738864,-86.54138997",2015-05-05
902452352,2015,05,05,Weekday,0700,2-Car,No injury/unknown,FAILURE TO YIELD RIGHT OF WAY,3RD & CLARIZZ,39.16424,-86.49115281,"39.16424,-86.49115281",2015-05-05
902452445,2015,05,05,Weekday,0700,1-Car,No injury/unknown,DRIVER DISTRACTED - EXPLAIN IN NARRATIVE,SOUTH COLLEGE,39.16115717,-86.53485253,"39.16115717,-86.53485253",2015-05-05
902452446,2015,05,05,Weekday,0700,Cyclist,Incapacitating,FAILURE TO YIELD RIGHT OF WAY,N KINSER & W PARRISH,39.188144,-86.5376,"39.188144,-86.5376",2015-05-05
902452473,2015,05,05,Weekday,0900,1-Car,No injury/unknown,IMPROPER TURNING,WOODSCREST,39.16260391,-86.50236256,"39.16260391,-86.50236256",2015-05-05
902452616,2015,05,05,Weekday,1200,2-Car,No injury/unknown,FOLLOWING TOO CLOSELY,EAST 10TH & INDIANA,39.17168,-86.527024,"39.17168,-86.527024",2015-05-05
902452620,2015,05,05,Weekday,1200,2-Car,No injury/unknown,FAILURE TO YIELD RIGHT OF WAY,COTTAGE GROVE & FORREST,39.17252004,-86.5224,"39.17252004,-86.5224",2015-05-05
902452630,2015,05,05,Weekday,1100,2-Car,No injury/unknown,OTHER (DRIVER) - EXPLAIN IN NARRATIVE,E 3RD & KINGSTON,39.16424,-86.492944,"39.16424,-86.492944",2015-05-05
902452704,2015,05,05,Weekday,1200,2-Car,No injury/unknown,UNSAFE BACKING,1201 E 3RD EAST SERVICE & 3RD,39.164448,-86.471888,"39.164448,-86.471888",2015-05-05
902452714,2015,05,05,Weekday,1300,2-Car,No injury/unknown,IMPROPER LANE USAGE,PETE ELLIS & SR46E,39.16424,-86.49455879,"39.16424,-86.49455879",2015-05-05
902452831,2015,05,04,Weekday,0700,1-Car,No injury/unknown,ANIMAL/OBJECT IN ROADWAY,E SMITHVILLE & S FIDLER,39.0710903,-86.50876515,"39.0710903,-86.50876515",2015-05-04
902452872,2015,05,05,Weekday,2000,2-Car,No injury/unknown,OTHER (DRIVER) - EXPLAIN IN NARRATIVE,DUNN & KIRKWOOD,39.16664,-86.52925047,"39.16664,-86.52925047",2015-05-05
902452873,2015,05,05,Weekday,1400,2-Car,No injury/unknown,IMPROPER TURNING,10TH & COLLEGE,39.171744,-86.534768,"39.171744,-86.534768",2015-05-05
902452896,2015,05,05,Weekday,1600,2-Car,No injury/unknown,FAILURE TO YIELD RIGHT OF WAY,E HILLSIDE & S WASHINGTON,39.15056,-86.5324,"39.15056,-86.5324",2015-05-05
902452901,2015,05,05,Weekday,1600,2-Car,Non-incapacitating,DISREGARD SIGNAL/REG SIGN,E 6TH & N WALNUT,39.167648,-86.533584,"39.167648,-86.533584",2015-05-05
902452955,2015,05,05,Weekday,2300,1-Car,No injury/unknown,IMPROPER TURNING,WOODSCREST,39.16260391,-86.50236256,"39.16260391,-86.50236256",2015-05-05
902452971,2015,05,05,Weekday,2200,2-Car,No injury/unknown,FOLLOWING TOO CLOSELY,45 46 BYPASS & WALNUT,39.18637969,-86.53453968,"39.18637969,-86.53453968",2015-05-05
902491808,2015,07,06,Weekday,0900,2-Car,No injury/unknown,FAILURE TO YIELD RIGHT OF WAY,3RD & GRANT,39.16464,-86.529728,"39.16464,-86.529728",2015-07-06
902491888,2015,07,06,Weekday,1000,2-Car,No injury/unknown,DRIVER DISTRACTED - EXPLAIN IN NARRATIVE,LAKE VIEW & SR46W,39.22571945,-86.60507861,"39.22571945,-86.60507861",2015-07-06
902491899,2015,07,06,Weekday,1000,2-Car,No injury/unknown,DISREGARD SIGNAL/REG SIGN,3RD & WALNUT,39.16464,-86.5336,"39.16464,-86.5336",2015-07-06
902492137,2015,07,04,Weekday,0800,2-Car,No injury/unknown,DRIVER DISTRACTED - EXPLAIN IN NARRATIVE,ARLINGTON & SR46W,39.20909594,-86.58159662,"39.20909594,-86.58159662",2015-07-04
902492138,2015,07,04,Weekday,1200,2-Car,Non-incapacitating,DRIVER ILLNESS,BOTTOM & SR37N,39.28170383,-86.55792236,"39.28170383,-86.55792236",2015-07-04
902492140,2015,07,05,Weekday,1700,2-Car,No injury/unknown,FOLLOWING TOO CLOSELY,ACUFF & SR37N,39.20824,-86.554704,"39.20824,-86.554704",2015-07-05
902492254,2015,07,06,Weekday,1300,2-Car,No injury/unknown,UNSAFE BACKING,E 10TH,39.171504,-86.49504533,"39.171504,-86.49504533",2015-07-06
902492276,2015,07,06,Weekday,1700,2-Car,No injury/unknown,FAILURE TO YIELD RIGHT OF WAY,N FAIRVIEW & W 11TH,39.173152,-86.5408,"39.173152,-86.5408",2015-07-06
902492352,2015,07,06,Weekday,1700,2-Car,No injury/unknown,UNSAFE BACKING,E VARSITY,39.183132,-86.531143,"39.183132,-86.531143",2015-07-06
902492362,2015,07,06,Weekend,1900,2-Car,No injury/unknown,FOLLOWING TOO CLOSELY,LEONARD SPRINGS & TAPP,39.13704,-86.582512,"39.13704,-86.582512",2015-07-06
902492368,2015,07,06,Weekend,2000,2-Car,Non-incapacitating,DISREGARD SIGNAL/REG SIGN,SR37 & WEST 3RD,39.164752,-86.573104,"39.164752,-86.573104",2015-07-06
902492435,2015,08,07,Weekend,0300,1-Car,No injury/unknown,ANIMAL/OBJECT IN ROADWAY,DILLMAN & OLD STATE ROAD 37,39.092944,-86.544,"39.092944,-86.544",2015-08-07
902492510,2015,08,07,Weekend,0900,2-Car,No injury/unknown,FOLLOWING TOO CLOSELY,SR37N & VERNAL,39.176544,-86.5624,"39.176544,-86.5624",2015-08-07
902492516,2015,07,06,Weekday,1200,2-Car,No injury/unknown,FAILURE TO YIELD RIGHT OF WAY,W 2ND,39.16144727,-86.53510982,"39.16144727,-86.53510982",2015-07-06
902492524,2015,07,05,Weekday,2200,Moped/Motorcycle,Non-incapacitating,ROADWAY SURFACE CONDITION,SOUTH OLD STATE ROAD 37 & SR37,39.08590789,-86.54269661,"39.08590789,-86.54269661",2015-07-05
902492538,2015,08,07,Weekend,1200,2-Car,No injury/unknown,,MULLER,39.16180998,-86.56743228,"39.16180998,-86.56743228",2015-08-07
902492570,2015,08,07,Weekend,1300,2-Car,No injury/unknown,IMPROPER TURNING,N COLLEGE & W 10TH,39.171744,-86.534768,"39.171744,-86.534768",2015-08-07
902492579,2015,08,07,Weekend,1300,2-Car,No injury/unknown,UNSAFE LANE MOVEMENT,E 3RD & S COLLEGE MALL,39.16424,-86.4984,"39.16424,-86.4984",2015-08-07
902492592,2015,07,05,Weekday,1600,2-Car,No injury/unknown,FAILURE TO YIELD RIGHT OF WAY,RIDGEWAY & SR46W,39.24266815,-86.61257171,"39.24266815,-86.61257171",2015-07-05
902492698,2015,08,07,Weekend,1800,3+ Cars,Non-incapacitating,FOLLOWING TOO CLOSELY,SR37S & W VERNAL,39.17662048,-86.56252288,"39.17662048,-86.56252288",2015-08-07
902492778,2015,08,01,Weekend,0300,1-Car,No injury/unknown,RAN OFF ROAD RIGHT,4310 LEONARD SPRINGS & HORNED OWL,39.123908,-86.586418,"39.123908,-86.586418",2015-08-01
902492878,2015,08,07,Weekend,0900,1-Car,No injury/unknown,ANIMAL/OBJECT IN ROADWAY,OLD STATE ROAD 37 & PRAIRIE,39.22182884,-86.51295095,"39.22182884,-86.51295095",2015-08-07
902492880,2015,08,01,Weekend,1000,2-Car,No injury/unknown,OTHER (ENVIRONMENTAL) - EXPLAIN IN NARR,ANDY & NATASHA,39.20144968,-86.58831998,"39.20144968,-86.58831998",2015-08-01
902492886,2015,08,01,Weekend,0700,1-Car,No injury/unknown,RAN OFF ROAD RIGHT,37 & DEPOT HILL,39.01436996,-86.53695699,"39.01436996,-86.53695699",2015-08-01
902492905,2015,08,01,Weekend,1300,2-Car,Non-incapacitating,DISREGARD SIGNAL/REG SIGN,S ROGERS & W 2ND,39.16140027,-86.53867028,"39.16140027,-86.53867028",2015-08-01
902492942,2015,07,07,Weekend,2200,2-Car,No injury/unknown,FAILURE TO YIELD RIGHT OF WAY,PAYNETOWN STATE RECREATION & SR446S,39.092112,-86.422832,"39.092112,-86.422832",2015-07-07
902492976,2015,08,01,Weekend,1500,2-Car,Non-incapacitating,FOLLOWING TOO CLOSELY,MATTHEWS & SR46W,39.23486597,-86.62650775,"39.23486597,-86.62650775",2015-08-01
902493088,2015,08,07,Weekend,1500,2-Car,No injury/unknown,UNSAFE BACKING,S LEONARD SPRINGS,39.14187494,-86.58259037,"39.14187494,-86.58259037",2015-08-07
902493089,2015,07,05,Weekday,2200,1-Car,No injury/unknown,UNSAFE SPEED,SOUTH RENDY & WEST ELLER,39.122208,-86.615792,"39.122208,-86.615792",2015-07-05
902493090,2015,07,03,Weekday,1700,2-Car,No injury/unknown,FAILURE TO YIELD RIGHT OF WAY,LEONARD SPRINGS & WALNUT LEAF,39.14072278,-86.5825795,"39.14072278,-86.5825795",2015-07-03
902493091,2015,07,05,Weekday,1500,2-Car,No injury/unknown,UNSAFE BACKING,MOFFETT & ORNAMENTAL,39.09497964,-86.50345019,"39.09497964,-86.50345019",2015-07-05
902493093,2015,08,07,Weekend,1400,Pedestrian,No injury/unknown,OTHER (VEHICLE) - EXPLAIN IN NARRATIVE,W AIRPORT,39.136848,-86.606,"39.136848,-86.606",2015-08-07
902493135,2015,08,01,Weekday,2200,1-Car,Incapacitating,RAN OFF ROAD RIGHT,EAST BOLTINGHOUSE,39.22621155,-86.47346496,"39.22621155,-86.47346496",2015-08-01
902493439,2015,08,02,Weekday,1200,2-Car,No injury/unknown,OTHER (DRIVER) - EXPLAIN IN NARRATIVE,S LIBERTY & W 3RD,39.16461021,-86.57913006,"39.16461021,-86.57913006",2015-08-02
902493516,2015,08,02,Weekday,0600,1-Car,No injury/unknown,ANIMAL/OBJECT IN ROADWAY,GORE & OLD STATE ROAD 37,39.032544,-86.541696,"39.032544,-86.541696",2015-08-02
902493546,2015,08,02,Weekday,1300,1-Car,No injury/unknown,OTHER (DRIVER) - EXPLAIN IN NARRATIVE,1600 N FEE (PLAZA) & FEE,39.171584,-86.518688,"39.171584,-86.518688",2015-08-02
902493818,2015,08,01,Weekend,0000,2-Car,No injury/unknown,,S COBBLE CREEK,39.15320206,-86.48282623,"39.15320206,-86.48282623",2015-08-01
902493903,2015,08,02,Weekday,1600,2-Car,Non-incapacitating,FAILURE TO YIELD RIGHT OF WAY,HILLSIDE & WALNUT,39.15051989,-86.53366997,"39.15051989,-86.53366997",2015-08-02
902493910,2015,08,02,Weekday,1300,2-Car,No injury/unknown,IMPROPER LANE USAGE,S COLLEGE & W 4TH,39.16558988,-86.53488971,"39.16558988,-86.53488971",2015-08-02
902493923,2015,08,02,Weekday,2000,1-Car,Non-incapacitating,ANIMAL/OBJECT IN ROADWAY,SR37N & WALNUT,39.250688,-86.529744,"39.250688,-86.529744",2015-08-02
902493983,2015,08,01,Weekday,1900,1-Car,Non-incapacitating,RAN OFF ROAD RIGHT,REEVES & TERRY,39.231312,-86.637488,"39.231312,-86.637488",2015-08-01
902493994,2015,08,01,Weekday,2300,1-Car,Non-incapacitating,RAN OFF ROAD RIGHT,E MONROE DAM,39.010368,-86.507216,"39.010368,-86.507216",2015-08-01
902494027,2015,07,06,Weekend,2100,2-Car,No injury/unknown,FAILURE TO YIELD RIGHT OF WAY,KIRKWOOD & WALNUT,39.16664,-86.5336,"39.16664,-86.5336",2015-07-06
902494036,2015,08,02,Weekday,2300,1-Car,No injury/unknown,DISREGARD SIGNAL/REG SIGN,7TH & ADAMS,39.168576,-86.5496,"39.168576,-86.5496",2015-08-02
902494195,2015,07,01,Weekend,1300,1-Car,No injury/unknown,RAN OFF ROAD RIGHT,MAPLE GROVE,39.24498749,-86.63020324,"39.24498749,-86.63020324",2015-07-01
902494347,2015,08,02,Weekday,1900,2-Car,No injury/unknown,FAILURE TO YIELD RIGHT OF WAY,SOUTH MADISON & WEST KIRKWOOD,39.166656,-86.537296,"39.166656,-86.537296",2015-08-02
902494535,2015,08,02,Weekday,0900,2-Car,No injury/unknown,FOLLOWING TOO CLOSELY,ARLINGTON & SR46,39.187184,-86.551408,"39.187184,-86.551408",2015-08-02
902494609,2015,08,03,Weekday,1400,2-Car,Non-incapacitating,FOLLOWING TOO CLOSELY,BLOOMFIELD & STONE,39.15317955,-86.56602949,"39.15317955,-86.56602949",2015-08-03
902494754,2015,08,04,Weekday,0300,1-Car,No injury/unknown,RAN OFF ROAD RIGHT,NORTH OAK & WEST KIRKWOOD,39.166784,-86.5468,"39.166784,-86.5468",2015-08-04
902494892,2015,08,04,Weekday,0800,2-Car,No injury/unknown,OTHER (DRIVER) - EXPLAIN IN NARRATIVE,45,39.16424,-86.49268147,"39.16424,-86.49268147",2015-08-04
902495064,2015,08,03,Weekday,1500,2-Car,Non-incapacitating,DISREGARD SIGNAL/REG SIGN,OLD 37 & W CHURCH,39.10725988,-86.53149001,"39.10725988,-86.53149001",2015-08-03
902495210,2015,08,04,Weekday,1500,Bus,No injury/unknown,UNSAFE BACKING,CUSTER & TECUMSEH,39.221952,-86.626352,"39.221952,-86.626352",2015-08-04
902495211,2015,08,04,Weekday,1600,2-Car,No injury/unknown,IMPROPER TURNING,LOUDEN & REEVES,39.231344,-86.640096,"39.231344,-86.640096",2015-08-04
902495263,2015,08,02,Weekday,2300,2-Car,No injury/unknown,OTHER (VEHICLE) - EXPLAIN IN NARRATIVE,WAYPORT,39.26361084,-86.5217514,"39.26361084,-86.5217514",2015-08-02
902503983,2015,08,05,Weekday,1700,2-Car,No injury/unknown,IMPROPER TURNING,E 10TH,39.17149326,-86.51131082,"39.17149326,-86.51131082",2015-08-05
902504012,2015,08,05,Weekday,1700,2-Car,No injury/unknown,IMPROPER TURNING,E 9TH & N COLLEGE,39.17045112,-86.53484836,"39.17045112,-86.53484836",2015-08-05
902504147,2015,08,04,Weekday,1200,2-Car,No injury/unknown,IMPROPER TURNING,E 3RD,39.16456,-86.5550845,"39.16456,-86.5550845",2015-08-04
902504159,2015,08,05,Weekday,1100,2-Car,No injury/unknown,OTHER (DRIVER) - EXPLAIN IN NARRATIVE,SOUTH WALNUT,39.13432546,-86.52733091,"39.13432546,-86.52733091",2015-08-05
902504182,2015,08,04,Weekday,0700,2-Car,No injury/unknown,FAILURE TO YIELD RIGHT OF WAY,THAT & VICTOR,39.11464,-86.5464,"39.11464,-86.5464",2015-08-04
902504183,2015,08,05,Weekday,0800,2-Car,No injury/unknown,FAILURE TO YIELD RIGHT OF WAY,N MATTHEWS & W MAPLE GROVE,39.245408,-86.6204,"39.245408,-86.6204",2015-08-05
902504204,2015,08,06,Weekday,0900,1-Car,No injury/unknown,OTHER (DRIVER) - EXPLAIN IN NARRATIVE,W 3RD ST,39.16424,-86.4908,"39.16424,-86.4908",2015-08-06
902504208,2015,07,07,Weekend,1000,2-Car,Non-incapacitating,DISREGARD SIGNAL/REG SIGN,COLLEGE & KIRKWOOD,39.16664,-86.5348,"39.16664,-86.5348",2015-07-07
902504223,2015,08,06,Weekday,0900,Cyclist,Incapacitating,FAILURE TO YIELD RIGHT OF WAY,298 W COUNTRY CLUB & S MADISON,39.136524,-86.53554796,"39.136524,-86.53554796",2015-08-06
902504233,2015,08,06,Weekday,0900,2-Car,No injury/unknown,OTHER (DRIVER) - EXPLAIN IN NARRATIVE,EAST 3RD,39.16464,-86.569392,"39.16464,-86.569392",2015-08-06
902504329,2015,08,06,Weekday,1100,2-Car,No injury/unknown,UNSAFE LANE MOVEMENT,E 13TH,39.17528947,-86.52226906,"39.17528947,-86.52226906",2015-08-06
902504335,2015,08,06,Weekday,0800,2-Car,No injury/unknown,FAILURE TO YIELD RIGHT OF WAY,W 15TH,39.176848,-86.552592,"39.176848,-86.552592",2015-08-06
902504344,2015,08,06,Weekday,0200,2-Car,No injury/unknown,,VARSITY,39.18330765,-86.52940368,"39.18330765,-86.52940368",2015-08-06
902504365,2015,08,06,Weekday,1300,2-Car,No injury/unknown,IMPROPER PASSING,E 3RD & OVERHILL,39.164272,-86.501488,"39.164272,-86.501488",2015-08-06
902504376,2015,08,06,Weekday,1100,2-Car,Incapacitating,FOLLOWING TOO CLOSELY,E 3RD & SO JEFFERSON,39.164304,-86.506992,"39.164304,-86.506992",2015-08-06
902504429,2015,08,06,Weekday,1400,2-Car,Incapacitating,FAILURE TO YIELD RIGHT OF WAY,3RD & GRANT,39.16464,-86.529728,"39.16464,-86.529728",2015-08-06
902504443,2015,08,06,Weekday,1500,2-Car,No injury/unknown,FOLLOWING TOO CLOSELY,ATWATER & FESS,39.163328,-86.525808,"39.163328,-86.525808",2015-08-06
902504579,2015,08,06,Weekday,1700,3+ Cars,No injury/unknown,FOLLOWING TOO CLOSELY,SOUTH HICKORY LEAF & SR45W,39.145152,-86.5776,"39.145152,-86.5776",2015-08-06
902504603,2015,08,06,Weekday,1700,2-Car,Non-incapacitating,FOLLOWING TOO CLOSELY,E 3RD & SOUTH COLLEGE MALL,39.16424,-86.4984,"39.16424,-86.4984",2015-08-06
902504613,2015,08,04,Weekday,1400,2-Car,No injury/unknown,UNSAFE BACKING,W FULLERTON,39.123376,-86.58224,"39.123376,-86.58224",2015-08-04
902504614,2015,08,04,Weekday,1900,1-Car,Non-incapacitating,RAN OFF ROAD RIGHT,LEISURE & S FAIRFAX,39.07247968,-86.50356017,"39.07247968,-86.50356017",2015-08-04
902504615,2015,08,05,Weekday,1600,2-Car,No injury/unknown,,S LEONARD SPRINGS & SR45W,39.14145928,-86.58418054,"39.14145928,-86.58418054",2015-08-05
902504619,2015,08,06,Weekday,1300,1-Car,No injury/unknown,RAN OFF ROAD RIGHT,HIGH & ROGERS,39.13642257,-86.50816967,"39.13642257,-86.50816967",2015-08-06
902504639,2015,08,05,Weekday,1600,1-Car,No injury/unknown,IMPROPER TURNING,S WALNUT,39.15422171,-86.5336,"39.15422171,-86.5336",2015-08-05
902504667,2015,08,06,Weekend,2300,2-Car,No injury/unknown,IMPROPER TURNING,INDIANA & KIRKWOOD,39.16691459,-86.52690396,"39.16691459,-86.52690396",2015-08-06
902504673,2015,08,07,Weekend,0300,2-Car,No injury/unknown,FAILURE TO YIELD RIGHT OF WAY,3RD & GRANT,39.16464,-86.529728,"39.16464,-86.529728",2015-08-07
902504684,2015,08,06,Weekend,2200,2-Car,No injury/unknown,OTHER (DRIVER) - EXPLAIN IN NARRATIVE,EAST 3RD,39.164752,-86.573104,"39.164752,-86.573104",2015-08-06
902504686,2015,08,06,Weekday,1200,Bus,No injury/unknown,OTHER (DRIVER) - EXPLAIN IN NARRATIVE,E 3RD & S COLLEGE MALL,39.16424,-86.4984,"39.16424,-86.4984",2015-08-06
902504709,2015,08,06,Weekday,1200,2-Car,Non-incapacitating,FAILURE TO YIELD RIGHT OF WAY,17TH & COLLEGE,39.17874028,-86.53472169,"39.17874028,-86.53472169",2015-08-06
902504744,2015,08,07,Weekend,1000,2-Car,No injury/unknown,UNSAFE LANE MOVEMENT,N WALNUT & W 9TH,39.170544,-86.533536,"39.170544,-86.533536",2015-08-07
902504760,2015,08,07,Weekend,1200,2-Car,No injury/unknown,FAILURE TO YIELD RIGHT OF WAY,NORTH & S HENDERSON,39.144848,-86.526848,"39.144848,-86.526848",2015-08-07
902504770,2015,08,06,Weekday,1700,2-Car,No injury/unknown,FOLLOWING TOO CLOSELY,SR4546E & WALNUT,39.186368,-86.5344,"39.186368,-86.5344",2015-08-06
902504861,2015,08,07,Weekend,1700,3+ Cars,No injury/unknown,FOLLOWING TOO CLOSELY,3RD & WOODLAWN,39.16438903,-86.52382592,"39.16438903,-86.52382592",2015-08-07
902504879,2015,08,07,Weekend,1800,2-Car,No injury/unknown,UNSAFE BACKING,S WALNUT,39.170544,-86.533536,"39.170544,-86.533536",2015-08-07
902504907,2015,08,07,Weekend,1700,2-Car,No injury/unknown,FAILURE TO YIELD RIGHT OF WAY,1609 S ROGERS & HILLSIDE,39.15064,-86.538592,"39.15064,-86.538592",2015-08-07
902504908,2015,08,06,Weekend,2200,2-Car,No injury/unknown,FAILURE TO YIELD RIGHT OF WAY,E 17TH & N DUNN,39.17904,-86.5284,"39.17904,-86.5284",2015-08-06
902504945,2015,08,07,Weekend,2300,2-Car,No injury/unknown,FAILURE TO YIELD RIGHT OF WAY,3RD & WASHINGTON,39.16464,-86.5324,"39.16464,-86.5324",2015-08-07
902504952,2015,08,07,Weekend,2200,Pedestrian,Non-incapacitating,PEDESTRIAN ACTION,NORTH WALNUT,39.18354797,-86.53302764,"39.18354797,-86.53302764",2015-08-07
902505057,2015,08,07,Weekend,1000,2-Car,No injury/unknown,FOLLOWING TOO CLOSELY,OLD SR 37 & WALNUT,39.20704,-86.534704,"39.20704,-86.534704",2015-08-07
902505058,2015,08,01,Weekend,1200,2-Car,No injury/unknown,UNSAFE BACKING,S WALNUT,39.13736,-86.529904,"39.13736,-86.529904",2015-08-01
902505059,2015,08,01,Weekend,0900,Cyclist,Incapacitating,FAILURE TO YIELD RIGHT OF WAY,HILLSIDE & NANCY,39.150544,-86.511088,"39.150544,-86.511088",2015-08-01
902452977,2015,05,04,Weekday,0600,1-Car,No injury/unknown,ANIMAL/OBJECT IN ROADWAY,HINDS & SR45W,39.09640983,-86.6577342,"39.09640983,-86.6577342",2015-05-04
902453029,2015,05,05,Weekday,0800,2-Car,No injury/unknown,FOLLOWING TOO CLOSELY,GRAND & PROFILE,39.16658968,-86.59259006,"39.16658968,-86.59259006",2015-05-05
902453030,2015,05,05,Weekday,1200,2-Car,Incapacitating,FAILURE TO YIELD RIGHT OF WAY,SMITHVILLE & SR37S,39.16424,-86.480688,"39.16424,-86.480688",2015-05-05
902453031,2015,05,05,Weekday,1400,2-Car,Non-incapacitating,FOLLOWING TOO CLOSELY,OLD STATE ROAD 37 & ROGERS,39.06392008,-86.54097028,"39.06392008,-86.54097028",2015-05-05
902453074,2015,05,05,Weekday,1400,1-Car,Incapacitating,RAN OFF ROAD RIGHT,SR446 & WALDRIP CREEK,39.26987834,-86.42356109,"39.26987834,-86.42356109",2015-05-05
902453297,2015,05,06,Weekday,0600,2-Car,No injury/unknown,OTHER (DRIVER) - EXPLAIN IN NARRATIVE,N MAPLE,39.17666426,-86.542096,"39.17666426,-86.542096",2015-05-06
902453378,2015,05,06,Weekday,1100,2-Car,No injury/unknown,IMPROPER PASSING,E 3RD,39.16424,-86.4939483,"39.16424,-86.4939483",2015-05-06
902453424,2015,05,06,Weekday,1200,3+ Cars,No injury/unknown,FOLLOWING TOO CLOSELY,4TH & WALNUT,39.165648,-86.5336,"39.165648,-86.5336",2015-05-06
902453579,2015,05,06,Weekday,1200,2-Car,No injury/unknown,UNSAFE SPEED,SR46W & UNION VALLEY,39.215152,-86.5928,"39.215152,-86.5928",2015-05-06
902453660,2015,05,06,Weekday,1500,2-Car,Incapacitating,FOLLOWING TOO CLOSELY,SR37 & W VERNAL,39.176544,-86.5624,"39.176544,-86.5624",2015-05-06
902453685,2015,05,06,Weekday,1200,2-Car,No injury/unknown,UNSAFE BACKING,SOUTH WALNUT,39.189968,-86.533232,"39.189968,-86.533232",2015-05-06
902453704,2015,05,06,Weekday,1300,2-Car,Non-incapacitating,FAILURE TO YIELD RIGHT OF WAY,EAST WILSON & SOUTH WALNUT,39.15149164,-86.5336867,"39.15149164,-86.5336867",2015-05-06
902453817,2015,05,05,Weekday,1600,1-Car,No injury/unknown,RAN OFF ROAD RIGHT,W DILLMAN,39.09292884,-86.54846101,"39.09292884,-86.54846101",2015-05-05
902453877,2015,05,07,Weekend,0800,2-Car,Non-incapacitating,FOLLOWING TOO CLOSELY,E MILLER & S WALNUT,39.14689019,-86.53265006,"39.14689019,-86.53265006",2015-05-07
902453927,2015,05,07,Weekend,1200,2-Car,No injury/unknown,DISREGARD SIGNAL/REG SIGN,S COLLEGE & W 3RD,39.16464,-86.534816,"39.16464,-86.534816",2015-05-07
902453981,2015,05,07,Weekend,1400,3+ Cars,No injury/unknown,FOLLOWING TOO CLOSELY,HENDERSON & HILLSIDE,39.15064,-86.52696,"39.15064,-86.52696",2015-05-07
902454028,2015,05,07,Weekend,1200,1-Car,Incapacitating,DRIVER ILLNESS,NORTH JACKSON & WEST 17TH,39.179024,-86.539616,"39.179024,-86.539616",2015-05-07
902454085,2015,05,07,Weekend,1600,2-Car,No injury/unknown,SPEED TOO FAST FOR WEATHER CONDITIONS,W HEATHERWOOD,39.126592,-86.59038848,"39.126592,-86.59038848",2015-05-07
902454097,2015,05,05,Weekday,1600,2-Car,No injury/unknown,UNSAFE BACKING,W JACOB,39.1652565,-86.57553863,"39.1652565,-86.57553863",2015-05-05
902454109,2015,05,07,Weekend,1400,1-Car,No injury/unknown,SPEED TOO FAST FOR WEATHER CONDITIONS,HIGH & WINSLOW,39.136144,-86.50844867,"39.136144,-86.50844867",2015-05-07
902454237,2015,05,07,Weekend,1000,2-Car,No injury/unknown,FAILURE TO YIELD RIGHT OF WAY,S COLLEGE MALL,39.15412578,-86.49786768,"39.15412578,-86.49786768",2015-05-07