Master Record Number,Year,Month,Day,Weekend?,Hour,Collision Type,Injury Type,Primary Factor,Reported_Location,Latitude,Longitude,Location,Date
902454243,2015,05,07,Weekend,1200,2-Car,No injury/unknown,FOLLOWING TOO CLOSELY,S EUCLID & W 2ND,39.16141972,-86.54334422,"39.16141972,-86.54334422",2015-05-07
902454278,2015,05,07,Weekend,1300,1-Car,No injury/unknown,ANIMAL/OBJECT IN ROADWAY,HARVEST & UNION VALLEY,39.22100907,-86.59268176,"39.22100907,-86.59268176",2015-05-07
902454301,2015,05,01,Weekend,1000,Moped/Motorcycle,Incapacitating,ANIMAL/OBJECT IN ROADWAY,BROWN COUNTY LINE & SR46E,39.15287018,-86.37071228,"39.15287018,-86.37071228",2015-05-01
902454302,2015,05,01,Weekend,0100,2-Car,No injury/unknown,FAILURE TO YIELD RIGHT OF WAY,ROCKPORT & SR37S,39.03565979,-86.61312103,"39.03565979,-86.61312103",2015-05-01
902454321,2015,05,01,Weekend,0900,1-Car,No injury/unknown,OTHER (VEHICLE) - EXPLAIN IN NARRATIVE,S COLLEGE MALL,39.15424374,-86.49787002,"39.15424374,-86.49787002",2015-05-01
902454349,2015,05,01,Weekend,1200,2-Car,No injury/unknown,UNSAFE BACKING,S COPPER BEECH,39.15524058,-86.57162055,"39.15524058,-86.57162055",2015-05-01
902454369,2015,05,01,Weekend,1200,2-Car,Non-incapacitating,DISREGARD SIGNAL/REG SIGN,E 3RD & SO KINGSTON,39.16424,-86.492944,"39.16424,-86.492944",2015-05-01
902454374,2015,05,01,Weekend,1300,2-Car,No injury/unknown,IMPROPER LANE USAGE,E 3RD & S KINGSTON,39.16424,-86.492944,"39.16424,-86.492944",2015-05-01
902454396,2015,05,07,Weekend,2100,1-Car,No injury/unknown,SPEED TOO FAST FOR WEATHER CONDITIONS,E 3RD & FAIRFAX,39.08120867,-86.51514413,"39.08120867,-86.51514413",2015-05-07
902454397,2015,05,07,Weekend,2200,1-Car,No injury/unknown,SPEED TOO FAST FOR WEATHER CONDITIONS,SMITHVILLE & ZIKES,39.07066347,-86.52928133,"39.07066347,-86.52928133",2015-05-07
902454475,2015,05,01,Weekend,1700,3+ Cars,Incapacitating,BRAKE FAILURE OR DEFECTIVE,N STATE ROAD 37 & W 3RD,39.16445009,-86.57303835,"39.16445009,-86.57303835",2015-05-01
902454586,2015,06,02,Weekday,0100,1-Car,Incapacitating,DRIVER ILLNESS,E 10TH & SR46,39.1711361,-86.50184005,"39.1711361,-86.50184005",2015-06-02
902454594,2015,06,02,Weekday,0200,2-Car,No injury/unknown,FAILURE TO YIELD RIGHT OF WAY,10TH & SR46S,39.171648,-86.502096,"39.171648,-86.502096",2015-06-02
902454705,2015,05,07,Weekend,2100,1-Car,No injury/unknown,SPEED TOO FAST FOR WEATHER CONDITIONS,E 3RD & FAIRFAX,39.08120867,-86.51514413,"39.08120867,-86.51514413",2015-05-07
902454706,2015,05,01,Weekend,1200,2-Car,No injury/unknown,FOLLOWING TOO CLOSELY,SR37N & VERNAL,39.2506643,-86.56252288,"39.2506643,-86.56252288",2015-05-01
902454854,2015,05,06,Weekday,0400,Pedestrian,Non-incapacitating,UNSAFE BACKING,S ODELL,39.1264008,-86.52882926,"39.1264008,-86.52882926",2015-05-06
902455021,2015,06,02,Weekday,1400,3+ Cars,No injury/unknown,FOLLOWING TOO CLOSELY,3RD & WOODSCREST,39.16426617,-86.50241024,"39.16426617,-86.50241024",2015-06-02
902455113,2015,06,02,Weekday,1400,2-Car,Non-incapacitating,FAILURE TO YIELD RIGHT OF WAY,LEONARD SPRINGS & TAPP,39.13704,-86.582512,"39.13704,-86.582512",2015-06-02
902455145,2015,06,02,Weekday,1300,2-Car,Non-incapacitating,FOLLOWING TOO CLOSELY,E 3RD & S WOODSCREST,39.16427024,-86.50241017,"39.16427024,-86.50241017",2015-06-02
902455179,2015,06,02,Weekday,1700,2-Car,Non-incapacitating,FOLLOWING TOO CLOSELY,HICKORY LEAF & STATE ROAD 45,39.14547579,-86.57703014,"39.14547579,-86.57703014",2015-06-02
902455185,2015,06,02,Weekday,1800,1-Car,No injury/unknown,BRAKE FAILURE OR DEFECTIVE,7TH & WOODLAWN,39.16864,-86.523392,"39.16864,-86.523392",2015-06-02
902455192,2015,06,02,Weekday,1600,3+ Cars,No injury/unknown,FOLLOWING TOO CLOSELY,E 2ND & S MORTON,39.161472,-86.53624,"39.161472,-86.53624",2015-06-02
902455253,2015,05,07,Weekend,0000,2-Car,Non-incapacitating,OVERCORRECTING/OVERSTEERING,SR37N & WEST BURMA,39.31695399,-86.51079025,"39.31695399,-86.51079025",2015-05-07
902455254,2015,05,01,Weekend,0500,1-Car,Incapacitating,RAN OFF ROAD RIGHT,EAST OLD MEYERS,39.22659302,-86.49227905,"39.22659302,-86.49227905",2015-05-01
902455256,2015,06,02,Weekday,2100,2-Car,No injury/unknown,FOLLOWING TOO CLOSELY,45 46 & SR37N,39.17571044,-86.52841186,"39.17571044,-86.52841186",2015-06-02
902455258,2015,06,02,Weekday,2200,3+ Cars,Non-incapacitating,DRIVER DISTRACTED - EXPLAIN IN NARRATIVE,VERMILYA & WALNUT,39.148928,-86.53312,"39.148928,-86.53312",2015-06-02
902455288,2015,06,03,Weekday,0200,1-Car,No injury/unknown,ANIMAL/OBJECT IN ROADWAY,SOUTH BREEDEN & WEST GRAVES,39.058176,-86.671264,"39.058176,-86.671264",2015-06-03
902455313,2015,06,02,Weekday,1300,2-Car,No injury/unknown,FOLLOWING TOO CLOSELY,S EUCLID & W 2ND,39.1616,-86.543296,"39.1616,-86.543296",2015-06-02
902455618,2015,06,03,Weekday,1400,2-Car,Incapacitating,FAILURE TO YIELD RIGHT OF WAY,MILLER & WALNUT,39.14640902,-86.53238389,"39.14640902,-86.53238389",2015-06-03
902455693,2015,06,03,Weekday,1600,2-Car,No injury/unknown,FAILURE TO YIELD RIGHT OF WAY,3RD & CURRY,39.16463589,-86.58290999,"39.16463589,-86.58290999",2015-06-03
902455746,2015,06,03,Weekday,1600,2-Car,Non-incapacitating,UNSAFE LANE MOVEMENT,DEBORAH & TAPP,39.13666025,-86.56786595,"39.13666025,-86.56786595",2015-06-03
902455799,2015,06,03,Weekday,1900,2-Car,Incapacitating,DISREGARD SIGNAL/REG SIGN,EAST THIRD & INDIANA,39.164448,-86.5268,"39.164448,-86.5268",2015-06-03
902455805,2015,06,02,Weekday,2200,1-Car,No injury/unknown,ANIMAL/OBJECT IN ROADWAY,SR37S & ZIKES,39.04918134,-86.53588594,"39.04918134,-86.53588594",2015-06-02
902455806,2015,06,03,Weekday,2100,1-Car,No injury/unknown,ANIMAL/OBJECT IN ROADWAY,SR37 & SR46W,39.19434263,-86.55483577,"39.19434263,-86.55483577",2015-06-03
902455887,2015,06,03,Weekday,2200,Moped/Motorcycle,Fatal,RAN OFF ROAD RIGHT,SR37S & STATE ROAD 45,39.25213398,-86.57504272,"39.25213398,-86.57504272",2015-06-03
902455905,2015,06,03,Weekday,1600,2-Car,Incapacitating,FAILURE TO YIELD RIGHT OF WAY,S WEIMER & W BLOOMFIELD,39.15424012,-86.56434975,"39.15424012,-86.56434975",2015-06-03
902455961,2015,06,02,Weekday,1100,1-Car,No injury/unknown,SPEED TOO FAST FOR WEATHER CONDITIONS,FAIRFAX & SCHACHT,39.10692427,-86.52339312,"39.10692427,-86.52339312",2015-06-02
902456014,2015,06,04,Weekday,2200,2-Car,No injury/unknown,,4TH & ELM,39.16566968,-86.54531442,"39.16566968,-86.54531442",2015-06-04
902456127,2015,06,04,Weekday,1200,2-Car,Non-incapacitating,UNSAFE SPEED,RHORER & WALNUT,39.12144,-86.526496,"39.12144,-86.526496",2015-06-04
902456147,2015,06,03,Weekday,1600,2-Car,No injury/unknown,,SOUTH STATE ROAD 46,39.206312,-86.571312,"39.206312,-86.571312",2015-06-03
902456473,2015,06,05,Weekday,0700,1-Car,No injury/unknown,ANIMAL/OBJECT IN ROADWAY,SR46 & SR46E,39.15259324,-86.36949113,"39.15259324,-86.36949113",2015-06-05
902456535,2015,05,07,Weekend,1200,2-Car,No injury/unknown,FAILURE TO YIELD RIGHT OF WAY,RYAN & TULIP,39.12923992,-86.54164016,"39.12923992,-86.54164016",2015-05-07
902456609,2015,06,05,Weekday,1000,2-Car,No injury/unknown,IMPROPER TURNING,W WHITEHALL CROSSING,39.17259598,-86.57152557,"39.17259598,-86.57152557",2015-06-05
902456631,2015,06,05,Weekday,1100,3+ Cars,Non-incapacitating,FAILURE TO YIELD RIGHT OF WAY,INDUSTRIAL & SR45W,39.14393997,-86.58203887,"39.14393997,-86.58203887",2015-06-05
902456633,2015,06,05,Weekday,1200,2-Car,No injury/unknown,OTHER (DRIVER) - EXPLAIN IN NARRATIVE,FAIRVIEW & WEST KIRKWOOD,39.166704,-86.5408,"39.166704,-86.5408",2015-06-05
902456639,2015,06,04,Weekday,0000,2-Car,No injury/unknown,UNSAFE BACKING,AMARYLLIS,39.18336488,-86.53903104,"39.18336488,-86.53903104",2015-06-04
902456682,2015,06,05,Weekday,1200,2-Car,No injury/unknown,UNSAFE BACKING,N BELL TRACE,39.16981973,-86.48916542,"39.16981973,-86.48916542",2015-06-05
902457051,2015,06,05,Weekday,1400,2-Car,Non-incapacitating,FOLLOWING TOO CLOSELY,KINSER,39.186544,-86.537888,"39.186544,-86.537888",2015-06-05
902457073,2015,06,05,Weekday,1400,2-Car,No injury/unknown,FOLLOWING TOO CLOSELY,COUNTRY CLUB & MADISON,39.136048,-86.536992,"39.136048,-86.536992",2015-06-05
902457075,2015,06,05,Weekday,1400,1-Car,Non-incapacitating,UNSAFE SPEED,E BRENDA & S HENDERSON,39.151952,-86.526976,"39.151952,-86.526976",2015-06-05
902457091,2015,06,04,Weekday,1500,2-Car,No injury/unknown,FOLLOWING TOO CLOSELY,N CURRY & SR46W,39.19377136,-86.57115422,"39.19377136,-86.57115422",2015-06-04
902457092,2015,06,05,Weekday,1800,2-Car,No injury/unknown,IMPROPER TURNING,S PATRICIA LANE & W THAT,39.115248,-86.573504,"39.115248,-86.573504",2015-06-05
902457123,2015,06,05,Weekday,1600,1-Car,No injury/unknown,OVERCORRECTING/OVERSTEERING,LOST MANS & NORTH MAPLE GROVE,38.90522441,-86.56966991,"38.90522441,-86.56966991",2015-06-05
902457149,2015,06,05,Weekday,0100,1-Car,No injury/unknown,ANIMAL/OBJECT IN ROADWAY,DILLMAN & EMPIRE,39.09288578,-86.53823586,"39.09288578,-86.53823586",2015-06-05
902457275,2015,06,06,Weekday,0900,2-Car,No injury/unknown,IMPROPER TURNING,10TH & COLLEGE,39.171744,-86.534768,"39.171744,-86.534768",2015-06-06
902457299,2015,06,05,Weekday,1100,2-Car,No injury/unknown,UNSAFE BACKING,KINGSLEY & WINDING WAY,39.1971445,-86.54297335,"39.1971445,-86.54297335",2015-06-05
902457486,2015,06,06,Weekday,1100,2-Car,No injury/unknown,OTHER (DRIVER) - EXPLAIN IN NARRATIVE,INDIANA & KIRKWOOD,39.16664,-86.526896,"39.16664,-86.526896",2015-06-06
902457494,2015,06,06,Weekday,1200,2-Car,Incapacitating,FOLLOWING TOO CLOSELY,DINSMORE & SR45W,39.11504,-86.630992,"39.11504,-86.630992",2015-06-06
902457589,2015,05,06,Weekday,0100,1-Car,No injury/unknown,RAN OFF ROAD RIGHT,SOUTH FRIENDSHIP & SR46,39.15555821,-86.40782829,"39.15555821,-86.40782829",2015-05-06
902457640,2015,06,06,Weekday,1300,2-Car,No injury/unknown,UNSAFE LANE MOVEMENT,SR37N & SR45E,39.148144,-86.572992,"39.148144,-86.572992",2015-06-06
902457644,2015,06,06,Weekday,1500,Bus,No injury/unknown,IMPROPER TURNING,N FEE,39.18217024,-86.51912929,"39.18217024,-86.51912929",2015-06-06
902457662,2015,06,06,Weekday,1700,2-Car,No injury/unknown,BRAKE FAILURE OR DEFECTIVE,HOWE & ROGERS,39.1624,-86.538592,"39.1624,-86.538592",2015-06-06
902457675,2015,05,02,Weekday,2200,1-Car,No injury/unknown,UNSAFE SPEED,BETHEL,39.21314746,-86.46431744,"39.21314746,-86.46431744",2015-05-02
902457676,2015,05,06,Weekday,1600,1-Car,No injury/unknown,RAN OFF ROAD RIGHT,GIFFORD & KIRBY,39.15144,-86.610496,"39.15144,-86.610496",2015-05-06
902457678,2015,06,06,Weekday,1700,2-Car,No injury/unknown,FAILURE TO YIELD RIGHT OF WAY,ANNA LEE & BLOOMFIELD,39.15802002,-86.55760906,"39.15802002,-86.55760906",2015-06-06
902457718,2015,06,06,Weekday,1300,2-Car,No injury/unknown,UNSAFE BACKING,S KINGSTON,39.16613673,-86.49283927,"39.16613673,-86.49283927",2015-06-06
902457862,2015,06,07,Weekend,1100,1-Car,No injury/unknown,OTHER (DRIVER) - EXPLAIN IN NARRATIVE,NORTH JACKSON,39.17536457,-86.53975314,"39.17536457,-86.53975314",2015-06-07
902457892,2015,06,02,Weekday,2200,1-Car,No injury/unknown,ANIMAL/OBJECT IN ROADWAY,SAMPLE & SR37N,39.27302308,-86.52300467,"39.27302308,-86.52300467",2015-06-02
902457893,2015,06,06,Weekday,1700,2-Car,No injury/unknown,UNSAFE LANE MOVEMENT,SR37N & WAYPORT,39.26167132,-86.52280192,"39.26167132,-86.52280192",2015-06-06
902457939,2015,06,05,Weekday,1400,2-Car,No injury/unknown,FAILURE TO YIELD RIGHT OF WAY,1285 S LIBERTY & S LIBERTY,39.149552,-86.575936,"39.149552,-86.575936",2015-06-05
902457967,2015,06,07,Weekend,1700,2-Car,No injury/unknown,UNSAFE LANE MOVEMENT,3RD & HIGHLAND,39.16427529,-86.51772694,"39.16427529,-86.51772694",2015-06-07
902458065,2015,06,01,Weekend,0200,2-Car,No injury/unknown,UNSAFE BACKING,W 12TH,39.174352,-86.552592,"39.174352,-86.552592",2015-06-01
902458081,2015,06,07,Weekend,2200,1-Car,No injury/unknown,ANIMAL/OBJECT IN ROADWAY,ACUFF & SR37S,39.2123076,-86.55386352,"39.2123076,-86.55386352",2015-06-07
902458137,2015,06,07,Weekend,1200,2-Car,No injury/unknown,UNSAFE BACKING,E KIRKWOOD,39.16664,-86.53096555,"39.16664,-86.53096555",2015-06-07
902458203,2015,06,01,Weekend,1200,2-Car,No injury/unknown,DISREGARD SIGNAL/REG SIGN,E 1ST & S FESS,39.159344,-86.525872,"39.159344,-86.525872",2015-06-01
902458257,2015,06,02,Weekday,1500,1-Car,Non-incapacitating,RAN OFF ROAD RIGHT,N MAPLE GROVE & W MAPLE GROVE,39.24744,-86.547792,"39.24744,-86.547792",2015-06-02
902458258,2015,06,07,Weekend,1500,2-Car,No injury/unknown,FAILURE TO YIELD RIGHT OF WAY,CURRY & WOODYARD,39.19028029,-86.58252976,"39.19028029,-86.58252976",2015-06-07
902458426,2015,06,01,Weekday,1900,1-Car,Non-incapacitating,UNSAFE SPEED,3RD & SR 446,39.164448,-86.471888,"39.164448,-86.471888",2015-06-01
902458441,2015,06,01,Weekend,1600,1-Car,No injury/unknown,RAN OFF ROAD RIGHT,E CONVENANTER & PICKWICK,39.15505014,-86.50459878,"39.15505014,-86.50459878",2015-06-01
902458589,2015,06,07,Weekend,1100,2-Car,No injury/unknown,UNSAFE LANE MOVEMENT,CURRY & GIFFORD,39.156896,-86.582704,"39.156896,-86.582704",2015-06-07
902458590,2015,06,02,Weekday,0700,1-Car,No injury/unknown,RAN OFF ROAD RIGHT,COMMODORE & RUSSELL,39.18692015,-86.48183608,"39.18692015,-86.48183608",2015-06-02
902458680,2015,06,02,Weekday,0900,2-Car,No injury/unknown,FOLLOWING TOO CLOSELY,DIXIE & WALNUT,39.13534531,-86.5336398,"39.13534531,-86.5336398",2015-06-02
902458701,2015,06,02,Weekday,1000,2-Car,No injury/unknown,UNSAFE BACKING,E 3RD,39.16424,-86.49418049,"39.16424,-86.49418049",2015-06-02
902458825,2015,06,02,Weekday,1000,2-Car,No injury/unknown,FAILURE TO YIELD RIGHT OF WAY,N KINSER & W 17TH,39.178992,-86.537792,"39.178992,-86.537792",2015-06-02
902459040,2015,06,02,Weekday,1400,2-Car,Incapacitating,FOLLOWING TOO CLOSELY,KINSER & SR4546W,39.186544,-86.537888,"39.186544,-86.537888",2015-06-02
902459199,2015,06,06,Weekday,1100,1-Car,No injury/unknown,RAN OFF ROAD RIGHT,MONROE DAM & VALLEY MISSION,39.009344,-86.510096,"39.009344,-86.510096",2015-06-06
902459229,2015,06,02,Weekday,1700,2-Car,No injury/unknown,UNSAFE BACKING,FAIRVIEW & W KIRKWOOD,39.166704,-86.5408,"39.166704,-86.5408",2015-06-02
902459298,2015,05,01,Weekend,1800,2-Car,No injury/unknown,UNSAFE BACKING,PAYNETOWN CAMPGROUND RD & PAYNETOWN ENTRANCE ROAD,39.092112,-86.422832,"39.092112,-86.422832",2015-05-01
902459345,2015,06,03,Weekday,0700,2-Car,Incapacitating,FOLLOWING TOO CLOSELY,S WALKER & W 2ND,39.16142978,-86.54614023,"39.16142978,-86.54614023",2015-06-03
902459502,2015,06,03,Weekday,0800,2-Car,No injury/unknown,UNSAFE LANE MOVEMENT,10TH & SR46N,39.17189797,-86.5022422,"39.17189797,-86.5022422",2015-06-03
902459856,2015,06,03,Weekday,2100,1-Car,No injury/unknown,RAN OFF ROAD RIGHT,COLLEGE MALL,39.15687943,-86.49780273,"39.15687943,-86.49780273",2015-06-03
902459990,2015,06,04,Weekday,0400,1-Car,No injury/unknown,ANIMAL/OBJECT IN ROADWAY,SARE & SPICEWOOD,39.140944,-86.496688,"39.140944,-86.496688",2015-06-04
902460046,2015,06,04,Weekday,0600,Bus,No injury/unknown,OTHER (DRIVER) - EXPLAIN IN NARRATIVE,E ATWATER & S JORDAN,39.163168,-86.516384,"39.163168,-86.516384",2015-06-04
902460065,2015,06,02,Weekday,0900,1-Car,No injury/unknown,ANIMAL/OBJECT IN ROADWAY,BETHAL & SR45E,39.21014003,-86.46297041,"39.21014003,-86.46297041",2015-06-02
902460066,2015,06,04,Weekday,0700,2-Car,No injury/unknown,LEFT OF CENTER,S BURCH & W EVANS,39.079552,-86.666592,"39.079552,-86.666592",2015-06-04
902460067,2015,06,02,Weekday,1200,2-Car,No injury/unknown,OTHER (DRIVER) - EXPLAIN IN NARRATIVE,CURRY & GIFFORD,39.156896,-86.582704,"39.156896,-86.582704",2015-06-02
902460068,2015,06,02,Weekday,1400,2-Car,No injury/unknown,UNSAFE BACKING,SR45W,39.125312,-86.610496,"39.125312,-86.610496",2015-06-02
902460095,2015,06,03,Weekday,1000,2-Car,No injury/unknown,FAILURE TO YIELD RIGHT OF WAY,N JACOBS,39.16852154,-86.57362014,"39.16852154,-86.57362014",2015-06-03
902460226,2015,06,03,Weekday,1400,1-Car,No injury/unknown,ANIMAL/OBJECT IN ROADWAY,S KIMBLE & W 3RD,39.16464,-86.568,"39.16464,-86.568",2015-06-03
902460227,2015,06,04,Weekday,1400,2-Car,No injury/unknown,IMPROPER TURNING,1ST & WALNUT,39.159344,-86.5336,"39.159344,-86.5336",2015-06-04
902460256,2015,06,04,Weekday,1200,2-Car,Non-incapacitating,FAILURE TO YIELD RIGHT OF WAY,E 3RD & KINGSTON,39.1636915,-86.49298227,"39.1636915,-86.49298227",2015-06-04
902460339,2015,06,04,Weekday,1500,1-Car,No injury/unknown,BRAKE FAILURE OR DEFECTIVE,2ND,39.16144,-86.53209829,"39.16144,-86.53209829",2015-06-04
902460483,2015,06,04,Weekday,1800,1-Car,No injury/unknown,BRAKE FAILURE OR DEFECTIVE,SR37S,39.01342431,-86.53708658,"39.01342431,-86.53708658",2015-06-04
902460484,2015,06,04,Weekday,2000,2-Car,No injury/unknown,UNSAFE BACKING,CURRY,39.15597153,-86.58300781,"39.15597153,-86.58300781",2015-06-04
902460494,2015,06,03,Weekday,1500,2-Car,No injury/unknown,INSECURE/LEAKY LOAD,BRYANTS CREEK & SR37N,39.334368,-86.5124,"39.334368,-86.5124",2015-06-03
902460653,2015,06,04,Weekday,1200,2-Car,No injury/unknown,OTHER (DRIVER) - EXPLAIN IN NARRATIVE,E RHORER & S SARE,39.12144005,-86.51157997,"39.12144005,-86.51157997",2015-06-04
902460726,2015,06,05,Weekday,1000,2-Car,No injury/unknown,UNSAFE BACKING,1833  N FEE (PARKING LOT) & NORTH FEE,39.171584,-86.518688,"39.171584,-86.518688",2015-06-05
902460747,2015,06,04,Weekday,1300,2-Car,No injury/unknown,UNSAFE BACKING,S MCINTIRE,39.13536072,-86.56948852,"39.13536072,-86.56948852",2015-06-04
902460765,2015,06,05,Weekday,1200,2-Car,No injury/unknown,IMPROPER PASSING,E KIRKWOOD & S DUNN,39.16664,-86.528192,"39.16664,-86.528192",2015-06-05
902460793,2015,06,05,Weekday,0700,2-Car,Incapacitating,FOLLOWING TOO CLOSELY,BLUE RIDGE & N WALNUT,39.196848,-86.5344,"39.196848,-86.5344",2015-06-05
902460933,2015,06,05,Weekday,1400,2-Car,No injury/unknown,BRAKE FAILURE OR DEFECTIVE,LOVE & SR46W,39.219152,-86.602304,"39.219152,-86.602304",2015-06-05
902461010,2015,06,05,Weekday,1500,Bus,No injury/unknown,UNSAFE LANE MOVEMENT,E 3RD & FACULTY,39.164352,-86.521088,"39.164352,-86.521088",2015-06-05
902461015,2015,06,05,Weekday,1600,2-Car,No injury/unknown,FOLLOWING TOO CLOSELY,10TH & SR4546S,39.176848,-86.478192,"39.176848,-86.478192",2015-06-05
902461070,2015,06,05,Weekday,1500,2-Car,No injury/unknown,OTHER (DRIVER) - EXPLAIN IN NARRATIVE,W STATE ROAD 45,39.125312,-86.610496,"39.125312,-86.610496",2015-06-05
902461250,2015,06,06,Weekday,0600,1-Car,No injury/unknown,ANIMAL/OBJECT IN ROADWAY,ACUFF & SR37,39.20686675,-86.55469409,"39.20686675,-86.55469409",2015-06-06
902461292,2015,06,06,Weekday,0800,2-Car,Non-incapacitating,FOLLOWING TOO CLOSELY,GRIMES & S WALNUT,39.15344,-86.5336,"39.15344,-86.5336",2015-06-06
902461368,2015,06,05,Weekday,0700,2-Car,No injury/unknown,,EAST 10TH,39.1716433,-86.50186748,"39.1716433,-86.50186748",2015-06-05
902461369,2015,06,06,Weekday,0800,2-Car,No injury/unknown,OTHER (ENVIRONMENTAL) - EXPLAIN IN NARR,FULLERTON & SR37,39.12007898,-86.56922069,"39.12007898,-86.56922069",2015-06-06
902461458,2015,06,06,Weekday,1100,2-Car,No injury/unknown,UNSAFE BACKING,NORTH UNION,39.172144,-86.509392,"39.172144,-86.509392",2015-06-06
902461463,2015,06,06,Weekday,1100,2-Car,Non-incapacitating,FAILURE TO YIELD RIGHT OF WAY,3011 S LEONARD SPRINGS & BARGE,39.07154747,-86.58260187,"39.07154747,-86.58260187",2015-06-06
902461468,2015,06,06,Weekday,1200,2-Car,No injury/unknown,FAILURE TO YIELD RIGHT OF WAY,EAST ATWATER & SOUTH CLIFTON,39.163072,-86.5096,"39.163072,-86.5096",2015-06-06
902461514,2015,06,06,Weekday,1100,2-Car,No injury/unknown,UNSAFE SPEED,SR37 & VERNAL,39.20835355,-86.56252288,"39.20835355,-86.56252288",2015-06-06
902461594,2015,06,06,Weekday,1700,2-Car,No injury/unknown,OVERCORRECTING/OVERSTEERING,E 3RD,39.16422436,-86.49666727,"39.16422436,-86.49666727",2015-06-06
902461661,2015,06,06,Weekday,1400,2-Car,Incapacitating,FAILURE TO YIELD RIGHT OF WAY,GRIMES & S WALNUT,39.15344,-86.5336,"39.15344,-86.5336",2015-06-06
902461835,2015,06,06,Weekday,1800,Moped/Motorcycle,Fatal,UNSAFE SPEED,FAIRFAX & SCHACHT,39.10697056,-86.52343107,"39.10697056,-86.52343107",2015-06-06
902461864,2015,06,06,Weekday,1100,2-Car,No injury/unknown,OTHER (DRIVER) - EXPLAIN IN NARRATIVE,WEST 3RD,39.16414261,-86.58426666,"39.16414261,-86.58426666",2015-06-06
902461866,2015,06,05,Weekday,1500,2-Car,No injury/unknown,FOLLOWING TOO CLOSELY,FULLERTON PIKE & SR37S,39.12340006,-86.571623,"39.12340006,-86.571623",2015-06-05
902461867,2015,06,05,Weekday,2100,2-Car,No injury/unknown,FOLLOWING TOO CLOSELY,DILLMAN & FAIRFAX,39.09264,-86.51672,"39.09264,-86.51672",2015-06-05
902461953,2015,06,07,Weekend,1100,3+ Cars,Incapacitating,FAILURE TO YIELD RIGHT OF WAY,ALLENDALE & WALNUT ST,39.130944,-86.526688,"39.130944,-86.526688",2015-06-07
902461960,2015,06,07,Weekend,0000,2-Car,No injury/unknown,UNSAFE BACKING,OLD SR 37,39.138688,-86.465968,"39.138688,-86.465968",2015-06-07
902461985,2015,06,07,Weekend,1400,1-Car,No injury/unknown,ANIMAL/OBJECT IN ROADWAY,FULLERTON & SR37,39.12007898,-86.56922069,"39.12007898,-86.56922069",2015-06-07
902462017,2015,06,06,Weekend,1900,2-Car,No injury/unknown,FAILURE TO YIELD RIGHT OF WAY,ROGERS,39.0639583,-86.54369071,"39.0639583,-86.54369071",2015-06-06
902462035,2015,06,05,Weekday,1700,2-Car,Non-incapacitating,FOLLOWING TOO CLOSELY,SR37S & THAT,39.115552,-86.564592,"39.115552,-86.564592",2015-06-05
902462110,2015,06,06,Weekend,1900,1-Car,No injury/unknown,ANIMAL/OBJECT IN ROADWAY,DOYLE & S CURRY,39.158352,-86.582752,"39.158352,-86.582752",2015-06-06
902462127,2015,06,07,Weekend,2200,2-Car,Incapacitating,FAILURE TO YIELD RIGHT OF WAY,3RD & COLLEGE,39.16464,-86.534816,"39.16464,-86.534816",2015-06-07
902462198,2015,06,07,Weekend,0600,1-Car,No injury/unknown,RAN OFF ROAD RIGHT,MONROE DAM & TAILWATER,38.74560983,-86.51796028,"38.74560983,-86.51796028",2015-06-07
902462221,2015,06,07,Weekend,1000,2-Car,No injury/unknown,UNSAFE LANE MOVEMENT,9TH & WALNUT,39.170544,-86.533536,"39.170544,-86.533536",2015-06-07
902462253,2015,06,04,Weekday,1100,2-Car,No injury/unknown,FOLLOWING TOO CLOSELY,GORDON & OLD STATE ROAD 37,39.121552,-86.531296,"39.121552,-86.531296",2015-06-04
902462254,2015,06,07,Weekend,1200,2-Car,No injury/unknown,DRIVER DISTRACTED - EXPLAIN IN NARRATIVE,SR446S,39.135648,-86.462248,"39.135648,-86.462248",2015-06-07
902462495,2015,06,07,Weekend,2300,1-Car,No injury/unknown,UNSAFE BACKING,N MADISON,39.176048,-86.537696,"39.176048,-86.537696",2015-06-07
902462527,2015,06,01,Weekend,1700,3+ Cars,Non-incapacitating,DRIVER ILLNESS,W 3RD,39.16424,-86.4812,"39.16424,-86.4812",2015-06-01
902462530,2015,06,01,Weekend,1300,2-Car,No injury/unknown,FAILURE TO YIELD RIGHT OF WAY,WEST 3RD & WYNNEDALE,39.164672,-86.570288,"39.164672,-86.570288",2015-06-01