Master Record Number,Year,Month,Day,Weekend?,Hour,Collision Type,Injury Type,Primary Factor,Reported_Location,Latitude,Longitude,Location,Date
902462743,2015,06,04,Weekday,0200,1-Car,No injury/unknown,DRIVER ASLEEP OR FATIGUED,SOUTH CRAMER,39.12221909,-86.54727172,"39.12221909,-86.54727172",2015-06-04
902462857,2015,06,02,Weekday,0800,3+ Cars,No injury/unknown,FAILURE TO YIELD RIGHT OF WAY,DUNLAP & SR45W,39.11902366,-86.61946886,"39.11902366,-86.61946886",2015-06-02
902462962,2015,06,02,Weekday,1100,2-Car,No injury/unknown,UNSAFE BACKING,E MAPLECREST & N HEADLEY,39.188944,-86.5144,"39.188944,-86.5144",2015-06-02
902463091,2015,06,04,Weekday,1900,2-Car,Non-incapacitating,FAILURE TO YIELD RIGHT OF WAY,S CURRY & W 3RD,39.16463971,-86.5829157,"39.16463971,-86.5829157",2015-06-04
902463097,2015,06,05,Weekday,1300,2-Car,No injury/unknown,UNSAFE BACKING,10TH & COLLEGE,39.171744,-86.534768,"39.171744,-86.534768",2015-06-05
902463119,2015,06,02,Weekday,1100,3+ Cars,Non-incapacitating,FOLLOWING TOO CLOSELY,MADISON & WEST 2ND,39.16141033,-86.53743549,"39.16141033,-86.53743549",2015-06-02
902463462,2015,06,02,Weekday,1300,2-Car,No injury/unknown,IMPROPER TURNING,N WALNUT,39.16871445,-86.53356669,"39.16871445,-86.53356669",2015-06-02
902463470,2015,06,05,Weekday,1700,1-Car,No injury/unknown,OTHER (ENVIRONMENTAL) - EXPLAIN IN NARR,ARLINGTON & SR46W,39.20840345,-86.58055083,"39.20840345,-86.58055083",2015-06-05
902463471,2015,06,05,Weekday,2100,1-Car,No injury/unknown,OTHER (DRIVER) - EXPLAIN IN NARRATIVE,RATLIFF,39.21679527,-86.64838135,"39.21679527,-86.64838135",2015-06-05
902463472,2015,06,02,Weekday,1700,2-Car,No injury/unknown,FOLLOWING TOO CLOSELY,FULLERTON & SR7N,39.12221146,-86.57353973,"39.12221146,-86.57353973",2015-06-02
902463499,2015,05,05,Weekday,2200,1-Car,No injury/unknown,RAN OFF ROAD RIGHT,TOWER & W ISON,39.104944,-86.61032,"39.104944,-86.61032",2015-05-05
902463603,2015,06,02,Weekday,1300,2-Car,No injury/unknown,OTHER (DRIVER) - EXPLAIN IN NARRATIVE,WEST 2ND,39.16144,-86.527152,"39.16144,-86.527152",2015-06-02
902463702,2015,06,03,Weekday,0800,2-Car,No injury/unknown,UNSAFE BACKING,11TH & FORREST,39.17341992,-86.52240141,"39.17341992,-86.52240141",2015-06-03
902463710,2015,06,03,Weekday,0900,2-Car,No injury/unknown,FAILURE TO YIELD RIGHT OF WAY,LEONARD SPRINGS & SR45W,39.142048,-86.582592,"39.142048,-86.582592",2015-06-03
902463727,2015,06,03,Weekday,0900,2-Car,No injury/unknown,UNSAFE BACKING,JONES & JORDAN,39.16540012,-86.51645322,"39.16540012,-86.51645322",2015-06-03
902463833,2015,06,06,Weekday,1100,2-Car,No injury/unknown,,LIBERTY,39.145264,-86.577616,"39.145264,-86.577616",2015-06-06
902463905,2015,06,03,Weekday,0800,2-Car,No injury/unknown,UNSAFE BACKING,W 8TH,39.169664,-86.550928,"39.169664,-86.550928",2015-06-03
902463991,2015,06,03,Weekday,0900,2-Car,No injury/unknown,ACCELERATOR FAILURE OR DEFECTIVE,SOUTH FAIRFAX & WALNUT STREET,39.10715997,-86.52650982,"39.10715997,-86.52650982",2015-06-03
902464120,2015,06,02,Weekday,2000,2-Car,No injury/unknown,UNSAFE BACKING,N GATES,39.16987228,-86.57498168,"39.16987228,-86.57498168",2015-06-02
902464128,2015,06,02,Weekday,2000,2-Car,No injury/unknown,OTHER (DRIVER) - EXPLAIN IN NARRATIVE,N DANIELS,39.16671172,-86.59908838,"39.16671172,-86.59908838",2015-06-02
902464265,2015,06,07,Weekend,2300,1-Car,No injury/unknown,ANIMAL/OBJECT IN ROADWAY,CHAPEL HILL & SR446S,39.02483704,-86.40536989,"39.02483704,-86.40536989",2015-06-07
902464304,2015,05,06,Weekend,2100,2-Car,Non-incapacitating,FOLLOWING TOO CLOSELY,2ND & ROGERS,39.16140027,-86.53867028,"39.16140027,-86.53867028",2015-05-06
902464408,2015,06,04,Weekday,0800,2-Car,No injury/unknown,FAILURE TO YIELD RIGHT OF WAY,2ND & COLLEGE MALL,39.160944,-86.497696,"39.160944,-86.497696",2015-06-04
902464414,2015,06,04,Weekday,0600,1-Car,Incapacitating,RAN OFF ROAD RIGHT,RUSH RIDGE & SR446S,39.08472,-86.420688,"39.08472,-86.420688",2015-06-04
902464445,2015,06,02,Weekday,2200,Moped/Motorcycle,Incapacitating,UNSAFE SPEED,E MONROE DAM & S VALLEY MISSION,39.009344,-86.510096,"39.009344,-86.510096",2015-06-02
902464723,2015,06,04,Weekday,1400,2-Car,No injury/unknown,UNSAFE BACKING,N COLLEGE,39.168656,-86.534784,"39.168656,-86.534784",2015-06-04
902464777,2015,06,04,Weekday,1500,3+ Cars,No injury/unknown,FOLLOWING TOO CLOSELY,S LIBERTY & W 3RD,39.14874854,-86.57913006,"39.14874854,-86.57913006",2015-06-04
902465029,2015,06,04,Weekday,2200,2-Car,Non-incapacitating,FAILURE TO YIELD RIGHT OF WAY,WALNUT & WINSLOW,39.13597025,-86.5311098,"39.13597025,-86.5311098",2015-06-04
902465100,2015,06,05,Weekday,0700,Moped/Motorcycle,Incapacitating,FOLLOWING TOO CLOSELY,E 1ST & S WALNUT,39.159344,-86.5336,"39.159344,-86.5336",2015-06-05
902465176,2015,06,05,Weekday,0700,2-Car,No injury/unknown,DISREGARD SIGNAL/REG SIGN,COLLEGE & KIRKWOOD,39.16664,-86.5348,"39.16664,-86.5348",2015-06-05
902465239,2015,06,05,Weekday,1000,2-Car,No injury/unknown,UNSAFE BACKING,S COLLEGE MALL,39.15760751,-86.49780963,"39.15760751,-86.49780963",2015-06-05
902465253,2015,06,05,Weekday,0800,1-Car,No injury/unknown,DRIVER ASLEEP OR FATIGUED,EAST SR RD 46,39.18658829,-86.54039001,"39.18658829,-86.54039001",2015-06-05
902465255,2015,06,05,Weekday,1200,2-Car,No injury/unknown,OTHER (DRIVER) - EXPLAIN IN NARRATIVE,N SMITH,39.172048,-86.4816,"39.172048,-86.4816",2015-06-05
902465381,2015,06,05,Weekday,1400,2-Car,No injury/unknown,FAILURE TO YIELD RIGHT OF WAY,10TH & LINCOLN,39.171712,-86.530992,"39.171712,-86.530992",2015-06-05
902465412,2015,06,05,Weekday,1500,3+ Cars,No injury/unknown,FOLLOWING TOO CLOSELY,SR37N & W VERNAL,39.12373205,-86.56252288,"39.12373205,-86.56252288",2015-06-05
902465433,2015,06,05,Weekday,1600,2-Car,No injury/unknown,FOLLOWING TOO CLOSELY,E 10TH & SR4546S,39.176848,-86.478192,"39.176848,-86.478192",2015-06-05
902465494,2015,06,05,Weekday,1800,1-Car,Incapacitating,RAN OFF ROAD RIGHT,N WALNUT & SR46E,39.186368,-86.5344,"39.186368,-86.5344",2015-06-05
902465497,2015,06,05,Weekday,1600,2-Car,No injury/unknown,FAILURE TO YIELD RIGHT OF WAY,S WALNUT,39.13736,-86.529904,"39.13736,-86.529904",2015-06-05
902465499,2015,06,05,Weekday,1600,1-Car,Incapacitating,RAN OFF ROAD RIGHT,DALLAS & HARTSTRAIT,39.19955087,-86.61207966,"39.19955087,-86.61207966",2015-06-05
902465509,2015,06,05,Weekday,1500,2-Car,No injury/unknown,UNSAFE BACKING,SOUTH OLD STATE ROAD 37,39.0138258,-86.54091596,"39.0138258,-86.54091596",2015-06-05
902465512,2015,06,05,Weekday,1800,2-Car,No injury/unknown,FOLLOWING TOO CLOSELY,FRANKLIN & W 3RD,39.164688,-86.5712,"39.164688,-86.5712",2015-06-05
902465535,2015,06,05,Weekday,2100,Pedestrian,Non-incapacitating,FAILURE TO YIELD RIGHT OF WAY,KINSER & SR4546W,39.186544,-86.537888,"39.186544,-86.537888",2015-06-05
902465642,2015,06,06,Weekday,0000,2-Car,Incapacitating,WRONG WAY ON ONE WAY,17TH & SR46E,39.18226243,-86.51045827,"39.18226243,-86.51045827",2015-06-06
902465717,2015,06,05,Weekday,0900,1-Car,No injury/unknown,ANIMAL/OBJECT IN ROADWAY,EVANS & HARMONY,39.07731105,-86.62865271,"39.07731105,-86.62865271",2015-06-05
902465742,2015,06,06,Weekday,0800,1-Car,No injury/unknown,RAN OFF ROAD RIGHT,6TH & COLLEGE,39.167648,-86.534784,"39.167648,-86.534784",2015-06-06
902465776,2015,06,06,Weekday,0900,2-Car,No injury/unknown,UNSAFE BACKING,S CLARIZZ,39.15260696,-86.49272918,"39.15260696,-86.49272918",2015-06-06
902465939,2015,06,06,Weekday,1100,2-Car,No injury/unknown,FAILURE TO YIELD RIGHT OF WAY,SO WALNUT & W 1ST,39.176848,-86.533424,"39.176848,-86.533424",2015-06-06
902465949,2015,06,06,Weekday,1200,2-Car,No injury/unknown,FOLLOWING TOO CLOSELY,2ND & MADISON,39.161488,-86.537296,"39.161488,-86.537296",2015-06-06
902465957,2015,06,06,Weekday,1200,2-Car,No injury/unknown,FAILURE TO YIELD RIGHT OF WAY,3RD & ROSE,39.164352,-86.510944,"39.164352,-86.510944",2015-06-06
902466017,2015,06,06,Weekday,1300,3+ Cars,No injury/unknown,FOLLOWING TOO CLOSELY,3RD & UNION,39.164352,-86.5088,"39.164352,-86.5088",2015-06-06
902466116,2015,06,06,Weekday,1500,2-Car,No injury/unknown,FAILURE TO YIELD RIGHT OF WAY,2ND & MITCHELL,39.16112,-86.514096,"39.16112,-86.514096",2015-06-06
902466120,2015,06,06,Weekday,1600,2-Car,No injury/unknown,UNSAFE LANE MOVEMENT,3RD & CURRY,39.164544,-86.560096,"39.164544,-86.560096",2015-06-06
902466134,2015,06,06,Weekday,1700,2-Car,No injury/unknown,UNSAFE BACKING,N DUNN,39.206144,-86.528592,"39.206144,-86.528592",2015-06-06
902466206,2015,06,06,Weekday,1800,2-Car,No injury/unknown,FAILURE TO YIELD RIGHT OF WAY,SR37 & W 3RD,39.164752,-86.573104,"39.164752,-86.573104",2015-06-06
902466256,2015,06,06,Weekend,2300,1-Car,Incapacitating,RAN OFF ROAD RIGHT,WEST VERNAL,39.17356873,-86.55478668,"39.17356873,-86.55478668",2015-06-06
902466293,2015,06,07,Weekend,0000,1-Car,No injury/unknown,OTHER (DRIVER) - EXPLAIN IN NARRATIVE,W KIRKWOOD,39.166784,-86.5468,"39.166784,-86.5468",2015-06-07
902466389,2015,06,07,Weekend,1000,2-Car,Incapacitating,FAILURE TO YIELD RIGHT OF WAY,ATWATER & E 3RD,39.164448,-86.528096,"39.164448,-86.528096",2015-06-07
902466462,2015,06,06,Weekend,2200,1-Car,No injury/unknown,FOLLOWING TOO CLOSELY,S BREEDEN & SR45W,39.086832,-86.671984,"39.086832,-86.671984",2015-06-06
902466518,2015,06,06,Weekend,2000,2-Car,No injury/unknown,OTHER (DRIVER) - EXPLAIN IN NARRATIVE,E 3RD & S PETE ELLIS,39.16424,-86.495088,"39.16424,-86.495088",2015-06-06
902466574,2015,06,07,Weekend,2000,2-Car,No injury/unknown,,E 3RD,39.16424,-86.49250645,"39.16424,-86.49250645",2015-06-07
902466615,2015,06,07,Weekend,1000,2-Car,Incapacitating,BRAKE FAILURE OR DEFECTIVE,LEONARD SPRINGS & SR45,39.142048,-86.582592,"39.142048,-86.582592",2015-06-07
902466616,2015,06,07,Weekend,1300,1-Car,No injury/unknown,RAN OFF ROAD RIGHT,ROCKPORT & TAPP,39.13426528,-86.55084379,"39.13426528,-86.55084379",2015-06-07
902466623,2015,06,07,Weekend,2100,2-Car,No injury/unknown,UNSAFE BACKING,N WALNUT,39.16865861,-86.53356767,"39.16865861,-86.53356767",2015-06-07
902466635,2015,06,07,Weekend,1500,2-Car,No injury/unknown,OTHER (DRIVER) - EXPLAIN IN NARRATIVE,S OAKLAWN,39.13090897,-86.50070953,"39.13090897,-86.50070953",2015-06-07
902466801,2015,06,05,Weekday,1300,2-Car,No injury/unknown,OTHER (DRIVER) - EXPLAIN IN NARRATIVE,ASSOCIATION & FIRST,39.2308,-86.622032,"39.2308,-86.622032",2015-06-05
902466834,2015,06,01,Weekend,1400,1-Car,No injury/unknown,UNSAFE BACKING,S VICTOR,39.10649041,-86.55034722,"39.10649041,-86.55034722",2015-06-01
902466958,2015,06,01,Weekend,1800,2-Car,No injury/unknown,FAILURE TO YIELD RIGHT OF WAY,ASTER & ZINNIA,39.03616995,-86.51847995,"39.03616995,-86.51847995",2015-06-01
902467002,2015,06,07,Weekend,2100,1-Car,No injury/unknown,ANIMAL/OBJECT IN ROADWAY,S OLD STATE RD 37 & SR37S,39.09265515,-86.5313034,"39.09265515,-86.5313034",2015-06-07
902467009,2015,06,01,Weekend,0000,1-Car,No injury/unknown,RAN OFF ROAD RIGHT,OARD & SR48W,39.16400931,-86.62335763,"39.16400931,-86.62335763",2015-06-01
902467080,2015,06,07,Weekend,1600,1-Car,No injury/unknown,UNSAFE SPEED,S LEONARD SPRINGS & W MAY,39.09344,-86.591792,"39.09344,-86.591792",2015-06-07
902467081,2015,06,07,Weekend,1700,2-Car,No injury/unknown,FAILURE TO YIELD RIGHT OF WAY,S SMITH & W WOODYARD,39.1906355,-86.58307661,"39.1906355,-86.58307661",2015-06-07
902467082,2015,06,04,Weekday,1800,2-Car,No injury/unknown,UNSAFE LANE MOVEMENT,S CURRY & W 3RD,39.16463971,-86.58292002,"39.16463971,-86.58292002",2015-06-04
902467437,2015,06,02,Weekday,0900,1-Car,No injury/unknown,UNSAFE BACKING,7TH & N COLLEGE,39.168656,-86.534784,"39.168656,-86.534784",2015-06-02
902467942,2015,06,02,Weekday,1400,Moped/Motorcycle,Incapacitating,RAN OFF ROAD RIGHT,N OLD SR 37 & N PAYNE,39.27496,-86.499216,"39.27496,-86.499216",2015-06-02
902467999,2015,06,02,Weekday,2000,2-Car,No injury/unknown,UNSAFE BACKING,6TH & WALNUT,39.167648,-86.533584,"39.167648,-86.533584",2015-06-02
902468088,2015,06,02,Weekday,2100,Cyclist,Incapacitating,IMPROPER PASSING,N ADAMS & W 7TH,39.168576,-86.5496,"39.168576,-86.5496",2015-06-02
902468175,2015,06,03,Weekday,0700,1-Car,No injury/unknown,OTHER (DRIVER) - EXPLAIN IN NARRATIVE,N MORTON,39.16786971,-86.536,"39.16786971,-86.536",2015-06-03
902468210,2015,06,03,Weekday,0600,2-Car,No injury/unknown,FOLLOWING TOO CLOSELY,BLOOMFIELD & SR37S,39.1475296,-86.57295227,"39.1475296,-86.57295227",2015-06-03
902468230,2015,06,02,Weekday,0900,2-Car,No injury/unknown,,NORTH MORTON,39.16786971,-86.536,"39.16786971,-86.536",2015-06-02
902468259,2015,06,03,Weekday,0800,1-Car,Incapacitating,RAN OFF ROAD RIGHT,BROWNRIDGE & SO SMITH,39.161248,-86.480688,"39.161248,-86.480688",2015-06-03
902468608,2015,06,02,Weekday,2100,Cyclist,Non-incapacitating,IMPROPER TURNING,E 3RD & S HILLSDALE,39.164272,-86.502416,"39.164272,-86.502416",2015-06-02
902468612,2015,06,03,Weekday,1500,1-Car,Non-incapacitating,DRIVER ILLNESS,ADAMS & ADAMS HILL,39.155952,-86.550592,"39.155952,-86.550592",2015-06-03
902468642,2015,06,03,Weekday,1700,2-Car,No injury/unknown,FAILURE TO YIELD RIGHT OF WAY,S LIBERTY & W 3RD,39.16461021,-86.57913006,"39.16461021,-86.57913006",2015-06-03
902468808,2015,06,04,Weekday,0400,1-Car,No injury/unknown,LEFT OF CENTER,MOORES & SR 446,39.15035024,-86.47130328,"39.15035024,-86.47130328",2015-06-04
902468816,2015,06,03,Weekday,1300,2-Car,No injury/unknown,OTHER (DRIVER) - EXPLAIN IN NARRATIVE,W 11TH,39.173344,-86.544272,"39.173344,-86.544272",2015-06-03
902468826,2015,06,04,Weekday,0600,2-Car,No injury/unknown,LEFT OF CENTER,DUNLAP & SR45W,39.119344,-86.618896,"39.119344,-86.618896",2015-06-04
902469049,2015,06,04,Weekday,1800,2-Car,No injury/unknown,UNSAFE BACKING,WEST 2ND,39.16026688,-86.54013824,"39.16026688,-86.54013824",2015-06-04
902469071,2015,06,04,Weekday,0900,3+ Cars,No injury/unknown,OTHER (DRIVER) - EXPLAIN IN NARRATIVE,2ND & MORTON,39.16139022,-86.53630994,"39.16139022,-86.53630994",2015-06-04
902469266,2015,06,03,Weekday,1600,2-Car,No injury/unknown,FAILURE TO YIELD RIGHT OF WAY,LIBERTY & W 3RD,39.16461021,-86.57908677,"39.16461021,-86.57908677",2015-06-03
902469274,2015,06,04,Weekday,1600,1-Car,Non-incapacitating,OTHER (DRIVER) - EXPLAIN IN NARRATIVE,E 3RD,39.16464,-86.56913891,"39.16464,-86.56913891",2015-06-04
902469329,2015,06,04,Weekday,1600,2-Car,No injury/unknown,DISREGARD SIGNAL/REG SIGN,MATTHEWS & SR46W,39.234768,-86.626384,"39.234768,-86.626384",2015-06-04
902469466,2015,06,04,Weekday,1000,2-Car,No injury/unknown,FOLLOWING TOO CLOSELY,E 3RD & S SMITH,39.16424,-86.480688,"39.16424,-86.480688",2015-06-04
902469517,2015,06,05,Weekday,0800,2-Car,No injury/unknown,FOLLOWING TOO CLOSELY,3RD & SMITH,39.16424,-86.480688,"39.16424,-86.480688",2015-06-05
902469565,2015,06,07,Weekend,0000,1-Car,No injury/unknown,OVERCORRECTING/OVERSTEERING,FRIENDSHIP & GROSS,39.14029031,-86.4023659,"39.14029031,-86.4023659",2015-06-07
902469598,2015,06,05,Weekday,0800,1-Car,Non-incapacitating,SPEED TOO FAST FOR WEATHER CONDITIONS,DUNN & SR37N,39.18363953,-86.52836915,"39.18363953,-86.52836915",2015-06-05
902469663,2015,06,05,Weekday,0700,2-Car,No injury/unknown,FOLLOWING TOO CLOSELY,FEE & SR46E,39.186032,-86.51984,"39.186032,-86.51984",2015-06-05
902469734,2015,06,05,Weekday,1400,2-Car,No injury/unknown,FAILURE TO YIELD RIGHT OF WAY,S COLLEGE & W KIRKWOOD,39.16664,-86.5348,"39.16664,-86.5348",2015-06-05
902469764,2015,06,05,Weekday,1400,2-Car,No injury/unknown,FOLLOWING TOO CLOSELY,SR37S & VERNAL,39.176544,-86.5624,"39.176544,-86.5624",2015-06-05
902469797,2015,06,05,Weekday,1400,1-Car,No injury/unknown,RAN OFF ROAD RIGHT,SR37S & SR46W,39.194144,-86.554592,"39.194144,-86.554592",2015-06-05
902469907,2015,06,04,Weekday,1900,2-Car,Non-incapacitating,FAILURE TO YIELD RIGHT OF WAY,N STARNES & W RATLIFF,39.2168697,-86.65871992,"39.2168697,-86.65871992",2015-06-04
902469908,2015,06,07,Weekend,2100,1-Car,No injury/unknown,OVERCORRECTING/OVERSTEERING,S GARRISON CHAPEL & SR48W,39.16620381,-86.65587519,"39.16620381,-86.65587519",2015-06-07
902469920,2015,06,05,Weekday,1800,1-Car,No injury/unknown,RAN OFF ROAD RIGHT,E COLLINS & N MT GILEAD,39.1958089,-86.44152,"39.1958089,-86.44152",2015-06-05
902469953,2015,06,06,Weekday,0000,1-Car,No injury/unknown,SPEED TOO FAST FOR WEATHER CONDITIONS,S LEONARD SPRINGS & W LIZZY,39.1987365,-86.59514017,"39.1987365,-86.59514017",2015-06-06
902470235,2015,06,06,Weekday,1000,2-Car,Non-incapacitating,TIRE FAILURE OR DEFECTIVE,PATTERSON & ROGERS,39.15379018,-86.53874142,"39.15379018,-86.53874142",2015-06-06
902470350,2015,06,06,Weekday,1200,2-Car,No injury/unknown,FAILURE TO YIELD RIGHT OF WAY,NUCKLES & VERNAL,39.17677,-86.56129002,"39.17677,-86.56129002",2015-06-06
902470498,2015,06,04,Weekday,0800,2-Car,No injury/unknown,UNSAFE SPEED,SR37,38.99468154,-86.53719892,"38.99468154,-86.53719892",2015-06-04
902470565,2015,06,06,Weekday,1400,1-Car,No injury/unknown,RAN OFF ROAD RIGHT,WAPPEHANI & WEIMER,39.12284225,-86.56384013,"39.12284225,-86.56384013",2015-06-06
902470580,2015,06,06,Weekday,1600,2-Car,No injury/unknown,FAILURE TO YIELD RIGHT OF WAY,E MAXWELL & S HAWTHORNE,39.157888,-86.520272,"39.157888,-86.520272",2015-06-06
902470596,2015,06,06,Weekday,1400,1-Car,Non-incapacitating,SPEED TOO FAST FOR WEATHER CONDITIONS,11TH & WALNUT,39.173248,-86.533488,"39.173248,-86.533488",2015-06-06
902470606,2015,06,06,Weekday,1800,2-Car,No injury/unknown,OTHER (DRIVER) - EXPLAIN IN NARRATIVE,CURRY & GIFFORD,39.156896,-86.582704,"39.156896,-86.582704",2015-06-06
902470640,2015,06,06,Weekday,1600,2-Car,No injury/unknown,DISREGARD SIGNAL/REG SIGN,E 3RD & S WASHINGTON,39.16464,-86.5324,"39.16464,-86.5324",2015-06-06
902470641,2015,06,06,Weekday,1100,2-Car,No injury/unknown,IMPROPER LANE USAGE,8TH & COLLEGE,39.16938721,-86.534784,"39.16938721,-86.534784",2015-06-06
902470642,2015,06,06,Weekday,1500,2-Car,No injury/unknown,SPEED TOO FAST FOR WEATHER CONDITIONS,CATHCART & PIAZZA,39.14885022,-86.49986006,"39.14885022,-86.49986006",2015-06-06
902470656,2015,06,06,Weekday,1500,2-Car,No injury/unknown,FOLLOWING TOO CLOSELY,S LIBERTY & SR45W,39.14521676,-86.57748603,"39.14521676,-86.57748603",2015-06-06
902470799,2015,06,06,Weekday,1200,2-Car,Incapacitating,IMPROPER TURNING,E 3RD & S KINGSTON,39.16424,-86.492944,"39.16424,-86.492944",2015-06-06
902470813,2015,06,07,Weekend,0600,2-Car,No injury/unknown,FAILURE TO YIELD RIGHT OF WAY,LEONARD SPRINGS & SR45W,39.142048,-86.582592,"39.142048,-86.582592",2015-06-07
902471165,2015,06,05,Weekday,1100,2-Car,No injury/unknown,UNSAFE BACKING,RUSSELL & SR45N,39.20498151,-86.46344752,"39.20498151,-86.46344752",2015-06-05
902471166,2015,06,06,Weekday,0500,1-Car,No injury/unknown,ANIMAL/OBJECT IN ROADWAY,SR37N & WYLIE,39.19857096,-86.5295245,"39.19857096,-86.5295245",2015-06-06
902471406,2015,06,07,Weekend,1500,1-Car,No injury/unknown,OTHER (VEHICLE) - EXPLAIN IN NARRATIVE,S CRAMER,39.123149,-86.545593,"39.123149,-86.545593",2015-06-07
902471429,2015,06,04,Weekday,1500,Moped/Motorcycle,Incapacitating,RAN OFF ROAD RIGHT,N RICHARDSON & SR45E,39.24700928,-86.39276627,"39.24700928,-86.39276627",2015-06-04
902471430,2015,06,05,Weekday,1600,2-Car,No injury/unknown,UNSAFE BACKING,EAGLEVIEW,39.13370271,-86.54604032,"39.13370271,-86.54604032",2015-06-05
902471450,2015,06,07,Weekend,1500,1-Car,No injury/unknown,RAN OFF ROAD RIGHT,KNAPP & W STATE RD 48,39.17540465,-86.60168007,"39.17540465,-86.60168007",2015-06-07
902471452,2015,06,07,Weekend,1500,2-Car,Non-incapacitating,LEFT OF CENTER,PAYNETOWN & SR446S,39.09612677,-86.42389248,"39.09612677,-86.42389248",2015-06-07
902471498,2015,06,04,Weekday,2300,1-Car,Incapacitating,RAN OFF ROAD RIGHT,RUSH RIDGE & SR446,39.08102094,-86.41862099,"39.08102094,-86.41862099",2015-06-04
902471538,2015,06,01,Weekday,2300,1-Car,Incapacitating,OTHER (DRIVER) - EXPLAIN IN NARRATIVE,EAST HUPP & SOUTH FAIRFAX,39.09464,-86.516896,"39.09464,-86.516896",2015-06-01
902471571,2015,06,01,Weekend,1300,2-Car,No injury/unknown,FOLLOWING TOO CLOSELY,PETE ELLIS & THIRD,39.16424,-86.495088,"39.16424,-86.495088",2015-06-01
902471626,2015,06,06,Weekday,0700,2-Car,Incapacitating,LEFT OF CENTER,NIMIT & RHORER,39.12145011,-86.52385698,"39.12145011,-86.52385698",2015-06-06
902471627,2015,06,02,Weekday,0600,1-Car,No injury/unknown,ANIMAL/OBJECT IN ROADWAY,BURCH & SR45W,39.08812773,-86.66905971,"39.08812773,-86.66905971",2015-06-02
902471790,2015,06,02,Weekday,1000,2-Car,No injury/unknown,FOLLOWING TOO CLOSELY,2ND & PATTERSON,39.16074984,-86.54850997,"39.16074984,-86.54850997",2015-06-02
902471870,2015,06,02,Weekday,1300,2-Car,No injury/unknown,UNSAFE BACKING,N HEADLEY,39.18671619,-86.51449029,"39.18671619,-86.51449029",2015-06-02
902471884,2015,06,02,Weekday,1100,2-Car,No injury/unknown,UNSAFE SPEED,10TH & 1799 EAST 10TH PARKING LOT,39.17987132,-86.511383,"39.17987132,-86.511383",2015-06-02
902472004,2015,06,01,Weekend,1000,1-Car,Non-incapacitating,OTHER (VEHICLE) - EXPLAIN IN NARRATIVE,SR446S & WALDRIP CREEK,39.06971087,-86.41607391,"39.06971087,-86.41607391",2015-06-01
902472005,2015,06,01,Weekend,1600,2-Car,No injury/unknown,LEFT OF CENTER,SISCOE & SR46W,39.27146912,-86.67016876,"39.27146912,-86.67016876",2015-06-01
902472006,2015,06,01,Weekend,1600,2-Car,No injury/unknown,LEFT OF CENTER,SISCOE & SR46W,39.27146912,-86.67016876,"39.27146912,-86.67016876",2015-06-01
902472156,2015,06,02,Weekday,1500,2-Car,No injury/unknown,FOLLOWING TOO CLOSELY,WALNUT & WINSLOW,39.13597025,-86.5311098,"39.13597025,-86.5311098",2015-06-02
902472200,2015,06,02,Weekday,2300,2-Car,No injury/unknown,ROADWAY SURFACE CONDITION,3RD & CORY,39.164544,-86.560096,"39.164544,-86.560096",2015-06-02
902472315,2015,06,03,Weekday,0600,2-Car,No injury/unknown,DISREGARD SIGNAL/REG SIGN,KIRKWOOD & ROGERS,39.166672,-86.538608,"39.166672,-86.538608",2015-06-03
902472325,2015,06,02,Weekday,0800,2-Car,No injury/unknown,IMPROPER TURNING,OLD STATE ROAD 37 & RHORER,39.121552,-86.531296,"39.121552,-86.531296",2015-06-02
902472357,2015,06,02,Weekday,1200,2-Car,No injury/unknown,FAILURE TO YIELD RIGHT OF WAY,KIRKWOOD & WASHINGTON,39.16664,-86.5324,"39.16664,-86.5324",2015-06-02
902472417,2015,06,03,Weekday,1000,1-Car,No injury/unknown,UNSAFE BACKING,THIRTEENTH & WOODLAWN,39.17518886,-86.5235621,"39.17518886,-86.5235621",2015-06-03
902472602,2015,06,03,Weekday,1200,2-Car,No injury/unknown,UNSAFE BACKING,EAST 7TH,39.168752,-86.5436,"39.168752,-86.5436",2015-06-03
902472611,2015,06,02,Weekday,1500,2-Car,No injury/unknown,IMPROPER TURNING,S LIBERTY,39.16128024,-86.57919779,"39.16128024,-86.57919779",2015-06-02
902472632,2015,06,02,Weekday,1700,3+ Cars,No injury/unknown,DRIVER DISTRACTED - EXPLAIN IN NARRATIVE,ALLEN & WALNUT,39.1556,-86.53368003,"39.1556,-86.53368003",2015-06-02