Master Record Number,Year,Month,Day,Weekend?,Hour,Collision Type,Injury Type,Primary Factor,Reported_Location,Latitude,Longitude,Location,Date
902472639,2015,06,02,Weekday,1500,2-Car,No injury/unknown,OTHER (ENVIRONMENTAL) - EXPLAIN IN NARR,N RED HILL & SR46W,39.24589916,-86.64042258,"39.24589916,-86.64042258",2015-06-02
902472652,2015,06,07,Weekend,2200,1-Car,No injury/unknown,ANIMAL/OBJECT IN ROADWAY,FAIRFAX & WILL SOWDERS,39.05050845,-86.49855986,"39.05050845,-86.49855986",2015-06-07
902472653,2015,06,03,Weekday,1500,3+ Cars,No injury/unknown,FOLLOWING TOO CLOSELY,BUNGER & SR45W,39.12936,-86.604336,"39.12936,-86.604336",2015-06-03
902472654,2015,06,03,Weekday,1600,2-Car,Non-incapacitating,FAILURE TO YIELD RIGHT OF WAY,CURRY & INDUSTRIAL,39.143808,-86.582592,"39.143808,-86.582592",2015-06-03
902472655,2015,06,05,Weekday,2100,2-Car,No injury/unknown,UNSAFE BACKING,W VERNAL,39.179248,-86.58292,"39.179248,-86.58292",2015-06-05
902472719,2015,06,03,Weekday,1300,1-Car,No injury/unknown,ANIMAL/OBJECT IN ROADWAY,E RAMP CREEK & S SHIELDS RIDGE,39.083024,-86.472912,"39.083024,-86.472912",2015-06-03
902472950,2015,06,03,Weekday,1300,2-Car,No injury/unknown,FOLLOWING TOO CLOSELY,7TH & ADAMS,39.16884964,-86.5495696,"39.16884964,-86.5495696",2015-06-03
902472990,2015,06,03,Weekday,2300,1-Car,No injury/unknown,RAN OFF ROAD RIGHT,E SAMPLE & S OLD STATE 37,39.25864,-86.5012,"39.25864,-86.5012",2015-06-03
902473235,2015,07,04,Weekday,1200,2-Car,No injury/unknown,OTHER (DRIVER) - EXPLAIN IN NARRATIVE,E 3RD,39.16426624,-86.50093216,"39.16426624,-86.50093216",2015-07-04
902473373,2015,07,04,Weekday,1700,2-Car,No injury/unknown,FOLLOWING TOO CLOSELY,SALE & SR46W,39.23384,-86.624704,"39.23384,-86.624704",2015-07-04
902473382,2015,07,04,Weekday,2000,1-Car,No injury/unknown,RAN OFF ROAD RIGHT,S HARMONY & W MAY,39.093744,-86.638304,"39.093744,-86.638304",2015-07-04
902473383,2015,07,04,Weekday,2200,1-Car,Non-incapacitating,RAN OFF ROAD RIGHT,FOSTER FISCUS & SR46W,39.28017044,-86.67959924,"39.28017044,-86.67959924",2015-07-04
902473390,2015,07,04,Weekday,1800,2-Car,No injury/unknown,UNSAFE BACKING,WALNUT,39.165648,-86.5336,"39.165648,-86.5336",2015-07-04
902473418,2015,07,04,Weekday,1600,2-Car,No injury/unknown,UNSAFE BACKING,EAST 3RD,39.16452114,-86.551072,"39.16452114,-86.551072",2015-07-04
902473454,2015,07,04,Weekday,1900,2-Car,Incapacitating,FAILURE TO YIELD RIGHT OF WAY,MOORES & SR446S,39.150352,-86.471296,"39.150352,-86.471296",2015-07-04
902473480,2015,06,02,Weekday,0700,2-Car,No injury/unknown,FAILURE TO YIELD RIGHT OF WAY,CURRY & SR48,39.16463589,-86.58291865,"39.16463589,-86.58291865",2015-06-02
902473486,2015,07,04,Weekday,1600,2-Car,Incapacitating,FAILURE TO YIELD RIGHT OF WAY,CURRY & GRANDE,39.1671886,-86.58296078,"39.1671886,-86.58296078",2015-07-04
902473684,2015,07,04,Weekday,0800,2-Car,No injury/unknown,OTHER (DRIVER) - EXPLAIN IN NARRATIVE,CLARIZZ & SR46E,39.16424,-86.4908,"39.16424,-86.4908",2015-07-04
902473777,2015,07,05,Weekday,0800,2-Car,Incapacitating,FAILURE TO YIELD RIGHT OF WAY,SR37S & W FULLERTON,39.122352,-86.5712,"39.122352,-86.5712",2015-07-05
902473968,2015,07,05,Weekday,1700,2-Car,No injury/unknown,FOLLOWING TOO CLOSELY,PATTERSON & W 2ND,39.16074984,-86.54850997,"39.16074984,-86.54850997",2015-07-05
902474007,2015,07,05,Weekday,1500,3+ Cars,Non-incapacitating,FOLLOWING TOO CLOSELY,S KIMBLE & W 3RD,39.16464,-86.568,"39.16464,-86.568",2015-07-05
902474039,2015,07,05,Weekday,2300,2-Car,No injury/unknown,UNSAFE BACKING,E 3RD & S MORNINGSIDE,39.16424,-86.473696,"39.16424,-86.473696",2015-07-05
902474099,2015,07,06,Weekday,0000,2-Car,No injury/unknown,UNSAFE BACKING,W GRAY,39.17297374,-86.55764832,"39.17297374,-86.55764832",2015-07-06
902474107,2015,07,04,Weekday,1100,3+ Cars,No injury/unknown,VIEW OBSTRUCTED,FRIENDSHIP & SR46,39.15483009,-86.40734052,"39.15483009,-86.40734052",2015-07-04
902474375,2015,07,06,Weekday,1800,3+ Cars,Non-incapacitating,FAILURE TO YIELD RIGHT OF WAY,N KINSER & STATE ROAD 45 46,39.186544,-86.537888,"39.186544,-86.537888",2015-07-06
902474437,2015,07,07,Weekend,0200,2-Car,No injury/unknown,LEFT OF CENTER,3412 N VALLEYVIEW DR & WINDING,39.20140906,-86.546447,"39.20140906,-86.546447",2015-07-07
902474482,2015,07,07,Weekend,0700,2-Car,No injury/unknown,OTHER (DRIVER) - EXPLAIN IN NARRATIVE,S LIBERTY,39.145264,-86.577616,"39.145264,-86.577616",2015-07-07
902474675,2015,07,01,Weekend,0200,1-Car,No injury/unknown,RAN OFF ROAD RIGHT,LEMON & VERNAL,39.17754605,-86.5596216,"39.17754605,-86.5596216",2015-07-01
902474678,2015,07,06,Weekend,2200,1-Car,No injury/unknown,OTHER TELEMATICS IN USE,E BRESSINGHAM & S CHEEKWOOD,39.1504898,-86.49929009,"39.1504898,-86.49929009",2015-07-06
902474684,2015,07,07,Weekend,2300,2-Car,No injury/unknown,OTHER (DRIVER) - EXPLAIN IN NARRATIVE,GARRISON CHAPEL & SR45W,39.111024,-86.638304,"39.111024,-86.638304",2015-07-07
902474784,2015,07,07,Weekend,0900,2-Car,No injury/unknown,,SOUTH COLLEGE,39.16439438,-86.53450775,"39.16439438,-86.53450775",2015-07-07
902474832,2015,07,07,Weekend,1600,Pedestrian,Non-incapacitating,OTHER (DRIVER) - EXPLAIN IN NARRATIVE,S WEIMER & W TAPP,39.24219879,-86.56199008,"39.24219879,-86.56199008",2015-07-07
902474959,2015,07,07,Weekend,1200,2-Car,No injury/unknown,LEFT OF CENTER,WALDRIP CREEK,39.061184,-86.414416,"39.061184,-86.414416",2015-07-07
902474960,2015,07,07,Weekend,1400,2-Car,No injury/unknown,UNSAFE SPEED,SOUTH OLD STATE ROAD 37,39.138688,-86.465968,"39.138688,-86.465968",2015-07-07
902475083,2015,07,02,Weekday,0700,2-Car,No injury/unknown,FAILURE TO YIELD RIGHT OF WAY,10TH & GRANT,39.171696,-86.529696,"39.171696,-86.529696",2015-07-02
902475330,2015,07,02,Weekday,1100,2-Car,No injury/unknown,FAILURE TO YIELD RIGHT OF WAY,ACUFF & SR37,39.20824,-86.554704,"39.20824,-86.554704",2015-07-02
902475560,2015,07,01,Weekend,1700,2-Car,No injury/unknown,UNSAFE BACKING,E LAW,39.17297448,-86.51331469,"39.17297448,-86.51331469",2015-07-01
902475660,2015,07,02,Weekday,1400,2-Car,No injury/unknown,UNSAFE LANE MOVEMENT,SMITH & SR46W,39.210144,-86.5832,"39.210144,-86.5832",2015-07-02
902475754,2015,07,02,Weekday,1000,2-Car,No injury/unknown,FAILURE TO YIELD RIGHT OF WAY,S WALNUT & W GRIMES,39.15344,-86.5336,"39.15344,-86.5336",2015-07-02
902475860,2015,07,03,Weekday,0800,Pedestrian,No injury/unknown,FAILURE TO YIELD RIGHT OF WAY,COLLEGE & KIRKWOOD,39.16664,-86.5348,"39.16664,-86.5348",2015-07-03
902475976,2015,07,03,Weekday,1000,2-Car,No injury/unknown,SPEED TOO FAST FOR WEATHER CONDITIONS,3RD & INDIANA,39.164448,-86.5268,"39.164448,-86.5268",2015-07-03
902476123,2015,07,03,Weekday,1400,2-Car,No injury/unknown,OTHER (DRIVER) - EXPLAIN IN NARRATIVE,STATE ROAD 45,39.125312,-86.610496,"39.125312,-86.610496",2015-07-03
902476215,2015,07,03,Weekday,1600,2-Car,Non-incapacitating,DISREGARD SIGNAL/REG SIGN,GRIMES & HENDERSON,39.153392,-86.527008,"39.153392,-86.527008",2015-07-03
902476238,2015,07,02,Weekday,1400,2-Car,No injury/unknown,RAN OFF ROAD RIGHT,SR446 & SWARTZ RIDGE,39.13200737,-86.44917875,"39.13200737,-86.44917875",2015-07-02
902476353,2015,07,03,Weekday,1600,1-Car,No injury/unknown,RAN OFF ROAD RIGHT,FLUCKMILL & VICTOR,39.073952,-86.570896,"39.073952,-86.570896",2015-07-03
902476429,2015,07,03,Weekday,1700,1-Car,No injury/unknown,RAN OFF ROAD RIGHT,SR37 & WAYPORT,39.26357309,-86.52265961,"39.26357309,-86.52265961",2015-07-03
902476495,2015,07,03,Weekday,0800,2-Car,No injury/unknown,DISREGARD SIGNAL/REG SIGN,ALLEN & FAIRVIEW,39.15584,-86.540992,"39.15584,-86.540992",2015-07-03
902476634,2015,07,04,Weekday,1000,2-Car,Non-incapacitating,IMPROPER TURNING,INDIANA & KIRKWOOD,39.16685967,-86.52690237,"39.16685967,-86.52690237",2015-07-04
902476645,2015,07,03,Weekday,1000,2-Car,No injury/unknown,LEFT OF CENTER,BOLTINGHOUSE & OLD STATE ROAD 37,39.23374261,-86.48390241,"39.23374261,-86.48390241",2015-07-03
902476812,2015,07,01,Weekend,1600,2-Car,No injury/unknown,UNSAFE BACKING,S OLD STATE ROAD 37,39.137088,-86.53056,"39.137088,-86.53056",2015-07-01
902476940,2015,07,04,Weekday,1600,1-Car,No injury/unknown,UNSAFE BACKING,MAXWELL & SHORT,39.143888,-86.515008,"39.143888,-86.515008",2015-07-04
902477032,2015,07,04,Weekday,2100,1-Car,No injury/unknown,UNSAFE SPEED,11TH & ADAMS,39.173344,-86.549792,"39.173344,-86.549792",2015-07-04
902477122,2015,07,03,Weekday,1800,2-Car,No injury/unknown,UNSAFE BACKING,E 6TH,39.167712,-86.529696,"39.167712,-86.529696",2015-07-03
902477378,2015,07,05,Weekday,1100,2-Car,No injury/unknown,OTHER (DRIVER) - EXPLAIN IN NARRATIVE,SR4546E & WALNUT,39.186368,-86.5344,"39.186368,-86.5344",2015-07-05
902477549,2015,07,06,Weekday,0700,1-Car,Incapacitating,IMPROPER LANE USAGE,W ST RD 45,39.125312,-86.610496,"39.125312,-86.610496",2015-07-06
902477586,2015,07,05,Weekday,1500,2-Car,No injury/unknown,DISREGARD SIGNAL/REG SIGN,FEE & LAW,39.174048,-86.518896,"39.174048,-86.518896",2015-07-05
902477699,2015,07,05,Weekday,1700,2-Car,No injury/unknown,LEFT OF CENTER,SR45W & W AIRPORT,39.13630023,-86.59458237,"39.13630023,-86.59458237",2015-07-05
902477943,2015,07,05,Weekday,1200,2-Car,No injury/unknown,FAILURE TO YIELD RIGHT OF WAY,N ADAMS & W KIRKWOOD,39.166816,-86.549488,"39.166816,-86.549488",2015-07-05
902477975,2015,07,05,Weekday,0700,2-Car,No injury/unknown,UNSAFE BACKING,N MORTON,39.16786971,-86.536,"39.16786971,-86.536",2015-07-05
902478106,2015,07,06,Weekday,1100,2-Car,No injury/unknown,FAILURE TO YIELD RIGHT OF WAY,N WALNUT & SR4546,39.18689778,-86.53421346,"39.18689778,-86.53421346",2015-07-06
902478111,2015,07,05,Weekday,1200,2-Car,No injury/unknown,UNSAFE LANE MOVEMENT,JEFFERSON & THIRD,39.164304,-86.506992,"39.164304,-86.506992",2015-07-05
902478170,2015,07,05,Weekday,1900,2-Car,Non-incapacitating,FOLLOWING TOO CLOSELY,S WALNUT & W 3RD,39.16464,-86.5336,"39.16464,-86.5336",2015-07-05
902478457,2015,07,06,Weekend,2000,1-Car,No injury/unknown,FAILURE TO YIELD RIGHT OF WAY,11TH & N WALNUT,39.173248,-86.533488,"39.173248,-86.533488",2015-07-06
902478778,2015,07,07,Weekend,0400,1-Car,No injury/unknown,RAN OFF ROAD RIGHT,SR45E,39.18636,-86.533048,"39.18636,-86.533048",2015-07-07
902478797,2015,07,07,Weekend,0300,1-Car,No injury/unknown,OTHER (DRIVER) - EXPLAIN IN NARRATIVE,11TH,39.173344,-86.549792,"39.173344,-86.549792",2015-07-07
902479575,2015,07,06,Weekday,1700,2-Car,Non-incapacitating,FOLLOWING TOO CLOSELY,SALE & SR46W,39.23384,-86.624704,"39.23384,-86.624704",2015-07-06
902479598,2015,07,07,Weekend,0300,2-Car,No injury/unknown,UNSAFE BACKING,N COLLEGE,39.17609371,-86.534736,"39.17609371,-86.534736",2015-07-07
902479914,2015,07,07,Weekend,2100,Moped/Motorcycle,Incapacitating,FAILURE TO YIELD RIGHT OF WAY,SR46W & UNION VALLEY,39.215152,-86.5928,"39.215152,-86.5928",2015-07-07
902479926,2015,07,07,Weekend,2300,1-Car,No injury/unknown,ANIMAL/OBJECT IN ROADWAY,SR37S & WEST SMITHVILLE,39.16424,-86.480688,"39.16424,-86.480688",2015-07-07
902480018,2015,07,03,Weekday,0000,1-Car,No injury/unknown,SPEED TOO FAST FOR WEATHER CONDITIONS,4625 W GIFFORD & S ENDWRIGHT,39.151344,-86.5964,"39.151344,-86.5964",2015-07-03
902480035,2015,07,01,Weekend,1000,2-Car,No injury/unknown,UNSAFE LANE MOVEMENT,E 6TH & N WALNUT,39.167648,-86.533584,"39.167648,-86.533584",2015-07-01
902480080,2015,07,01,Weekend,1300,2-Car,No injury/unknown,DISREGARD SIGNAL/REG SIGN,MOORES & S SARE,39.150448,-86.4992,"39.150448,-86.4992",2015-07-01
902480129,2015,07,05,Weekday,2000,2-Car,No injury/unknown,UNSAFE BACKING,E 17TH,39.179008,-86.525888,"39.179008,-86.525888",2015-07-05
902480346,2015,07,03,Weekday,0900,2-Car,No injury/unknown,FAILURE TO YIELD RIGHT OF WAY,CURRY & SR45W,39.13972791,-86.58896743,"39.13972791,-86.58896743",2015-07-03
902480441,2015,07,02,Weekday,0900,2-Car,No injury/unknown,UNSAFE BACKING,S COVEY,39.14663118,-86.516192,"39.14663118,-86.516192",2015-07-02
902480559,2015,07,02,Weekday,1300,1-Car,No injury/unknown,RAN OFF ROAD RIGHT,HINDS & SR45W,39.09859974,-86.6527848,"39.09859974,-86.6527848",2015-07-02
902480667,2015,07,06,Weekday,1500,2-Car,No injury/unknown,,E 10TH & SR4546,39.176848,-86.478192,"39.176848,-86.478192",2015-07-06
902480743,2015,07,06,Weekday,1800,1-Car,No injury/unknown,OVERCORRECTING/OVERSTEERING,SMITHVILLE & ZIKES,39.07066347,-86.52928133,"39.07066347,-86.52928133",2015-07-06
902480744,2015,07,07,Weekend,1500,2-Car,No injury/unknown,UNSAFE LANE MOVEMENT,CURRY & VERNAL,39.17637195,-86.58311948,"39.17637195,-86.58311948",2015-07-07
902480745,2015,07,07,Weekend,1700,1-Car,Non-incapacitating,ANIMAL/OBJECT IN ROADWAY,FOX HOLLOW & SR37N,39.29244879,-86.51773545,"39.29244879,-86.51773545",2015-07-07
902480753,2015,07,07,Weekend,1700,2-Car,No injury/unknown,UNSAFE BACKING,E EMPIRE MILL,39.08576764,-86.534887,"39.08576764,-86.534887",2015-07-07
902480755,2015,07,06,Weekend,1900,2-Car,Incapacitating,FAILURE TO YIELD RIGHT OF WAY,17 & JACKSON,39.179024,-86.539616,"39.179024,-86.539616",2015-07-06
902480756,2015,06,04,Weekday,1500,3+ Cars,Incapacitating,IMPROPER TURNING,6TH & COLLEGE,39.167648,-86.534784,"39.167648,-86.534784",2015-06-04
902480785,2015,07,02,Weekday,2100,2-Car,No injury/unknown,FAILURE TO YIELD RIGHT OF WAY,2ND & WALNUT,39.16144,-86.5336,"39.16144,-86.5336",2015-07-02
902480786,2015,07,07,Weekend,2000,2-Car,No injury/unknown,FOLLOWING TOO CLOSELY,E PINE GROVE & SR446S,39.116464,-86.428672,"39.116464,-86.428672",2015-07-07
902480915,2015,07,02,Weekday,2300,1-Car,Incapacitating,RAN OFF ROAD RIGHT,E SMITHVILLE & ZIKES,39.071344,-86.5252,"39.071344,-86.5252",2015-07-02
902481232,2015,07,03,Weekday,0700,2-Car,No injury/unknown,DRIVER ASLEEP OR FATIGUED,AIRPORT & SR45,39.136848,-86.593792,"39.136848,-86.593792",2015-07-03
902481556,2015,07,03,Weekday,1100,2-Car,Non-incapacitating,FAILURE TO YIELD RIGHT OF WAY,S HENDERSON & WINSLOW,39.136144,-86.5268,"39.136144,-86.5268",2015-07-03
902481646,2015,07,02,Weekday,1500,2-Car,No injury/unknown,FOLLOWING TOO CLOSELY,SR37S & SR45W,39.148144,-86.572992,"39.148144,-86.572992",2015-07-02
902481889,2015,07,03,Weekday,1300,2-Car,No injury/unknown,UNSAFE BACKING,SOUTH LIBERTY,39.189248,-86.531472,"39.189248,-86.531472",2015-07-03
902481894,2015,07,03,Weekday,1900,2-Car,Incapacitating,UNSAFE BACKING,S WALNUT,39.13493114,-86.52778394,"39.13493114,-86.52778394",2015-07-03
902481957,2015,07,07,Weekend,2100,2-Car,No injury/unknown,UNSAFE SPEED,DUNLAP & SR45,39.119344,-86.618896,"39.119344,-86.618896",2015-07-07
902482205,2015,07,03,Weekday,2300,Moped/Motorcycle,Incapacitating,RAN OFF ROAD RIGHT,2ND & FAIRFAX,39.07984143,-86.51372277,"39.07984143,-86.51372277",2015-07-03
902482774,2015,07,04,Weekday,1300,2-Car,No injury/unknown,IMPROPER LANE USAGE,E 6TH & N DUNN,39.167728,-86.528208,"39.167728,-86.528208",2015-07-04
902482778,2015,07,03,Weekday,1600,2-Car,No injury/unknown,FAILURE TO YIELD RIGHT OF WAY,S FAIRFAX & SMITHVILLE,39.071152,-86.503088,"39.071152,-86.503088",2015-07-03
902482799,2015,07,04,Weekday,1600,2-Car,No injury/unknown,FAILURE TO YIELD RIGHT OF WAY,11TH & 800 BLK N COLLEGE,39.17378131,-86.534752,"39.17378131,-86.534752",2015-07-04
902482816,2015,07,04,Weekday,1700,2-Car,No injury/unknown,IMPROPER PASSING,COLLEGE MALL & MOORES,39.150448,-86.498,"39.150448,-86.498",2015-07-04
902482833,2015,07,04,Weekday,1700,2-Car,No injury/unknown,IMPROPER LANE USAGE,3RD & INDIANA,39.164448,-86.5268,"39.164448,-86.5268",2015-07-04
902482918,2015,07,04,Weekday,1700,2-Car,No injury/unknown,FOLLOWING TOO CLOSELY,CURRY & GIFFORD,39.15717057,-86.58271305,"39.15717057,-86.58271305",2015-07-04
902483339,2015,07,05,Weekday,1300,2-Car,No injury/unknown,IMPROPER TURNING,LIBERTY,39.145152,-86.5776,"39.145152,-86.5776",2015-07-05
902483623,2015,07,05,Weekday,1300,2-Car,No injury/unknown,OTHER (VEHICLE) - EXPLAIN IN NARRATIVE,N COLLEGE,39.17030106,-86.53477192,"39.17030106,-86.53477192",2015-07-05
902483667,2015,07,05,Weekday,2200,1-Car,No injury/unknown,IMPROPER LANE USAGE,3RD & COLLEGE,39.16464,-86.534816,"39.16464,-86.534816",2015-07-05
902483782,2015,07,06,Weekday,0700,3+ Cars,Non-incapacitating,FOLLOWING TOO CLOSELY,S WALNUT & W GRIMES,39.15344,-86.5336,"39.15344,-86.5336",2015-07-06
902483812,2015,07,06,Weekday,0600,1-Car,No injury/unknown,ANIMAL/OBJECT IN ROADWAY,SR37S & TAPP,39.13978646,-86.57292991,"39.13978646,-86.57292991",2015-07-06
902483814,2015,07,06,Weekday,0900,2-Car,No injury/unknown,,S WALNUT,39.16273306,-86.5336,"39.16273306,-86.5336",2015-07-06
902483888,2015,07,06,Weekday,1100,2-Car,No injury/unknown,UNSAFE BACKING,E 10TH,39.17157747,-86.51808392,"39.17157747,-86.51808392",2015-07-06
902483948,2015,07,06,Weekday,0800,3+ Cars,Non-incapacitating,DRIVER ILLNESS,KINSER & SR4546W,39.186544,-86.537888,"39.186544,-86.537888",2015-07-06
902484079,2015,07,06,Weekday,1300,2-Car,Incapacitating,OTHER (DRIVER) - EXPLAIN IN NARRATIVE,S LEONARD SPRINGS,39.142048,-86.582592,"39.142048,-86.582592",2015-07-06
902484245,2015,07,06,Weekday,1300,2-Car,No injury/unknown,DISREGARD SIGNAL/REG SIGN,1ST & ROGERS,39.17664,-86.538496,"39.17664,-86.538496",2015-07-06
902484313,2015,07,06,Weekday,1600,2-Car,Incapacitating,DISREGARD SIGNAL/REG SIGN,GRIMES & HENDERSON,39.153392,-86.527008,"39.153392,-86.527008",2015-07-06
902484381,2015,07,06,Weekday,1700,2-Car,No injury/unknown,IMPROPER TURNING,1ST & COLLEGE,39.15944,-86.53488,"39.15944,-86.53488",2015-07-06
902484436,2015,07,06,Weekend,2000,2-Car,No injury/unknown,FOLLOWING TOO CLOSELY,N MADISON & W 17TH,39.178992,-86.537792,"39.178992,-86.537792",2015-07-06
902484530,2015,06,05,Weekday,1200,1-Car,No injury/unknown,RAN OFF ROAD RIGHT,LODGE & ROCKPORT,39.07904,-86.594,"39.07904,-86.594",2015-06-05
902484531,2015,07,06,Weekday,1400,1-Car,No injury/unknown,RAN OFF ROAD RIGHT,HARRELL & RHORER,39.12181389,-86.50054649,"39.12181389,-86.50054649",2015-07-06
902484532,2015,04,07,Weekend,0700,1-Car,No injury/unknown,LEFT OF CENTER,GORE & OLD SR 37 S,38.76915985,-86.54174007,"38.76915985,-86.54174007",2015-04-07
902484589,2015,07,07,Weekend,0900,2-Car,No injury/unknown,LEFT OF CENTER,11TH & VERNAL,39.173344,-86.555104,"39.173344,-86.555104",2015-07-07
902484595,2015,07,06,Weekday,1800,2-Car,No injury/unknown,FOLLOWING TOO CLOSELY,3RD & SR37N,39.164752,-86.573104,"39.164752,-86.573104",2015-07-06
902484714,2015,07,07,Weekend,1600,Moped/Motorcycle,Non-incapacitating,FOLLOWING TOO CLOSELY,E GENTRY & SR446S,39.15744,-86.471456,"39.15744,-86.471456",2015-07-07
902484784,2015,07,07,Weekend,2100,2-Car,No injury/unknown,IMPROPER LANE USAGE,ST RD 45 46,39.186352,-86.531696,"39.186352,-86.531696",2015-07-07
902484844,2015,07,07,Weekend,2300,1-Car,No injury/unknown,OTHER (ENVIRONMENTAL) - EXPLAIN IN NARR,SR446S,39.148464,-86.471256,"39.148464,-86.471256",2015-07-07
902485106,2015,07,01,Weekend,1800,2-Car,No injury/unknown,DISREGARD SIGNAL/REG SIGN,NORTH COLLEGE & WEST 7TH,39.168656,-86.534784,"39.168656,-86.534784",2015-07-01
902485108,2015,07,01,Weekend,1500,2-Car,No injury/unknown,,SOUTH WALNUT,39.16084114,-86.5336,"39.16084114,-86.5336",2015-07-01
902485133,2015,07,05,Weekday,1900,2-Car,No injury/unknown,FAILURE TO YIELD RIGHT OF WAY,W ST RD 45,39.125312,-86.610496,"39.125312,-86.610496",2015-07-05
902485163,2015,07,01,Weekday,2100,2-Car,No injury/unknown,IMPROPER TURNING,E 3RD & S SWAIN,39.16425012,-86.51525996,"39.16425012,-86.51525996",2015-07-01
902485277,2015,07,01,Weekend,1200,2-Car,Non-incapacitating,FOLLOWING TOO CLOSELY,CURRY & SR45,39.142048,-86.582592,"39.142048,-86.582592",2015-07-01
902485320,2015,07,02,Weekday,0500,2-Car,Non-incapacitating,FAILURE TO YIELD RIGHT OF WAY,ROGERS & WILSON,39.15146934,-86.538592,"39.15146934,-86.538592",2015-07-02
902485391,2015,07,02,Weekday,0900,2-Car,No injury/unknown,UNSAFE BACKING,S LIBERTY,39.145264,-86.577616,"39.145264,-86.577616",2015-07-02
902485653,2015,07,01,Weekday,1900,2-Car,No injury/unknown,IMPROPER LANE USAGE,N WALNUT & W 7TH,39.16864,-86.533568,"39.16864,-86.533568",2015-07-01
902485668,2015,07,02,Weekday,1400,2-Car,No injury/unknown,IMPROPER PASSING,ORCHARD & WALNUT,38.01932812,-87.635098,"38.01932812,-87.635098",2015-07-02
902485738,2015,07,01,Weekend,1800,2-Car,No injury/unknown,UNSAFE BACKING,MORTON,39.16776686,-86.536,"39.16776686,-86.536",2015-07-01
902485779,2015,07,02,Weekday,1700,Pedestrian,Incapacitating,DRIVER DISTRACTED - EXPLAIN IN NARRATIVE,S SARE,39.150448,-86.4992,"39.150448,-86.4992",2015-07-02
902485890,2015,07,03,Weekday,0400,1-Car,No injury/unknown,OTHER (DRIVER) - EXPLAIN IN NARRATIVE,GORDON,39.121648,-86.539088,"39.121648,-86.539088",2015-07-03
902485913,2015,07,02,Weekday,0600,2-Car,No injury/unknown,DISREGARD SIGNAL/REG SIGN,FULLERTON & SR37,39.122352,-86.5712,"39.122352,-86.5712",2015-07-02
902486279,2015,07,06,Weekday,1500,1-Car,Incapacitating,OVERCORRECTING/OVERSTEERING,COUNTY LINE & SR46W,39.28084491,-86.68138599,"39.28084491,-86.68138599",2015-07-06
902486290,2015,07,02,Weekday,1500,2-Car,No injury/unknown,UNSAFE BACKING,W SR 45,39.125312,-86.610496,"39.125312,-86.610496",2015-07-02
902486291,2015,07,06,Weekday,1700,2-Car,No injury/unknown,FOLLOWING TOO CLOSELY,SR37S & W FULLERTON,39.17502644,-86.57353973,"39.17502644,-86.57353973",2015-07-06
902486462,2015,07,03,Weekday,1400,2-Car,Non-incapacitating,FOLLOWING TOO CLOSELY,2ND & ROGERS,39.16151347,-86.53832754,"39.16151347,-86.53832754",2015-07-03
902486464,2015,07,03,Weekday,1300,2-Car,No injury/unknown,FAILURE TO YIELD RIGHT OF WAY,COX & SR45E,39.22185242,-86.44175194,"39.22185242,-86.44175194",2015-07-03
902486518,2015,07,03,Weekday,1400,1-Car,No injury/unknown,IMPROPER TURNING,S COLLEGE,39.16115717,-86.53485253,"39.16115717,-86.53485253",2015-07-03
902486584,2015,07,03,Weekday,0400,1-Car,Non-incapacitating,SPEED TOO FAST FOR WEATHER CONDITIONS,E SAMPLE,39.26616,-86.522752,"39.26616,-86.522752",2015-07-03
902486622,2015,07,04,Weekday,0500,2-Car,Incapacitating,FAILURE TO YIELD RIGHT OF WAY,E WINSLOW & S WALNUT ST,39.136144,-86.528688,"39.136144,-86.528688",2015-07-04
902486774,2015,07,03,Weekday,1200,2-Car,No injury/unknown,UNSAFE BACKING,NORTH DANIELS,39.16671172,-86.59908838,"39.16671172,-86.59908838",2015-07-03
902486863,2015,07,04,Weekday,1100,2-Car,No injury/unknown,OTHER (DRIVER) - EXPLAIN IN NARRATIVE,WALNUT,39.107344,-86.5264,"39.107344,-86.5264",2015-07-04
902486880,2015,07,04,Weekday,1100,2-Car,No injury/unknown,FOLLOWING TOO CLOSELY,DUNCAN & SR45W,39.13467187,-86.59671551,"39.13467187,-86.59671551",2015-07-04
902486984,2015,07,03,Weekday,1500,2-Car,No injury/unknown,FAILURE TO YIELD RIGHT OF WAY,E 3RD & S PETE ELLIS,39.16424,-86.495088,"39.16424,-86.495088",2015-07-03