Master Record Number,Year,Month,Day,Weekend?,Hour,Collision Type,Injury Type,Primary Factor,Reported_Location,Latitude,Longitude,Location,Date
902500741,2015,08,07,Weekend,0900,2-Car,No injury/unknown,UNSAFE BACKING,FAIRVIEW & KIRKWOOD,39.16649801,-86.5408,"39.16649801,-86.5408",2015-08-07
902500768,2015,08,07,Weekend,1000,2-Car,No injury/unknown,DISREGARD SIGNAL/REG SIGN,3RD & INDIANA,39.164448,-86.5268,"39.164448,-86.5268",2015-08-07
902500857,2015,08,07,Weekend,1500,2-Car,No injury/unknown,IMPROPER TURNING,14TH & NORTH WALNUT,39.175952,-86.53344,"39.175952,-86.53344",2015-08-07
902500862,2015,08,07,Weekend,1500,Bus,No injury/unknown,UNSAFE BACKING,EAST 7TH,39.1684337,-86.52330391,"39.1684337,-86.52330391",2015-08-07
902500895,2015,08,07,Weekend,2100,2-Car,No injury/unknown,IMPROPER TURNING,E 3RD,39.16424,-86.49425989,"39.16424,-86.49425989",2015-08-07
902500902,2015,08,01,Weekend,0100,1-Car,Non-incapacitating,RAN OFF ROAD RIGHT,DRISCOLL & S WALNUT,39.1524598,-86.53370015,"39.1524598,-86.53370015",2015-08-01
902500910,2015,08,06,Weekday,1700,2-Car,Non-incapacitating,DRIVER DISTRACTED - EXPLAIN IN NARRATIVE,SR37S & W TAPP,39.13704,-86.572896,"39.13704,-86.572896",2015-08-06
902500911,2015,08,06,Weekend,2100,2-Car,No injury/unknown,UNSAFE SPEED,N CURRY & SR46W,39.19377136,-86.5711975,"39.19377136,-86.5711975",2015-08-06
902500918,2015,08,03,Weekday,1300,2-Car,No injury/unknown,FAILURE TO YIELD RIGHT OF WAY,SR37N & WHISNAND,39.23262822,-86.53192901,"39.23262822,-86.53192901",2015-08-03
902500959,2015,08,01,Weekend,0900,2-Car,No injury/unknown,IMPROPER LANE USAGE,E 2ND & PARK,39.16144,-86.523952,"39.16144,-86.523952",2015-08-01
902501000,2015,08,01,Weekend,1200,2-Car,Incapacitating,FOLLOWING TOO CLOSELY,7TH & SR46E,39.167648,-86.500096,"39.167648,-86.500096",2015-08-01
902501023,2015,08,06,Weekday,1400,2-Car,No injury/unknown,UNSAFE BACKING,3RD,39.164728,-86.57239,"39.164728,-86.57239",2015-08-06
902501028,2015,08,01,Weekend,1200,2-Car,No injury/unknown,DRIVER DISTRACTED - EXPLAIN IN NARRATIVE,GORDON & OLD STATE ROAD 37,39.121552,-86.531296,"39.121552,-86.531296",2015-08-01
902501041,2015,08,01,Weekend,1200,2-Car,No injury/unknown,FOLLOWING TOO CLOSELY,DUNN & SR46W,39.186352,-86.528496,"39.186352,-86.528496",2015-08-01
902501050,2015,08,01,Weekend,1400,2-Car,No injury/unknown,SPEED TOO FAST FOR WEATHER CONDITIONS,7TH & JORDAN,39.168944,-86.516016,"39.168944,-86.516016",2015-08-01
902501061,2015,08,01,Weekend,1200,1-Car,Non-incapacitating,RAN OFF ROAD RIGHT,RATLIFF & THOMAS,38.8975569,-86.63040988,"38.8975569,-86.63040988",2015-08-01
902501069,2015,08,01,Weekend,1300,1-Car,No injury/unknown,SPEED TOO FAST FOR WEATHER CONDITIONS,LANAM & RUSSELL,39.1946999,-86.48918741,"39.1946999,-86.48918741",2015-08-01
902501119,2015,08,07,Weekend,2000,2-Car,No injury/unknown,FOLLOWING TOO CLOSELY,3RD & N WALNUT,39.16464,-86.5336,"39.16464,-86.5336",2015-08-07
902501150,2015,08,01,Weekend,1700,2-Car,No injury/unknown,FAILURE TO YIELD RIGHT OF WAY,10TH & GRANT,39.171696,-86.529696,"39.171696,-86.529696",2015-08-01
902501171,2015,08,01,Weekday,1900,2-Car,Non-incapacitating,FAILURE TO YIELD RIGHT OF WAY,EAST 10TH & PETE ELLIS,39.171504,-86.495312,"39.171504,-86.495312",2015-08-01
902501189,2015,08,01,Weekend,1700,2-Car,No injury/unknown,FAILURE TO YIELD RIGHT OF WAY,3RD & WALNUT,39.16464,-86.5336,"39.16464,-86.5336",2015-08-01
902501201,2015,08,01,Weekend,1300,2-Car,Non-incapacitating,FOLLOWING TOO CLOSELY,3RD & HIGH,39.164352,-86.508288,"39.164352,-86.508288",2015-08-01
902501216,2015,08,01,Weekday,1900,1-Car,No injury/unknown,RAN OFF ROAD RIGHT,8TH & ROGERS,39.169584,-86.538576,"39.169584,-86.538576",2015-08-01
902501273,2015,08,01,Weekday,2100,2-Car,No injury/unknown,FOLLOWING TOO CLOSELY,FRITZ & N WALNUT,39.191248,-86.532896,"39.191248,-86.532896",2015-08-01
902501296,2015,08,01,Weekday,2100,3+ Cars,Incapacitating,FAILURE TO YIELD RIGHT OF WAY,SR37S & TAPP,39.13704,-86.572896,"39.13704,-86.572896",2015-08-01
902501355,2015,08,01,Weekend,1300,2-Car,No injury/unknown,FOLLOWING TOO CLOSELY,10TH & SR46E,39.171648,-86.502096,"39.171648,-86.502096",2015-08-01
902501436,2015,08,02,Weekday,0800,2-Car,No injury/unknown,OTHER (VEHICLE) - EXPLAIN IN NARRATIVE,E 3RD,39.16424,-86.49224392,"39.16424,-86.49224392",2015-08-02
902501513,2015,08,02,Weekday,1000,2-Car,Non-incapacitating,FAILURE TO YIELD RIGHT OF WAY,6TH & ROGERS,39.16768,-86.538592,"39.16768,-86.538592",2015-08-02
902501670,2015,08,02,Weekday,0900,1-Car,No injury/unknown,RAN OFF ROAD RIGHT,S COLLEGE,39.16115717,-86.53485253,"39.16115717,-86.53485253",2015-08-02
902501707,2015,08,02,Weekday,1100,2-Car,No injury/unknown,OTHER (DRIVER) - EXPLAIN IN NARRATIVE,SR37N & W VERNAL,39.176544,-86.5624,"39.176544,-86.5624",2015-08-02
902501974,2015,08,02,Weekday,1500,3+ Cars,Non-incapacitating,FOLLOWING TOO CLOSELY,S CORY & W 3RD,39.164544,-86.560096,"39.164544,-86.560096",2015-08-02
902501989,2015,08,07,Weekend,1300,2-Car,No injury/unknown,OVERCORRECTING/OVERSTEERING,N MORTON,39.16786971,-86.536,"39.16786971,-86.536",2015-08-07
902502011,2015,08,02,Weekday,1600,2-Car,Non-incapacitating,FAILURE TO YIELD RIGHT OF WAY,17TH & ARLINGTON PARK,39.17911023,-86.5540903,"39.17911023,-86.5540903",2015-08-02
902502033,2015,08,02,Weekday,1700,2-Car,Non-incapacitating,FOLLOWING TOO CLOSELY,BLOOMFIELD & OAKDALE,39.1487068,-86.57121991,"39.1487068,-86.57121991",2015-08-02
902502080,2015,08,02,Weekday,0300,1-Car,No injury/unknown,RAN OFF ROAD RIGHT,JOHN YOUNG & SHILO,39.26518382,-86.43351561,"39.26518382,-86.43351561",2015-08-02
902502090,2015,08,02,Weekday,2200,3+ Cars,No injury/unknown,IMPROPER TURNING,EAST 3RD & SOUTH BALLANTINE,39.16427024,-86.51912972,"39.16427024,-86.51912972",2015-08-02
902502148,2015,08,06,Weekday,0900,2-Car,No injury/unknown,OTHER (DRIVER) - EXPLAIN IN NARRATIVE,3RD & WALNUT,39.16464,-86.5336,"39.16464,-86.5336",2015-08-06
902502280,2015,08,05,Weekday,0800,2-Car,No injury/unknown,DISREGARD SIGNAL/REG SIGN,HARTSTRAIT & VERNAL,39.18676995,-86.6112703,"39.18676995,-86.6112703",2015-08-05
902502281,2015,08,05,Weekday,1100,2-Car,No injury/unknown,FAILURE TO YIELD RIGHT OF WAY,SIMPSON CHAPEL & SR37N,39.280496,-86.522864,"39.280496,-86.522864",2015-08-05
902502524,2015,08,03,Weekday,1600,2-Car,No injury/unknown,FOLLOWING TOO CLOSELY,CONSTITUTION & LIBERTY,39.149552,-86.575936,"39.149552,-86.575936",2015-08-03
902502697,2015,08,02,Weekday,0500,2-Car,No injury/unknown,FOLLOWING TOO CLOSELY,ISON & SR45W,39.10810089,-86.63700103,"39.10810089,-86.63700103",2015-08-02
902502698,2015,08,04,Weekday,0000,1-Car,No injury/unknown,RAN OFF ROAD RIGHT,PINEHURST & SOUTHER PINES,39.13851969,-86.54742971,"39.13851969,-86.54742971",2015-08-04
902502993,2015,08,04,Weekday,1300,2-Car,No injury/unknown,IMPROPER TURNING,E KIRKWOOD,39.16678078,-86.52203053,"39.16678078,-86.52203053",2015-08-04
902503132,2015,08,02,Weekday,1500,2-Car,No injury/unknown,SPEED TOO FAST FOR WEATHER CONDITIONS,SR37S & W FULLERTON,39.122352,-86.5712,"39.122352,-86.5712",2015-08-02
902503275,2015,08,04,Weekday,1500,1-Car,No injury/unknown,UNSAFE BACKING,E 7TH,39.168144,-86.510992,"39.168144,-86.510992",2015-08-04
902503312,2015,08,04,Weekday,1300,2-Car,Non-incapacitating,UNSAFE LANE MOVEMENT,N WALNUT & W 14TH,39.175952,-86.53344,"39.175952,-86.53344",2015-08-04
902503316,2015,08,04,Weekday,1600,2-Car,No injury/unknown,UNSAFE BACKING,E 13TH,39.17521746,-86.52061527,"39.17521746,-86.52061527",2015-08-04
902503325,2015,08,04,Weekday,1600,2-Car,No injury/unknown,FAILURE TO YIELD RIGHT OF WAY,7TH & UNION,39.16816257,-86.51001745,"39.16816257,-86.51001745",2015-08-04
902503379,2015,08,04,Weekday,1900,2-Car,No injury/unknown,UNSAFE SPEED,10TH & SR4546,39.176848,-86.478192,"39.176848,-86.478192",2015-08-04
902503387,2015,08,04,Weekday,2000,2-Car,No injury/unknown,UNSAFE BACKING,EAST 7TH,39.168752,-86.5436,"39.168752,-86.5436",2015-08-04
902503398,2015,08,04,Weekday,1900,2-Car,No injury/unknown,FAILURE TO YIELD RIGHT OF WAY,ATWATER & INDIANA,39.16323021,-86.52783013,"39.16323021,-86.52783013",2015-08-04
902503404,2015,08,04,Weekday,1700,2-Car,Non-incapacitating,FAILURE TO YIELD RIGHT OF WAY,PROFILE & SR48W,39.1647376,-86.5925978,"39.1647376,-86.5925978",2015-08-04
902503413,2015,08,04,Weekday,1400,2-Car,Non-incapacitating,FOLLOWING TOO CLOSELY,SR37 & WEST 3RD,39.164752,-86.573104,"39.164752,-86.573104",2015-08-04
902503445,2015,08,04,Weekday,2300,2-Car,Non-incapacitating,OTHER (DRIVER) - EXPLAIN IN NARRATIVE,S WALNUT,39.16037061,-86.5336,"39.16037061,-86.5336",2015-08-04
902503495,2015,08,03,Weekday,2000,Moped/Motorcycle,Non-incapacitating,RAN OFF ROAD RIGHT,FAIRFAX & THIRD,39.1858669,-86.51451028,"39.1858669,-86.51451028",2015-08-03
902503502,2015,08,04,Weekday,1200,2-Car,No injury/unknown,FAILURE TO YIELD RIGHT OF WAY,13TH & WALNUT,39.175232,-86.520976,"39.175232,-86.520976",2015-08-04
902503597,2015,08,05,Weekday,0600,3+ Cars,Incapacitating,LEFT OF CENTER,SR46W & W FLATWOOD,39.25254059,-86.67625151,"39.25254059,-86.67625151",2015-08-05
902503645,2015,08,04,Weekday,1300,2-Car,No injury/unknown,UNSAFE BACKING,N MORTON & W 7TH,39.168672,-86.536,"39.168672,-86.536",2015-08-04
902503662,2015,08,05,Weekday,1100,2-Car,No injury/unknown,OTHER (DRIVER) - EXPLAIN IN NARRATIVE,SR37 & SR45W,39.148144,-86.572992,"39.148144,-86.572992",2015-08-05
902503663,2015,08,05,Weekday,1100,2-Car,No injury/unknown,FAILURE TO YIELD RIGHT OF WAY,3RD & WESTPLEX,39.16440971,-86.55389986,"39.16440971,-86.55389986",2015-08-05
902503681,2015,08,05,Weekday,1200,2-Car,No injury/unknown,UNSAFE BACKING,N UNION,39.172144,-86.509392,"39.172144,-86.509392",2015-08-05
902503751,2015,08,05,Weekday,1200,2-Car,No injury/unknown,FOLLOWING TOO CLOSELY,E 3RD & SR46S,39.16424,-86.473296,"39.16424,-86.473296",2015-08-05
902503894,2015,08,05,Weekday,1500,2-Car,No injury/unknown,FAILURE TO YIELD RIGHT OF WAY,S WALNUT,39.142555,-86.531238,"39.142555,-86.531238",2015-08-05
902503974,2015,08,05,Weekday,1500,2-Car,Non-incapacitating,LEFT OF CENTER,FEE & N JORDAN,39.18384,-86.5192,"39.18384,-86.5192",2015-08-05
902505079,2015,08,01,Weekend,1100,2-Car,No injury/unknown,OTHER (DRIVER) - EXPLAIN IN NARRATIVE,SR46W & UNION VALLEY,39.215152,-86.5928,"39.215152,-86.5928",2015-08-01
902505094,2015,08,01,Weekend,1300,2-Car,No injury/unknown,OTHER (VEHICLE) - EXPLAIN IN NARRATIVE,E 3RD,39.16464,-86.56913891,"39.16464,-86.56913891",2015-08-01
902505111,2015,08,07,Weekend,1500,3+ Cars,Incapacitating,IMPROPER TURNING,SAMPLE & SR37N,39.26670898,-86.52277632,"39.26670898,-86.52277632",2015-08-07
902505316,2015,08,01,Weekend,1700,Cyclist,Incapacitating,OTHER (DRIVER) - EXPLAIN IN NARRATIVE,3RD & ROSE,39.164352,-86.510944,"39.164352,-86.510944",2015-08-01
902505339,2015,08,01,Weekend,1800,2-Car,Incapacitating,FOLLOWING TOO CLOSELY,SR4546W & WALNUT,39.186368,-86.5344,"39.186368,-86.5344",2015-08-01
902505354,2015,08,07,Weekend,1800,2-Car,No injury/unknown,FOLLOWING TOO CLOSELY,BURMA & SR37N,39.314272,-86.511552,"39.314272,-86.511552",2015-08-07
902505501,2015,08,07,Weekend,0900,2-Car,No injury/unknown,UNSAFE BACKING,BELLE & HICKORY,39.16344,-86.58584,"39.16344,-86.58584",2015-08-07
902505573,2015,08,01,Weekend,0700,2-Car,No injury/unknown,UNSAFE BACKING,9TH & JACKSON,39.17017478,-86.53973209,"39.17017478,-86.53973209",2015-08-01
902505679,2015,08,01,Weekend,1400,2-Car,No injury/unknown,OTHER (DRIVER) - EXPLAIN IN NARRATIVE,S LINCOLN,39.15416261,-86.531152,"39.15416261,-86.531152",2015-08-01
902505741,2015,08,02,Weekday,1100,2-Car,No injury/unknown,DISREGARD SIGNAL/REG SIGN,ATWATER & JORDAN,39.16304983,-86.51638984,"39.16304983,-86.51638984",2015-08-02
902505885,2015,08,02,Weekday,1400,2-Car,No injury/unknown,FAILURE TO YIELD RIGHT OF WAY,HILLSIDE & WOODLAWN,39.15072,-86.522496,"39.15072,-86.522496",2015-08-02
902505886,2015,08,01,Weekend,0000,2-Car,No injury/unknown,,6TH & MORTON,39.167664,-86.536,"39.167664,-86.536",2015-08-01
902505999,2015,08,02,Weekday,1900,2-Car,Non-incapacitating,FOLLOWING TOO CLOSELY,10TH & JORDAN,39.171552,-86.515728,"39.171552,-86.515728",2015-08-02
902506006,2015,08,02,Weekday,1900,2-Car,Incapacitating,UNSAFE LANE MOVEMENT,7TH & N WALNUT,39.16864,-86.533568,"39.16864,-86.533568",2015-08-02
902506021,2015,08,02,Weekday,2200,2-Car,No injury/unknown,FAILURE TO YIELD RIGHT OF WAY,FEE & NORTH JORDAN,39.18384,-86.5192,"39.18384,-86.5192",2015-08-02
902506145,2015,08,03,Weekday,0700,2-Car,No injury/unknown,UNSAFE BACKING,SOUTH SR 446,39.14213705,-86.52705713,"39.14213705,-86.52705713",2015-08-03
902506146,2015,08,03,Weekday,0800,2-Car,No injury/unknown,FAILURE TO YIELD RIGHT OF WAY,7TH & COLLEGE,39.168656,-86.534784,"39.168656,-86.534784",2015-08-03
902506162,2015,08,03,Weekday,0800,2-Car,No injury/unknown,DISREGARD SIGNAL/REG SIGN,N DUNN & SR4546E,39.186352,-86.528496,"39.186352,-86.528496",2015-08-03
902506174,2015,08,03,Weekday,0800,2-Car,No injury/unknown,FAILURE TO YIELD RIGHT OF WAY,DIXIE & LINCOLN,39.156576,-86.53112,"39.156576,-86.53112",2015-08-03
902506292,2015,08,03,Weekday,1200,2-Car,No injury/unknown,OTHER (DRIVER) - EXPLAIN IN NARRATIVE,MOORES & WINFIELD,39.150496,-86.501088,"39.150496,-86.501088",2015-08-03
902506478,2015,08,03,Weekday,1900,Pedestrian,Non-incapacitating,DISREGARD SIGNAL/REG SIGN,3RD & WOODLAWN,39.164352,-86.522592,"39.164352,-86.522592",2015-08-03
902506571,2015,08,03,Weekday,1200,2-Car,No injury/unknown,OTHER (DRIVER) - EXPLAIN IN NARRATIVE,GRIMES & WOODLAWN,39.153344,-86.522512,"39.153344,-86.522512",2015-08-03
902506825,2015,08,02,Weekday,0400,2-Car,No injury/unknown,,MAYBURY MALL,39.13146481,-86.5807528,"39.13146481,-86.5807528",2015-08-02
902506865,2015,08,04,Weekday,1700,2-Car,No injury/unknown,FOLLOWING TOO CLOSELY,10TH & SR46S,39.17202295,-86.5023153,"39.17202295,-86.5023153",2015-08-04
902506914,2015,08,03,Weekday,1500,2-Car,No injury/unknown,UNSAFE BACKING,E ATWATER & S HIGHLAND,39.1632,-86.517584,"39.1632,-86.517584",2015-08-03
902506956,2015,08,03,Weekday,1500,2-Car,Incapacitating,FAILURE TO YIELD RIGHT OF WAY,CHERRY & S FAIRFAX,39.09784,-86.5168,"39.09784,-86.5168",2015-08-03
902506957,2015,08,02,Weekday,1600,2-Car,Non-incapacitating,FOLLOWING TOO CLOSELY,BUNGER & SR45W,39.12848101,-86.6056907,"39.12848101,-86.6056907",2015-08-02
902507180,2015,08,05,Weekday,1000,2-Car,No injury/unknown,IMPROPER LANE USAGE,E 10TH,39.17157747,-86.51808392,"39.17157747,-86.51808392",2015-08-05
902507226,2015,08,05,Weekday,1200,2-Car,No injury/unknown,UNSAFE LANE MOVEMENT,10TH & LINCOLN,39.171712,-86.530992,"39.171712,-86.530992",2015-08-05
902507294,2015,08,05,Weekday,1400,Bus,No injury/unknown,UNSAFE BACKING,E 10TH,39.17161826,-86.5006487,"39.17161826,-86.5006487",2015-08-05
902507348,2015,08,05,Weekday,1700,2-Car,No injury/unknown,FOLLOWING TOO CLOSELY,VERMILYA & WALNUT,39.148928,-86.53312,"39.148928,-86.53312",2015-08-05
902507377,2015,08,05,Weekday,0000,2-Car,No injury/unknown,UNSAFE LANE MOVEMENT,1216 W 11TH & MONROE,39.17323424,-86.54712718,"39.17323424,-86.54712718",2015-08-05
902507438,2015,08,04,Weekday,0300,2-Car,Incapacitating,LEFT OF CENTER,HARMONY & SR45W,39.111024,-86.638304,"39.111024,-86.638304",2015-08-04
902507451,2015,08,06,Weekday,0100,2-Car,No injury/unknown,FOLLOWING TOO CLOSELY,EAST 12TH & NORTH WALNUT,39.174352,-86.533472,"39.174352,-86.533472",2015-08-06
902507488,2015,08,06,Weekday,0600,2-Car,No injury/unknown,FOLLOWING TOO CLOSELY,10TH & SR46E,39.171648,-86.502096,"39.171648,-86.502096",2015-08-06
902507527,2015,08,04,Weekday,1400,2-Car,No injury/unknown,FAILURE TO YIELD RIGHT OF WAY,S LIBERTY,39.145264,-86.577616,"39.145264,-86.577616",2015-08-04
902507659,2015,08,06,Weekday,0800,2-Car,No injury/unknown,FAILURE TO YIELD RIGHT OF WAY,10TH & DUNN,39.17168,-86.528256,"39.17168,-86.528256",2015-08-06
902507661,2015,08,06,Weekday,0800,2-Car,No injury/unknown,DISREGARD SIGNAL/REG SIGN,COVENANTER & S HIGH,39.15424,-86.508288,"39.15424,-86.508288",2015-08-06
902507751,2015,08,03,Weekday,0600,2-Car,No injury/unknown,UNSAFE BACKING,CURRY & VERNAL,39.17915985,-86.58308029,"39.17915985,-86.58308029",2015-08-03
902507759,2015,08,06,Weekday,0900,3+ Cars,No injury/unknown,DRIVER DISTRACTED - EXPLAIN IN NARRATIVE,10TH & UNION,39.171472,-86.509376,"39.171472,-86.509376",2015-08-06
902507815,2015,08,03,Weekday,1100,2-Car,No injury/unknown,FAILURE TO YIELD RIGHT OF WAY,RAYLE & TAPP,39.13704,-86.577504,"39.13704,-86.577504",2015-08-03
902507956,2015,08,04,Weekday,1700,1-Car,No injury/unknown,UNSAFE BACKING,N JOHNSON,39.16951242,-86.564992,"39.16951242,-86.564992",2015-08-04
902508035,2015,08,07,Weekend,1000,2-Car,No injury/unknown,UNSAFE BACKING,S WALNUT,39.14572622,-86.53217956,"39.14572622,-86.53217956",2015-08-07
902508036,2015,08,07,Weekend,0800,2-Car,No injury/unknown,,E 4TH & S CLARK,39.165648,-86.5048,"39.165648,-86.5048",2015-08-07
902508053,2015,08,07,Weekend,1200,2-Car,No injury/unknown,FAILURE TO YIELD RIGHT OF WAY,17TH & DUNN,39.17904,-86.5284,"39.17904,-86.5284",2015-08-07
902508058,2015,08,06,Weekend,2200,Moped/Motorcycle,No injury/unknown,FAILURE TO YIELD RIGHT OF WAY,7TH & JORDAN,39.168944,-86.516016,"39.168944,-86.516016",2015-08-06
902508086,2015,08,06,Weekday,1400,2-Car,No injury/unknown,FOLLOWING TOO CLOSELY,DILLMAN & SOUTH OLD STATE ROAD 37,39.092944,-86.544,"39.092944,-86.544",2015-08-06
902508087,2015,08,06,Weekday,1600,2-Car,No injury/unknown,FOLLOWING TOO CLOSELY,W TAPP,39.13704,-86.572896,"39.13704,-86.572896",2015-08-06
902508110,2015,08,06,Weekday,1800,2-Car,No injury/unknown,FOLLOWING TOO CLOSELY,E 7TH & SR46E,39.167648,-86.500096,"39.167648,-86.500096",2015-08-06
902508111,2015,08,06,Weekday,1600,2-Car,No injury/unknown,FOLLOWING TOO CLOSELY,CURRY & W 3RD,39.16463971,-86.58292002,"39.16463971,-86.58292002",2015-08-06
902508112,2015,08,06,Weekend,2100,2-Car,No injury/unknown,UNSAFE LANE MOVEMENT,PATTERSON,39.115248,-86.573504,"39.115248,-86.573504",2015-08-06
902508259,2015,08,02,Weekday,0000,2-Car,No injury/unknown,IMPROPER LANE USAGE,FLEENER & HASH,39.172656,-86.400688,"39.172656,-86.400688",2015-08-02
902508260,2015,08,02,Weekday,1200,2-Car,No injury/unknown,FOLLOWING TOO CLOSELY,3RD & COLLEGE MALL,39.16424,-86.4984,"39.16424,-86.4984",2015-08-02
902508339,2015,08,01,Weekend,0100,1-Car,No injury/unknown,OTHER (DRIVER) - EXPLAIN IN NARRATIVE,17TH & WALNUT,39.17904,-86.53163343,"39.17904,-86.53163343",2015-08-01
902508575,2015,08,06,Weekday,1300,2-Car,No injury/unknown,FAILURE TO YIELD RIGHT OF WAY,RHORER & SOUTH WALNUT STREET,39.12144,-86.526496,"39.12144,-86.526496",2015-08-06
902509034,2015,08,01,Weekend,1100,2-Car,No injury/unknown,FAILURE TO YIELD RIGHT OF WAY,10TH & COLLEGE,39.171744,-86.534768,"39.171744,-86.534768",2015-08-01
902509035,2015,08,01,Weekend,0900,3+ Cars,Incapacitating,DISREGARD SIGNAL/REG SIGN,SR37S & W TAPP,39.13704,-86.572896,"39.13704,-86.572896",2015-08-01
902509092,2015,08,02,Weekday,1700,2-Car,No injury/unknown,OTHER (DRIVER) - EXPLAIN IN NARRATIVE,45,39.16424,-86.48664897,"39.16424,-86.48664897",2015-08-02
902509117,2015,08,07,Weekend,1700,2-Car,No injury/unknown,FOLLOWING TOO CLOSELY,E 3RD & S COLLEGE MALL,39.16424,-86.4984,"39.16424,-86.4984",2015-08-07
902509135,2015,08,01,Weekend,1400,2-Car,No injury/unknown,OTHER (DRIVER) - EXPLAIN IN NARRATIVE,HIGH & MOORES,39.150544,-86.508288,"39.150544,-86.508288",2015-08-01
902509295,2015,08,06,Weekday,1200,2-Car,No injury/unknown,UNSAFE BACKING,E 3RD,39.164465,-86.54881114,"39.164465,-86.54881114",2015-08-06
902509363,2015,08,01,Weekend,1400,2-Car,No injury/unknown,FOLLOWING TOO CLOSELY,1ST & S COLLEGE,39.17688,-86.534736,"39.17688,-86.534736",2015-08-01
902509414,2015,08,06,Weekday,1200,2-Car,No injury/unknown,UNSAFE BACKING,DANIELS,39.16671172,-86.59908838,"39.16671172,-86.59908838",2015-08-06
902510278,2015,08,02,Weekday,0900,1-Car,No injury/unknown,UNSAFE BACKING,W 6TH & W JACKSON,39.16768,-86.539808,"39.16768,-86.539808",2015-08-02
902510325,2015,08,07,Weekend,1000,2-Car,No injury/unknown,OTHER (VEHICLE) - EXPLAIN IN NARRATIVE,410 E 6TH & N GRANT,39.167712,-86.529696,"39.167712,-86.529696",2015-08-07
902510654,2015,08,02,Weekday,0600,2-Car,Incapacitating,DRIVER ASLEEP OR FATIGUED,SR37 & TAPP,39.13652039,-86.55490112,"39.13652039,-86.55490112",2015-08-02
902510737,2015,08,01,Weekend,1300,2-Car,No injury/unknown,FAILURE TO YIELD RIGHT OF WAY,COTTAGE GROVE & INDIANA,39.17264,-86.52704,"39.17264,-86.52704",2015-08-01
902510766,2015,08,02,Weekday,1200,2-Car,No injury/unknown,FAILURE TO YIELD RIGHT OF WAY,E 15TH & N WALNUTST,39.176848,-86.533424,"39.176848,-86.533424",2015-08-02
902511055,2015,08,02,Weekday,1500,1-Car,No injury/unknown,OTHER (VEHICLE) - EXPLAIN IN NARRATIVE,RENWICK,39.14958954,-86.50096893,"39.14958954,-86.50096893",2015-08-02
902511581,2015,08,02,Weekday,1600,2-Car,No injury/unknown,FOLLOWING TOO CLOSELY,LOVE & SR46W,39.219152,-86.602304,"39.219152,-86.602304",2015-08-02
902511654,2015,08,02,Weekday,1700,2-Car,No injury/unknown,UNSAFE BACKING,1ST & WALKER,39.15946975,-86.54602886,"39.15946975,-86.54602886",2015-08-02
902512194,2015,09,03,Weekday,0700,2-Car,No injury/unknown,UNSAFE SPEED,10TH & JORDAN,39.171552,-86.515728,"39.171552,-86.515728",2015-09-03
902512396,2015,09,03,Weekday,1000,2-Car,No injury/unknown,FAILURE TO YIELD RIGHT OF WAY,COLLEGE MALL,39.16424,-86.4984,"39.16424,-86.4984",2015-09-03
902512670,2015,08,02,Weekday,1500,Cyclist,No injury/unknown,OTHER (DRIVER) - EXPLAIN IN NARRATIVE,E COVENANTER & SO COLLEGE MALL,39.155152,-86.497888,"39.155152,-86.497888",2015-08-02
902512796,2015,09,03,Weekday,1300,Bus,No injury/unknown,UNSAFE LANE MOVEMENT,BALFOUR & N JORDAN EXTENSION,39.18240585,-86.51259862,"39.18240585,-86.51259862",2015-09-03
902513090,2015,09,03,Weekday,1600,2-Car,No injury/unknown,FOLLOWING TOO CLOSELY,HICKORY LEAF & SR45W,39.145152,-86.5776,"39.145152,-86.5776",2015-09-03
902513094,2015,09,03,Weekday,1300,2-Car,No injury/unknown,FOLLOWING TOO CLOSELY,W 3RD,39.164752,-86.573104,"39.164752,-86.573104",2015-09-03
902513122,2015,09,03,Weekday,1300,2-Car,No injury/unknown,UNSAFE BACKING,S COLLEGE,39.17088686,-86.534768,"39.17088686,-86.534768",2015-09-03
902513181,2015,09,03,Weekday,1700,2-Car,No injury/unknown,IMPROPER PASSING,S COLLEGE,39.16115717,-86.53485253,"39.16115717,-86.53485253",2015-09-03
902513384,2015,09,03,Weekday,1200,2-Car,No injury/unknown,UNSAFE LANE MOVEMENT,DANIELS,39.16809464,-86.6001892,"39.16809464,-86.6001892",2015-09-03