Master Record Number,Year,Month,Day,Weekend?,Hour,Collision Type,Injury Type,Primary Factor,Reported_Location,Latitude,Longitude,Location,Date
902525086,2015,09,02,Weekday,1500,2-Car,No injury/unknown,FAILURE TO YIELD RIGHT OF WAY,14TH & N COLLEGE,39.175984,-86.534736,"39.175984,-86.534736",2015-09-02
902525130,2015,09,02,Weekday,1900,Pedestrian,Non-incapacitating,FAILURE TO YIELD RIGHT OF WAY,E 10TH & N WASHINGTON,39.171728,-86.5324,"39.171728,-86.5324",2015-09-02
902525135,2015,09,02,Weekday,1800,Bus,No injury/unknown,IMPROPER TURNING,E JOHN HINKLE & N PETE ELLIS,39.17072,-86.4956,"39.17072,-86.4956",2015-09-02
902525140,2015,09,01,Weekend,1800,2-Car,Non-incapacitating,UNSAFE LANE MOVEMENT,3RD & LINCOLN,39.16464,-86.531024,"39.16464,-86.531024",2015-09-01
902525148,2015,09,02,Weekday,1600,3+ Cars,Non-incapacitating,FOLLOWING TOO CLOSELY,S LIBERTY & SR45W,39.14523295,-86.57745754,"39.14523295,-86.57745754",2015-09-02
902525199,2015,09,07,Weekend,0800,1-Car,No injury/unknown,SPEED TOO FAST FOR WEATHER CONDITIONS,W ACUFF,39.20824,-86.554704,"39.20824,-86.554704",2015-09-07
902525206,2015,09,06,Weekday,1700,2-Car,No injury/unknown,UNSAFE LANE MOVEMENT,SR37S & WEST BLOOMFIELD,39.148144,-86.572992,"39.148144,-86.572992",2015-09-06
902525207,2015,09,02,Weekday,2300,2-Car,No injury/unknown,DRIVER DISTRACTED - EXPLAIN IN NARRATIVE,10TH & CAMPBELL,39.17158999,-86.51394031,"39.17158999,-86.51394031",2015-09-02
902525211,2015,09,02,Weekday,2300,2-Car,No injury/unknown,FOLLOWING TOO CLOSELY,SOUTH ROGERS & WEST GRAHAM,39.13992,-86.538416,"39.13992,-86.538416",2015-09-02
902525348,2015,09,03,Weekday,0700,2-Car,No injury/unknown,UNSAFE SPEED,SR37 & VERNAL,39.17684691,-86.56204123,"39.17684691,-86.56204123",2015-09-03
902525424,2015,08,07,Weekend,1800,2-Car,Non-incapacitating,FOLLOWING TOO CLOSELY,SR37N & VERNAL,39.17599001,-86.56318363,"39.17599001,-86.56318363",2015-08-07
902525453,2015,09,03,Weekday,0900,2-Car,No injury/unknown,DRIVER DISTRACTED - EXPLAIN IN NARRATIVE,SR37S & W VERNAL,39.176544,-86.5624,"39.176544,-86.5624",2015-09-03
902525604,2015,09,03,Weekday,1300,2-Car,No injury/unknown,UNSAFE LANE MOVEMENT,E 3RD,39.16422436,-86.49666727,"39.16422436,-86.49666727",2015-09-03
902525803,2015,09,03,Weekday,1700,2-Car,No injury/unknown,FAILURE TO YIELD RIGHT OF WAY,E 10TH & PARK,39.171648,-86.524608,"39.171648,-86.524608",2015-09-03
902525807,2015,09,03,Weekday,1600,2-Car,No injury/unknown,FOLLOWING TOO CLOSELY,SR37N & W BLOOMFIELD,39.148144,-86.572992,"39.148144,-86.572992",2015-09-03
902525812,2015,09,03,Weekday,1500,2-Car,No injury/unknown,FAILURE TO YIELD RIGHT OF WAY,E 12TH & INDIANA,39.174368,-86.527088,"39.174368,-86.527088",2015-09-03
902525830,2015,09,03,Weekday,1900,2-Car,No injury/unknown,DISREGARD SIGNAL/REG SIGN,ROGERS & W 11TH,39.173184,-86.538528,"39.173184,-86.538528",2015-09-03
902525847,2015,09,03,Weekday,2000,Moped/Motorcycle,Incapacitating,UNSAFE SPEED,ROGERS & SARE,39.13584,-86.496288,"39.13584,-86.496288",2015-09-03
902525906,2015,09,03,Weekday,2300,2-Car,No injury/unknown,FAILURE TO YIELD RIGHT OF WAY,E 10TH & N UNION,39.171472,-86.509376,"39.171472,-86.509376",2015-09-03
902525930,2015,09,03,Weekday,0900,Pedestrian,Incapacitating,PEDESTRIAN ACTION,8TH & FORREST,39.1694697,-86.52234032,"39.1694697,-86.52234032",2015-09-03
902526123,2015,09,04,Weekday,0800,3+ Cars,Incapacitating,FOLLOWING TOO CLOSELY,PINEHURST & TAPP,39.13637996,-86.54991429,"39.13637996,-86.54991429",2015-09-04
902526139,2015,08,02,Weekday,0800,1-Car,No injury/unknown,RAN OFF ROAD RIGHT,FRIENDSHIP & GROSS,39.13923927,-86.40178042,"39.13923927,-86.40178042",2015-08-02
902526140,2015,09,06,Weekday,1100,1-Car,No injury/unknown,OVERCORRECTING/OVERSTEERING,ROBINSON & TUNNEL,39.24128637,-86.43599068,"39.24128637,-86.43599068",2015-09-06
902526141,2015,09,06,Weekday,1300,2-Car,No injury/unknown,UNSAFE BACKING,DANIELS,39.16671172,-86.59908838,"39.16671172,-86.59908838",2015-09-06
902526142,2015,09,01,Weekend,0800,2-Car,No injury/unknown,DRIVER DISTRACTED - EXPLAIN IN NARRATIVE,SR37S & THAT,39.115552,-86.564592,"39.115552,-86.564592",2015-09-01
902526183,2015,09,04,Weekday,0700,Bus,No injury/unknown,UNSAFE BACKING,S KIMBLE,39.165888,-86.568,"39.165888,-86.568",2015-09-04
902526293,2015,09,03,Weekday,1700,2-Car,No injury/unknown,FOLLOWING TOO CLOSELY,3RD & CLIFTON,39.1642803,-86.50968968,"39.1642803,-86.50968968",2015-09-03
902526309,2015,09,04,Weekday,1000,1-Car,No injury/unknown,IMPROPER TURNING,N RANGE,39.1814028,-86.49475391,"39.1814028,-86.49475391",2015-09-04
902526315,2015,09,04,Weekday,1500,2-Car,No injury/unknown,UNSAFE BACKING,EAST 10TH,39.17156383,-86.51814334,"39.17156383,-86.51814334",2015-09-04
902526399,2015,09,03,Weekday,1400,2-Car,No injury/unknown,FAILURE TO YIELD RIGHT OF WAY,E KIRKWOOD & N DUNN,39.16664,-86.528192,"39.16664,-86.528192",2015-09-03
902526428,2015,09,04,Weekday,1900,1-Car,No injury/unknown,ANIMAL/OBJECT IN ROADWAY,E UNIVERSITY & S HENDERSON,39.16032,-86.527136,"39.16032,-86.527136",2015-09-04
902526436,2015,09,04,Weekday,1600,2-Car,Incapacitating,FAILURE TO YIELD RIGHT OF WAY,E WINSLOW & S PICCADILLY,39.13599975,-86.52448005,"39.13599975,-86.52448005",2015-09-04
902526656,2015,09,04,Weekday,0900,2-Car,No injury/unknown,BRAKE FAILURE OR DEFECTIVE,3RD & PATTERSON,39.16344009,-86.55127569,"39.16344009,-86.55127569",2015-09-04
902526717,2015,09,05,Weekday,1100,2-Car,No injury/unknown,FOLLOWING TOO CLOSELY,E ATWATER & S HENDERSON,39.163344,-86.5272,"39.163344,-86.5272",2015-09-05
902527013,2015,09,03,Weekday,1600,2-Car,No injury/unknown,FAILURE TO YIELD RIGHT OF WAY,BASSWOOD & BLOOMFIELD,39.14978027,-86.56889006,"39.14978027,-86.56889006",2015-09-03
902527014,2015,09,03,Weekday,1800,2-Car,No injury/unknown,UNSAFE BACKING,W FLATWOODS,39.25258733,-86.677083,"39.25258733,-86.677083",2015-09-03
902527015,2015,09,04,Weekday,1400,2-Car,No injury/unknown,UNSAFE BACKING,S LIBERTY,39.15870285,-86.57491302,"39.15870285,-86.57491302",2015-09-04
902527052,2015,09,05,Weekday,1500,3+ Cars,No injury/unknown,FOLLOWING TOO CLOSELY,E 10TH & PETE ELLIS,39.171504,-86.495312,"39.171504,-86.495312",2015-09-05
902527077,2015,09,02,Weekday,2100,1-Car,No injury/unknown,RAN OFF ROAD RIGHT,RED HILL & WALKER,39.29626608,-86.648608,"39.29626608,-86.648608",2015-09-02
902527078,2015,09,03,Weekday,1600,2-Car,No injury/unknown,FOLLOWING TOO CLOSELY,BUNGER & SR45W,39.13015288,-86.60311867,"39.13015288,-86.60311867",2015-09-03
902527079,2015,09,03,Weekday,1700,2-Car,No injury/unknown,FAILURE TO YIELD RIGHT OF WAY,BETHEL & SR45E,39.209952,-86.463392,"39.209952,-86.463392",2015-09-03
902527080,2015,09,04,Weekday,1500,1-Car,No injury/unknown,RAN OFF ROAD RIGHT,BOTTOM & WILLIAMS,39.27467975,-86.55808812,"39.27467975,-86.55808812",2015-09-04
902527084,2015,09,05,Weekday,1600,2-Car,No injury/unknown,FAILURE TO YIELD RIGHT OF WAY,E ATWATER & S HIGHLAND,39.1632,-86.517584,"39.1632,-86.517584",2015-09-05
902527095,2015,09,05,Weekday,1700,2-Car,No injury/unknown,FAILURE TO YIELD RIGHT OF WAY,SOUTH MADISON & WEST COUNTRY CLUB,39.136048,-86.536992,"39.136048,-86.536992",2015-09-05
902527105,2015,09,05,Weekday,1700,3+ Cars,No injury/unknown,UNSAFE LANE MOVEMENT,SR446N & SR46W,39.16664,-86.462496,"39.16664,-86.462496",2015-09-05
902527133,2015,09,04,Weekday,1700,2-Car,No injury/unknown,UNSAFE BACKING,E 3RD,39.16424,-86.4984,"39.16424,-86.4984",2015-09-04
902527147,2015,09,05,Weekday,1900,3+ Cars,No injury/unknown,FOLLOWING TOO CLOSELY,EAST 10TH & NORTH WALNUT,39.171744,-86.53352,"39.171744,-86.53352",2015-09-05
902527259,2015,09,06,Weekday,0200,2-Car,No injury/unknown,OTHER (DRIVER) - EXPLAIN IN NARRATIVE,E COTTAGE GROVE,39.17264,-86.52946351,"39.17264,-86.52946351",2015-09-06
902527331,2015,09,06,Weekday,0900,2-Car,No injury/unknown,OTHER (DRIVER) - EXPLAIN IN NARRATIVE,17TH & MADISON,39.178992,-86.537792,"39.178992,-86.537792",2015-09-06
902527421,2015,09,06,Weekday,1100,2-Car,No injury/unknown,FAILURE TO YIELD RIGHT OF WAY,FEE & JORDAN,39.18384,-86.5192,"39.18384,-86.5192",2015-09-06
902527783,2015,09,06,Weekday,1200,2-Car,No injury/unknown,,E 17TH,39.179008,-86.525888,"39.179008,-86.525888",2015-09-06
902527789,2015,09,06,Weekday,1800,2-Car,No injury/unknown,FOLLOWING TOO CLOSELY,RANGE & SR4546S,39.171504,-86.495312,"39.171504,-86.495312",2015-09-06
902527825,2015,09,06,Weekday,1500,2-Car,No injury/unknown,OTHER (VEHICLE) - EXPLAIN IN NARRATIVE,E HILLSIDE & HENDERSON,39.15056013,-86.52691014,"39.15056013,-86.52691014",2015-09-06
902527842,2015,09,06,Weekend,1900,2-Car,No injury/unknown,FOLLOWING TOO CLOSELY,10TH & JORDAN,39.17156345,-86.51678644,"39.17156345,-86.51678644",2015-09-06
902527846,2015,09,06,Weekday,1500,1-Car,No injury/unknown,ANIMAL/OBJECT IN ROADWAY,S KNIGHTRIDGE & SR446S,39.19704712,-86.46687098,"39.19704712,-86.46687098",2015-09-06
902527847,2015,09,06,Weekday,1600,2-Car,No injury/unknown,IMPROPER LANE USAGE,E SAMPLE & SR37N,39.26753244,-86.5228128,"39.26753244,-86.5228128",2015-09-06
902527865,2015,09,06,Weekday,1400,2-Car,No injury/unknown,OTHER (DRIVER) - EXPLAIN IN NARRATIVE,HIGHLAND & HUNTER,39.16224,-86.5176,"39.16224,-86.5176",2015-09-06
902527906,2015,09,07,Weekend,0000,1-Car,Non-incapacitating,RAN OFF ROAD RIGHT,JORDAN & UNIVERSITY,39.16014969,-86.51638984,"39.16014969,-86.51638984",2015-09-07
902527967,2015,09,07,Weekend,0900,2-Car,No injury/unknown,FAILURE TO YIELD RIGHT OF WAY,MAXWELL & WOODLAWN,39.15781014,-86.52264006,"39.15781014,-86.52264006",2015-09-07
902528003,2015,09,07,Weekend,1100,2-Car,No injury/unknown,UNSAFE BACKING,SOUTH WALNUT,39.13914871,-86.5320816,"39.13914871,-86.5320816",2015-09-07
902528070,2015,09,06,Weekday,1600,1-Car,Incapacitating,OTHER (ENVIRONMENTAL) - EXPLAIN IN NARR,BAYWOOD,39.11796951,-86.54026794,"39.11796951,-86.54026794",2015-09-06
902528087,2015,09,07,Weekend,1300,1-Car,Non-incapacitating,DRIVER DISTRACTED - EXPLAIN IN NARRATIVE,BILL MALLORY BLVD & SR446S,39.05337208,-86.47154938,"39.05337208,-86.47154938",2015-09-07
902528178,2015,09,06,Weekend,2000,2-Car,No injury/unknown,IMPROPER PASSING,CURRY & SR46W,39.19377136,-86.57111093,"39.19377136,-86.57111093",2015-09-06
902528179,2015,09,06,Weekday,1400,1-Car,No injury/unknown,UNSAFE BACKING,S JOHNSON,39.16666514,-86.564992,"39.16666514,-86.564992",2015-09-06
902528198,2015,09,07,Weekend,2000,2-Car,No injury/unknown,OTHER (DRIVER) - EXPLAIN IN NARRATIVE,S COLLEGE,39.17088686,-86.534768,"39.17088686,-86.534768",2015-09-07
902528232,2015,09,07,Weekend,2000,2-Car,No injury/unknown,UNSAFE BACKING,3021 E 3RD & S KINGSTON,39.16424,-86.492944,"39.16424,-86.492944",2015-09-07
902528252,2015,09,07,Weekend,2300,2-Car,No injury/unknown,UNSAFE LANE MOVEMENT,E 3RD & S HIGHLAND,39.16427024,-86.51772022,"39.16427024,-86.51772022",2015-09-07
902528268,2015,09,01,Weekend,0400,2-Car,No injury/unknown,UNSAFE LANE MOVEMENT,3RD & COLLEGE,39.11172794,-86.53489977,"39.11172794,-86.53489977",2015-09-01
902528364,2015,09,01,Weekend,1300,2-Car,No injury/unknown,DISREGARD SIGNAL/REG SIGN,ATWATER & HENDERSON,39.16313969,-86.52727022,"39.16313969,-86.52727022",2015-09-01
902528379,2015,09,01,Weekend,1300,2-Car,Incapacitating,FAILURE TO YIELD RIGHT OF WAY,SOUTH WALNUT & WEST GRIMES,39.15344,-86.5336,"39.15344,-86.5336",2015-09-01
902528421,2015,09,01,Weekend,0000,2-Car,No injury/unknown,OTHER (DRIVER) - EXPLAIN IN NARRATIVE,E MESA,39.09961555,-86.49080387,"39.09961555,-86.49080387",2015-09-01
902528447,2015,09,01,Weekend,1700,2-Car,No injury/unknown,IMPROPER TURNING,E 10TH,39.171504,-86.512288,"39.171504,-86.512288",2015-09-01
902528507,2015,09,01,Weekday,2000,2-Car,No injury/unknown,FOLLOWING TOO CLOSELY,3RD & SWAIN,39.16425012,-86.51525996,"39.16425012,-86.51525996",2015-09-01
902528516,2015,09,01,Weekend,1400,2-Car,Non-incapacitating,LEFT OF CENTER,BLOOMFIELD & RANSOM,39.15925987,-86.55527986,"39.15925987,-86.55527986",2015-09-01
902528529,2015,09,01,Weekday,2100,3+ Cars,No injury/unknown,FOLLOWING TOO CLOSELY,10TH & SR4546S,39.176848,-86.478192,"39.176848,-86.478192",2015-09-01
902528681,2015,09,01,Weekend,0100,1-Car,No injury/unknown,FOLLOWING TOO CLOSELY,BRIAR GATE & SR46W,39.21672821,-86.59638214,"39.21672821,-86.59638214",2015-09-01
902528719,2015,09,01,Weekend,1200,3+ Cars,No injury/unknown,DISREGARD SIGNAL/REG SIGN,SR46W & UNION VALLEY,39.215152,-86.5928,"39.215152,-86.5928",2015-09-01
902529243,2015,09,02,Weekday,1400,2-Car,Incapacitating,DRIVER DISTRACTED - EXPLAIN IN NARRATIVE,3RD & FRANKLIN,39.1647117,-86.57190497,"39.1647117,-86.57190497",2015-09-02
902529292,2015,09,02,Weekday,1700,2-Car,No injury/unknown,IMPROPER TURNING,3RD & WALNUT,39.16464,-86.5336,"39.16464,-86.5336",2015-09-02
902529327,2015,09,02,Weekday,1700,Cyclist,Non-incapacitating,BRAKE FAILURE OR DEFECTIVE,HILLVIEW & OLD STATE ROAD   37,39.207984,-86.529568,"39.207984,-86.529568",2015-09-02
902529337,2015,09,01,Weekday,2100,2-Car,No injury/unknown,UNSAFE SPEED,E WHISNAND & N OLD STATE RD 37,39.222544,-86.5172,"39.222544,-86.5172",2015-09-01
902529350,2015,09,02,Weekday,2000,2-Car,No injury/unknown,UNSAFE LANE MOVEMENT,19TH & N WALNUT,39.181552,-86.5336,"39.181552,-86.5336",2015-09-02
902529370,2015,09,02,Weekday,0800,2-Car,Non-incapacitating,VIEW OBSTRUCTED,SR37N & SR46W,39.194144,-86.554592,"39.194144,-86.554592",2015-09-02
902529371,2015,09,02,Weekday,1100,2-Car,No injury/unknown,UNSAFE BACKING,ROGERS & THAT,39.11060667,-86.53987031,"39.11060667,-86.53987031",2015-09-02
902529374,2015,09,02,Weekday,2100,2-Car,No injury/unknown,DISREGARD SIGNAL/REG SIGN,3RD & CURRY,39.16463589,-86.58291865,"39.16463589,-86.58291865",2015-09-02
902529556,2015,09,03,Weekday,0700,1-Car,No injury/unknown,IMPROPER LANE USAGE,7TH & 900 E 7TH,39.167648,-86.500096,"39.167648,-86.500096",2015-09-03
902529561,2015,09,03,Weekday,0800,2-Car,Non-incapacitating,FOLLOWING TOO CLOSELY,ATWATER & CLIFTON,39.1630763,-86.50995276,"39.1630763,-86.50995276",2015-09-03
902529612,2015,09,03,Weekday,0800,2-Car,No injury/unknown,LEFT OF CENTER,E ROGERS & S SPICEWOOD,39.13608,-86.501216,"39.13608,-86.501216",2015-09-03
902529681,2015,09,03,Weekday,1100,Bus,Incapacitating,DISREGARD SIGNAL/REG SIGN,E HILLSIDE & S WALNUT,39.150544,-86.5336,"39.150544,-86.5336",2015-09-03
902529778,2015,09,03,Weekday,1200,2-Car,No injury/unknown,FOLLOWING TOO CLOSELY,2ND & COLLEGE,39.16144,-86.534848,"39.16144,-86.534848",2015-09-03
902529797,2015,09,02,Weekday,2100,2-Car,Non-incapacitating,FAILURE TO YIELD RIGHT OF WAY,AUTO MALL & COVENANTER,39.15503003,-86.49611033,"39.15503003,-86.49611033",2015-09-02
902529803,2015,09,03,Weekday,1200,2-Car,No injury/unknown,UNSAFE SPEED,10TH & DUNN,39.17168,-86.528256,"39.17168,-86.528256",2015-09-03
902529816,2015,09,01,Weekday,2200,1-Car,No injury/unknown,SPEED TOO FAST FOR WEATHER CONDITIONS,ARLINGTON & MAPLE GROVE,39.19982711,-86.55963587,"39.19982711,-86.55963587",2015-09-01
902529817,2015,09,03,Weekday,1200,2-Car,Non-incapacitating,LEFT OF CENTER,N DUNN & OLD SR 37,39.208048,-86.528704,"39.208048,-86.528704",2015-09-03
902529890,2015,09,03,Weekday,1400,2-Car,No injury/unknown,FOLLOWING TOO CLOSELY,ATWATER & HENDERSON,39.16313969,-86.52727022,"39.16313969,-86.52727022",2015-09-03
902529899,2015,09,06,Weekday,1600,2-Car,Non-incapacitating,FAILURE TO YIELD RIGHT OF WAY,ARLINGTON & SR46,39.187184,-86.551408,"39.187184,-86.551408",2015-09-06
902529960,2015,09,03,Weekday,1400,2-Car,No injury/unknown,SPEED TOO FAST FOR WEATHER CONDITIONS,S WALKER & W 2ND,39.161648,-86.546128,"39.161648,-86.546128",2015-09-03
902529963,2015,09,03,Weekday,1600,Bus,No injury/unknown,OTHER (DRIVER) - EXPLAIN IN NARRATIVE,W DODDS,39.157728,-86.542544,"39.157728,-86.542544",2015-09-03
902529979,2015,09,03,Weekday,1700,2-Car,Non-incapacitating,SPEED TOO FAST FOR WEATHER CONDITIONS,KIRKWOOD & ROGERS,39.1666677,-86.53825522,"39.1666677,-86.53825522",2015-09-03
902529987,2015,09,03,Weekday,1700,2-Car,No injury/unknown,FAILURE TO YIELD RIGHT OF WAY,SOUTH LIBERTY & WEST 3RD,39.15932298,-86.57913006,"39.15932298,-86.57913006",2015-09-03
902529989,2015,09,03,Weekday,1700,2-Car,Incapacitating,FAILURE TO YIELD RIGHT OF WAY,CATHCART & SARE,39.14882004,-86.49905003,"39.14882004,-86.49905003",2015-09-03
902529996,2015,09,03,Weekday,1800,3+ Cars,No injury/unknown,FOLLOWING TOO CLOSELY,CONSTITUTION & LIBERTY,39.149552,-86.575936,"39.149552,-86.575936",2015-09-03
902530035,2015,09,03,Weekday,1700,Cyclist,Non-incapacitating,,JORDAN & THIRD,39.16426018,-86.51638312,"39.16426018,-86.51638312",2015-09-03
902530062,2015,09,03,Weekday,1600,2-Car,No injury/unknown,FOLLOWING TOO CLOSELY,GRIMES & S WALNUT,39.15344,-86.5336,"39.15344,-86.5336",2015-09-03
902530072,2015,09,03,Weekday,2000,2-Car,No injury/unknown,UNSAFE LANE MOVEMENT,E ATWATER & S SWAIN,39.163152,-86.515168,"39.163152,-86.515168",2015-09-03
902530074,2015,09,03,Weekday,1800,1-Car,No injury/unknown,RAN OFF ROAD RIGHT,N  BARR & N MT TABOR,39.273888,-86.621456,"39.273888,-86.621456",2015-09-03
902530106,2015,09,01,Weekend,1800,2-Car,No injury/unknown,FOLLOWING TOO CLOSELY,OLD RICHARDSON & SR446S,38.94191831,-86.42645263,"38.94191831,-86.42645263",2015-09-01
902530108,2015,09,03,Weekday,2100,1-Car,No injury/unknown,ANIMAL/OBJECT IN ROADWAY,E FARR & N FISH,39.306768,-86.476816,"39.306768,-86.476816",2015-09-03
902530215,2015,09,03,Weekday,1200,2-Car,No injury/unknown,DRIVER DISTRACTED - EXPLAIN IN NARRATIVE,S MAPLE & W 2ND,39.161568,-86.542096,"39.161568,-86.542096",2015-09-03
902530244,2015,09,05,Weekday,2000,2-Car,No injury/unknown,UNSAFE LANE MOVEMENT,N CURRY & VERNAL,39.179248,-86.5832,"39.179248,-86.5832",2015-09-05
902530254,2015,09,02,Weekday,0900,2-Car,No injury/unknown,TIRE FAILURE OR DEFECTIVE,CURRY & GIFFORD,39.156896,-86.582704,"39.156896,-86.582704",2015-09-02
902530259,2015,09,02,Weekday,1400,1-Car,No injury/unknown,FAILURE TO YIELD RIGHT OF WAY,POINTE,39.03496933,-86.50923919,"39.03496933,-86.50923919",2015-09-02
902530412,2015,09,04,Weekday,0700,2-Car,Incapacitating,LEFT OF CENTER,MAPLE GROVE & NORTH MAPLE GROVE,39.206352,-86.557696,"39.206352,-86.557696",2015-09-04
902530486,2015,09,03,Weekday,1200,Pedestrian,Non-incapacitating,OTHER (DRIVER) - EXPLAIN IN NARRATIVE,SOUTH JORDAN,39.1666165,-86.51632212,"39.1666165,-86.51632212",2015-09-03
902530603,2015,09,04,Weekday,1300,2-Car,Non-incapacitating,FAILURE TO YIELD RIGHT OF WAY,E 3RD & KINGSTON,39.16362294,-86.49298705,"39.16362294,-86.49298705",2015-09-04
902530610,2015,09,04,Weekday,1300,2-Car,No injury/unknown,FOLLOWING TOO CLOSELY,SR37S & SR45W,39.148144,-86.572992,"39.148144,-86.572992",2015-09-04
902530638,2015,09,04,Weekday,1600,1-Car,No injury/unknown,RAN OFF ROAD RIGHT,ADAMS & ALLEN,39.155952,-86.550592,"39.155952,-86.550592",2015-09-04
902530642,2015,09,04,Weekday,1100,1-Car,No injury/unknown,RAN OFF ROAD RIGHT,OLD STATE ROAD 37 NORTH & SAMPLE,39.25862029,-86.50123704,"39.25862029,-86.50123704",2015-09-04
902530643,2015,09,04,Weekday,1200,2-Car,No injury/unknown,UNSAFE BACKING,STATE ROAD 45,39.14186,-86.579917,"39.14186,-86.579917",2015-09-04
902530732,2015,09,04,Weekday,2000,2-Car,No injury/unknown,UNSAFE BACKING,DUNN & NINETEENTH,39.18101099,-86.52840377,"39.18101099,-86.52840377",2015-09-04
902530762,2015,09,04,Weekday,1800,2-Car,Incapacitating,FAILURE TO YIELD RIGHT OF WAY,SR46W & UNION VALLEY,39.215152,-86.5928,"39.215152,-86.5928",2015-09-04
902530784,2015,09,04,Weekday,2200,2-Car,No injury/unknown,UNSAFE BACKING,S WINSLOW,39.13781257,-86.52400286,"39.13781257,-86.52400286",2015-09-04
902530796,2015,09,04,Weekday,2300,2-Car,No injury/unknown,FAILURE TO YIELD RIGHT OF WAY,S ROGERS & W 2ND,39.16152,-86.538592,"39.16152,-86.538592",2015-09-04
902530804,2015,09,04,Weekday,2100,2-Car,No injury/unknown,IMPROPER LANE USAGE,COTTAGE GROVE & INDIANA,39.17264,-86.52880426,"39.17264,-86.52880426",2015-09-04
902530997,2015,10,05,Weekday,0800,1-Car,Non-incapacitating,ANIMAL/OBJECT IN ROADWAY,FLATTWOODS ROAD & STATE ROAD 46 WEST,39.35839182,-86.65402002,"39.35839182,-86.65402002",2015-10-05
902531030,2015,10,05,Weekday,0900,2-Car,No injury/unknown,FOLLOWING TOO CLOSELY,SR37S & SR45W,39.187344,-86.5552,"39.187344,-86.5552",2015-10-05
902531171,2015,10,05,Weekday,1300,1-Car,No injury/unknown,IMPROPER TURNING,E 17TH,39.17887431,-86.51463227,"39.17887431,-86.51463227",2015-10-05
902531190,2015,09,02,Weekday,1700,2-Car,No injury/unknown,FOLLOWING TOO CLOSELY,SPARKS & SR45W,39.08787871,-86.66946046,"39.08787871,-86.66946046",2015-09-02
902531191,2015,09,03,Weekday,1600,2-Car,No injury/unknown,FOLLOWING TOO CLOSELY,CONSTITUTION & LIBERTY,39.149552,-86.575936,"39.149552,-86.575936",2015-09-03
902531217,2015,10,05,Weekday,1500,2-Car,No injury/unknown,FOLLOWING TOO CLOSELY,SR37N & VERNAL,39.17580534,-86.56344483,"39.17580534,-86.56344483",2015-10-05
902531222,2015,09,04,Weekday,1900,2-Car,No injury/unknown,OVERCORRECTING/OVERSTEERING,E 6TH & WASHINGTON,39.167664,-86.5324,"39.167664,-86.5324",2015-09-04
902531242,2015,10,05,Weekday,1400,2-Car,No injury/unknown,FOLLOWING TOO CLOSELY,E SR 45 46 & WALNUT,39.186368,-86.5344,"39.186368,-86.5344",2015-10-05
902531324,2015,09,04,Weekday,1800,2-Car,No injury/unknown,IMPROPER TURNING,E 3RD,39.16424,-86.5161551,"39.16424,-86.5161551",2015-09-04
902531351,2015,10,05,Weekday,1600,2-Car,No injury/unknown,FAILURE TO YIELD RIGHT OF WAY,E 14TH & N INDIANA,39.176192,-86.52712,"39.176192,-86.52712",2015-10-05
902531367,2015,10,05,Weekday,1500,2-Car,No injury/unknown,FAILURE TO YIELD RIGHT OF WAY,E SOUTHERN & S HENDERSON,39.14984,-86.526944,"39.14984,-86.526944",2015-10-05
902531473,2015,10,05,Weekday,0900,2-Car,Incapacitating,FAILURE TO YIELD RIGHT OF WAY,S WALNUT & W GRIMES,39.15344,-86.5336,"39.15344,-86.5336",2015-10-05
902531517,2015,10,06,Weekday,1300,2-Car,No injury/unknown,UNSAFE LANE MOVEMENT,E 3RD,39.16439273,-86.52394958,"39.16439273,-86.52394958",2015-10-06
902531526,2015,10,06,Weekday,0600,1-Car,No injury/unknown,DRIVER ASLEEP OR FATIGUED,SR46E & WOODVIEW,39.15185852,-86.38188169,"39.15185852,-86.38188169",2015-10-06
902531636,2015,09,04,Weekday,2300,2-Car,No injury/unknown,UNSAFE BACKING,SOUTH WASHINGTON,39.16304779,-86.53251647,"39.16304779,-86.53251647",2015-09-04
902531755,2015,10,06,Weekday,1100,2-Car,No injury/unknown,FOLLOWING TOO CLOSELY,S LIBERTY & W CONSTITUTION,39.149552,-86.575936,"39.149552,-86.575936",2015-10-06
902531767,2015,10,06,Weekday,1100,2-Car,No injury/unknown,UNSAFE LANE MOVEMENT,E 3RD & S WILLIAMSBURG,39.16421563,-86.49657907,"39.16421563,-86.49657907",2015-10-06