Master Record Number,Year,Month,Day,Weekend?,Hour,Collision Type,Injury Type,Primary Factor,Reported_Location,Latitude,Longitude,Location,Date
902531783,2015,10,05,Weekday,1900,2-Car,No injury/unknown,IMPROPER TURNING,E 3RD & S JORDAN,39.16424,-86.5164,"39.16424,-86.5164",2015-10-05
902531785,2015,10,06,Weekday,1000,2-Car,No injury/unknown,,N GATES,39.16803807,-86.57621853,"39.16803807,-86.57621853",2015-10-06
902531964,2015,10,06,Weekday,1500,2-Car,No injury/unknown,FAILURE TO YIELD RIGHT OF WAY,3RD & PETE ELLIS,39.16424,-86.495088,"39.16424,-86.495088",2015-10-06
902532002,2015,10,06,Weekday,1700,2-Car,No injury/unknown,FAILURE TO YIELD RIGHT OF WAY,WASHINGTON & WILSON,39.151616,-86.5324,"39.151616,-86.5324",2015-10-06
902532017,2015,10,06,Weekday,1500,2-Car,No injury/unknown,FAILURE TO YIELD RIGHT OF WAY,JORDAN & LINGELBACH,39.177248,-86.512496,"39.177248,-86.512496",2015-10-06
902532067,2015,10,06,Weekday,1700,2-Car,No injury/unknown,UNSAFE BACKING,E 10TH,39.171472,-86.509376,"39.171472,-86.509376",2015-10-06
902532110,2015,10,06,Weekend,2000,2-Car,No injury/unknown,IMPROPER TURNING,S OAKDALE & W BLOOMFIELD,39.148544,-86.571504,"39.148544,-86.571504",2015-10-06
902532121,2015,09,04,Weekday,2000,2-Car,No injury/unknown,UNSAFE BACKING,W GORDON,39.12154418,-86.53386009,"39.12154418,-86.53386009",2015-09-04
902532174,2015,10,06,Weekday,1800,2-Car,No injury/unknown,OTHER (DRIVER) - EXPLAIN IN NARRATIVE,315 S COLLEGE MALL & E 3RD,39.16424,-86.4984,"39.16424,-86.4984",2015-10-06
902532210,2015,10,06,Weekend,2200,Pedestrian,Non-incapacitating,FAILURE TO YIELD RIGHT OF WAY,6TH & LINCOLN,39.16768,-86.530992,"39.16768,-86.530992",2015-10-06
902532214,2015,10,06,Weekend,2100,2-Car,No injury/unknown,FAILURE TO YIELD RIGHT OF WAY,E 10TH & N COLLEGE,39.171744,-86.534768,"39.171744,-86.534768",2015-10-06
902532227,2015,10,06,Weekday,1100,2-Car,No injury/unknown,FOLLOWING TOO CLOSELY,OLD STATE ROAD 37 & WALNUT,39.20704,-86.534704,"39.20704,-86.534704",2015-10-06
902532270,2015,10,07,Weekend,0900,2-Car,No injury/unknown,UNSAFE BACKING,S PARK RIDGE,39.161678,-86.524314,"39.161678,-86.524314",2015-10-07
902532352,2015,10,07,Weekend,1200,2-Car,No injury/unknown,FOLLOWING TOO CLOSELY,DUNN & SR4546W,39.186352,-86.528496,"39.186352,-86.528496",2015-10-07
902532398,2015,10,07,Weekend,1100,2-Car,No injury/unknown,RAN OFF ROAD RIGHT,9TH & COLLEGE,39.170544,-86.534768,"39.170544,-86.534768",2015-10-07
902532516,2015,10,06,Weekday,1400,2-Car,No injury/unknown,FAILURE TO YIELD RIGHT OF WAY,SOUTH COLLEGE MALL,39.15118408,-86.49629211,"39.15118408,-86.49629211",2015-10-06
902532526,2015,10,06,Weekend,1900,2-Car,Non-incapacitating,LEFT OF CENTER,N DUNN & N OLD STATE ROAD 37,39.208048,-86.528704,"39.208048,-86.528704",2015-10-06
902532532,2015,10,07,Weekend,1700,2-Car,Non-incapacitating,UNSAFE BACKING,S LEONARD SPRINGS,39.142048,-86.582592,"39.142048,-86.582592",2015-10-07
902532533,2015,10,06,Weekday,1600,2-Car,No injury/unknown,FOLLOWING TOO CLOSELY,N CURRY & VERNAL,39.096736,-86.512288,"39.096736,-86.512288",2015-10-06
902532534,2015,10,06,Weekday,1800,1-Car,No injury/unknown,RAN OFF ROAD RIGHT,N BRUMMETTS CREEK & SR46E,39.22039032,-86.41083184,"39.22039032,-86.41083184",2015-10-06
902532536,2015,10,05,Weekday,2300,2-Car,No injury/unknown,UNSAFE LANE MOVEMENT,N COLLEGE & W KIRKWOOD,39.16664,-86.5348,"39.16664,-86.5348",2015-10-05
902532547,2015,10,07,Weekend,2000,Pedestrian,Non-incapacitating,UNSAFE BACKING,N TAMARACK,39.189968,-86.52128,"39.189968,-86.52128",2015-10-07
902532550,2015,10,05,Weekday,1700,2-Car,No injury/unknown,IMPROPER PASSING,SISCOE & SR46W,39.27146912,-86.67018609,"39.27146912,-86.67018609",2015-10-05
902532559,2015,10,06,Weekend,2000,2-Car,No injury/unknown,UNSAFE BACKING,W SR 45,39.14186096,-86.5799179,"39.14186096,-86.5799179",2015-10-06
902532574,2015,10,07,Weekend,0300,1-Car,Incapacitating,SPEED TOO FAST FOR WEATHER CONDITIONS,E NEHRT & E ROBINSON,39.24065016,-86.44310024,"39.24065016,-86.44310024",2015-10-07
902532622,2015,10,01,Weekend,0100,2-Car,No injury/unknown,UNSAFE BACKING,5TH & JEFFERSON,39.16664201,-86.506992,"39.16664201,-86.506992",2015-10-01
902532624,2015,10,01,Weekend,0000,2-Car,No injury/unknown,DISREGARD SIGNAL/REG SIGN,E 10TH & N JORDAN,39.171552,-86.515728,"39.171552,-86.515728",2015-10-01
902532626,2015,10,01,Weekend,0100,2-Car,No injury/unknown,FAILURE TO YIELD RIGHT OF WAY,10TH & JORDAN,39.17141518,-86.51574311,"39.17141518,-86.51574311",2015-10-01
902532745,2015,10,01,Weekend,1200,2-Car,Non-incapacitating,OTHER (DRIVER) - EXPLAIN IN NARRATIVE,N WALNUT & SR4546W,39.186368,-86.5344,"39.186368,-86.5344",2015-10-01
902532749,2015,10,01,Weekend,1300,2-Car,No injury/unknown,FOLLOWING TOO CLOSELY,2300 N WALNUT & BYPASS SR 45 46,39.187179,-86.533683,"39.187179,-86.533683",2015-10-01
902532765,2015,10,01,Weekend,1400,2-Car,No injury/unknown,FOLLOWING TOO CLOSELY,17TH & SR46E,39.17984,-86.507088,"39.17984,-86.507088",2015-10-01
902532770,2015,10,01,Weekend,0900,2-Car,No injury/unknown,FAILURE TO YIELD RIGHT OF WAY,LOVE & SR46W,39.21898572,-86.60202298,"39.21898572,-86.60202298",2015-10-01
902532803,2015,10,01,Weekend,1400,2-Car,Non-incapacitating,FOLLOWING TOO CLOSELY,10TH & SUNRISE,39.17157993,-86.51249715,"39.17157993,-86.51249715",2015-10-01
902532850,2015,10,01,Weekend,1000,2-Car,No injury/unknown,UNSAFE BACKING,EAST 7TH,40.615528,-87.313484,"40.615528,-87.313484",2015-10-01
902532869,2015,10,01,Weekend,1700,Moped/Motorcycle,Non-incapacitating,UNSAFE SPEED,ATWATER & HIGH,39.14193194,-86.50846995,"39.14193194,-86.50846995",2015-10-01
902532891,2015,10,01,Weekend,1800,2-Car,No injury/unknown,OTHER (ENVIRONMENTAL) - EXPLAIN IN NARR,SHUFFLE CREEK,39.23206327,-86.41446911,"39.23206327,-86.41446911",2015-10-01
902532920,2015,10,01,Weekday,2100,2-Car,No injury/unknown,FOLLOWING TOO CLOSELY,EAST 14TH & NORTH WALNUT,39.175952,-86.53344,"39.175952,-86.53344",2015-10-01
902532925,2015,10,06,Weekday,1500,2-Car,No injury/unknown,LEFT OF CENTER,ROCKPORT & VICTOR,39.06010496,-86.60378321,"39.06010496,-86.60378321",2015-10-06
902532927,2015,10,06,Weekday,1800,2-Car,No injury/unknown,FOLLOWING TOO CLOSELY,MONROE DAM & S OLD STATE RD 37,39.01866987,-86.53944008,"39.01866987,-86.53944008",2015-10-06
902532934,2015,10,01,Weekend,1400,2-Car,No injury/unknown,OTHER (DRIVER) - EXPLAIN IN NARRATIVE,351 S LINCOLN & SMITH,39.162848,-86.53104,"39.162848,-86.53104",2015-10-01
902532943,2015,10,01,Weekend,1700,2-Car,No injury/unknown,DISREGARD SIGNAL/REG SIGN,N COLLEGE & W 11TH,39.173232,-86.534752,"39.173232,-86.534752",2015-10-01
902533049,2015,10,01,Weekend,0100,1-Car,No injury/unknown,RAN OFF ROAD RIGHT,W ELWREN,39.10841805,-86.67433354,"39.10841805,-86.67433354",2015-10-01
902533383,2015,10,01,Weekend,1300,2-Car,No injury/unknown,FAILURE TO YIELD RIGHT OF WAY,11TH & COLLEGE,39.173232,-86.534752,"39.173232,-86.534752",2015-10-01
902533388,2015,10,01,Weekday,2000,2-Car,No injury/unknown,UNSAFE BACKING,BRANDON & E GRAHAM,39.10773674,-86.52556031,"39.10773674,-86.52556031",2015-10-01
902533551,2015,10,02,Weekday,1700,2-Car,No injury/unknown,FAILURE TO YIELD RIGHT OF WAY,2ND & COLLEGE MALL,39.160944,-86.497696,"39.160944,-86.497696",2015-10-02
902533585,2015,10,02,Weekday,1800,1-Car,No injury/unknown,OTHER (DRIVER) - EXPLAIN IN NARRATIVE,3904 SAGE & PEPPERIDGE,39.10782291,-86.524757,"39.10782291,-86.524757",2015-10-02
902533594,2015,10,02,Weekday,1900,2-Car,No injury/unknown,FOLLOWING TOO CLOSELY,17TH & JORDAN,39.178848,-86.511088,"39.178848,-86.511088",2015-10-02
902533692,2015,10,03,Weekday,0200,2-Car,No injury/unknown,OTHER (DRIVER) - EXPLAIN IN NARRATIVE,W STATE ROAD 45,39.14186,-86.579917,"39.14186,-86.579917",2015-10-03
902533911,2015,09,04,Weekday,1200,2-Car,No injury/unknown,OTHER (DRIVER) - EXPLAIN IN NARRATIVE,N GATES,39.16987228,-86.57498168,"39.16987228,-86.57498168",2015-09-04
902533943,2015,10,03,Weekday,1100,2-Car,Non-incapacitating,FOLLOWING TOO CLOSELY,17TH & WALNUT,39.17896,-86.521088,"39.17896,-86.521088",2015-10-03
902533953,2015,10,03,Weekday,1000,Cyclist,No injury/unknown,FAILURE TO YIELD RIGHT OF WAY,3RD & CLARIZZ,39.16424,-86.4908,"39.16424,-86.4908",2015-10-03
902534127,2015,10,03,Weekday,1600,2-Car,No injury/unknown,OTHER (DRIVER) - EXPLAIN IN NARRATIVE,S ROGERS,39.15013123,-86.53823089,"39.15013123,-86.53823089",2015-10-03
902534135,2015,10,03,Weekday,1600,2-Car,No injury/unknown,FAILURE TO YIELD RIGHT OF WAY,20TH & DUNN,39.18184,-86.5284,"39.18184,-86.5284",2015-10-03
902536066,2015,10,06,Weekend,2200,2-Car,No injury/unknown,OTHER (DRIVER) - EXPLAIN IN NARRATIVE,LIBERTY,39.16283,-86.580238,"39.16283,-86.580238",2015-10-06
902536080,2015,10,07,Weekend,0200,1-Car,No injury/unknown,UNSAFE BACKING,N COLLEGE & W 6TH,39.167648,-86.534784,"39.167648,-86.534784",2015-10-07
902536085,2015,10,06,Weekday,1100,1-Car,No injury/unknown,UNSAFE SPEED,FAIRFAX & SCHACHT,39.10704,-86.523488,"39.10704,-86.523488",2015-10-06
902536179,2015,10,07,Weekend,1200,2-Car,No injury/unknown,IMPROPER TURNING,E ATWATER & S HENDERSON,39.163344,-86.5272,"39.163344,-86.5272",2015-10-07
902536269,2015,10,05,Weekday,1700,2-Car,No injury/unknown,OTHER (DRIVER) - EXPLAIN IN NARRATIVE,SOUTH COLLEGE,39.16025925,-86.53553771,"39.16025925,-86.53553771",2015-10-05
902536298,2015,10,05,Weekday,2100,3+ Cars,No injury/unknown,FOLLOWING TOO CLOSELY,N FEE & SR4546S,39.186032,-86.51984,"39.186032,-86.51984",2015-10-05
902536311,2015,10,07,Weekend,1700,2-Car,No injury/unknown,FOLLOWING TOO CLOSELY,10TH,39.171648,-86.502096,"39.171648,-86.502096",2015-10-07
902536321,2015,10,07,Weekend,1700,2-Car,No injury/unknown,FAILURE TO YIELD RIGHT OF WAY,17TH & LINCOLN,39.17904,-86.530848,"39.17904,-86.530848",2015-10-07
902536363,2015,10,06,Weekday,1500,1-Car,No injury/unknown,OTHER (VEHICLE) - EXPLAIN IN NARRATIVE,S HANDY,39.092688,-86.483568,"39.092688,-86.483568",2015-10-06
902536395,2015,10,07,Weekend,0600,1-Car,Non-incapacitating,RAN OFF ROAD RIGHT,S ROGERS & W FAIRWAY,39.132144,-86.5384,"39.132144,-86.5384",2015-10-07
902536453,2015,10,06,Weekday,1200,2-Car,No injury/unknown,OTHER (DRIVER) - EXPLAIN IN NARRATIVE,7TH & GRANT,39.16864,-86.52916675,"39.16864,-86.52916675",2015-10-06
902536487,2015,10,01,Weekend,0100,1-Car,No injury/unknown,UNSAFE BACKING,100 E DIXIE & S WALNUT,39.156544,-86.5336,"39.156544,-86.5336",2015-10-01
902536582,2015,10,01,Weekend,1200,2-Car,No injury/unknown,UNSAFE BACKING,N MADISON & W 6TH,39.167664,-86.537296,"39.167664,-86.537296",2015-10-01
902536665,2015,10,04,Weekday,2000,1-Car,No injury/unknown,ANIMAL/OBJECT IN ROADWAY,E MONROE DAM & SR37,39.0146275,-86.537088,"39.0146275,-86.537088",2015-10-04
902536756,2015,10,01,Weekday,2000,1-Car,Non-incapacitating,UNSAFE SPEED,S YANCY & W 3RD,39.16455992,-86.56948015,"39.16455992,-86.56948015",2015-10-01
902536758,2015,10,01,Weekday,2100,2-Car,No injury/unknown,FOLLOWING TOO CLOSELY,SR45 & SR46,39.1464386,-86.57504272,"39.1464386,-86.57504272",2015-10-01
902537148,2015,10,06,Weekday,1400,2-Car,No injury/unknown,FOLLOWING TOO CLOSELY,ARLINGTON,39.187184,-86.551408,"39.187184,-86.551408",2015-10-06
902537149,2015,10,01,Weekend,0800,2-Car,No injury/unknown,DISREGARD SIGNAL/REG SIGN,SR37S & SR46E,39.30670166,-86.5161972,"39.30670166,-86.5161972",2015-10-01
902537276,2015,10,07,Weekend,1100,2-Car,No injury/unknown,UNSAFE BACKING,DAVIS & LINCOLN,39.15417977,-86.53133115,"39.15417977,-86.53133115",2015-10-07
902537279,2015,10,02,Weekday,1000,2-Car,No injury/unknown,UNSAFE BACKING,WEST 17,39.17937088,-86.5461502,"39.17937088,-86.5461502",2015-10-02
902537562,2015,10,02,Weekday,1500,2-Car,No injury/unknown,UNSAFE BACKING,S BRANDON,39.13836345,-86.52552276,"39.13836345,-86.52552276",2015-10-02
902537620,2015,10,02,Weekday,0400,2-Car,No injury/unknown,FAILURE TO YIELD RIGHT OF WAY,E 9TH & N LICOLN,39.1704601,-86.53104007,"39.1704601,-86.53104007",2015-10-02
902537674,2015,10,02,Weekday,1500,2-Car,No injury/unknown,FOLLOWING TOO CLOSELY,N DANIELS & ZENITH,39.17015031,-86.59829981,"39.17015031,-86.59829981",2015-10-02
902537688,2015,10,02,Weekday,2000,3+ Cars,No injury/unknown,FOLLOWING TOO CLOSELY,10TH & WOODLAWN,39.1716399,-86.52406517,"39.1716399,-86.52406517",2015-10-02
902537698,2015,10,02,Weekday,1700,2-Car,No injury/unknown,IMPROPER TURNING,N FEE,39.17250261,-86.51898354,"39.17250261,-86.51898354",2015-10-02
902537726,2015,10,02,Weekday,1700,Moped/Motorcycle,Incapacitating,FOLLOWING TOO CLOSELY,S COLLEGE & W 1ST,39.17688,-86.534736,"39.17688,-86.534736",2015-10-02
902537952,2015,10,01,Weekend,0000,2-Car,No injury/unknown,TIRE FAILURE OR DEFECTIVE,SR37 & SR45,39.18466483,-86.55597698,"39.18466483,-86.55597698",2015-10-01
902538092,2015,10,03,Weekday,1100,Moped/Motorcycle,No injury/unknown,OTHER (DRIVER) - EXPLAIN IN NARRATIVE,ABBY & WINSLOW,39.136144,-86.51023799,"39.136144,-86.51023799",2015-10-03
902538188,2015,10,03,Weekday,1300,2-Car,No injury/unknown,UNSAFE LANE MOVEMENT,ATWATER & JORDAN,39.16304983,-86.51638595,"39.16304983,-86.51638595",2015-10-03
902538189,2015,10,03,Weekday,1300,Pedestrian,Incapacitating,FAILURE TO YIELD RIGHT OF WAY,FOURTH & INDIANA,39.16555032,-86.52691014,"39.16555032,-86.52691014",2015-10-03
902538321,2015,10,03,Weekday,1600,2-Car,Non-incapacitating,FAILURE TO YIELD RIGHT OF WAY,EAST 3RD & PARK RIDGE,39.16424,-86.476096,"39.16424,-86.476096",2015-10-03
902538350,2015,10,03,Weekday,1800,2-Car,No injury/unknown,UNSAFE LANE MOVEMENT,CAPITOL & SR46W,39.22377014,-86.60883578,"39.22377014,-86.60883578",2015-10-03
902538414,2015,10,02,Weekday,1500,2-Car,No injury/unknown,FAILURE TO YIELD RIGHT OF WAY,S STRAIN RIDGE,39.07112,-86.507008,"39.07112,-86.507008",2015-10-02
902538415,2015,10,02,Weekday,1600,2-Car,Incapacitating,FOLLOWING TOO CLOSELY,E SCHACHT & S FAIRFAX,39.10704,-86.523488,"39.10704,-86.523488",2015-10-02
902538420,2015,10,03,Weekday,2000,2-Car,Non-incapacitating,FOLLOWING TOO CLOSELY,EAST 2ND & WOODSCREST,39.16092016,-86.50244973,"39.16092016,-86.50244973",2015-10-03
902538424,2015,10,03,Weekday,1500,2-Car,No injury/unknown,FOLLOWING TOO CLOSELY,N PRAIRIE GREEN & SR45E,39.17950821,-86.4755809,"39.17950821,-86.4755809",2015-10-03
902538439,2015,10,03,Weekday,1700,Pedestrian,Incapacitating,FAILURE TO YIELD RIGHT OF WAY,LEONARD SPRINGS & W ST RD 45,39.13138191,-86.58259011,"39.13138191,-86.58259011",2015-10-03
902538466,2015,10,03,Weekday,2100,Pedestrian,Non-incapacitating,HEADLIGHT DEFECTIVE OR NOT ON,4TH & GRANT,39.165648,-86.529712,"39.165648,-86.529712",2015-10-03
902538480,2015,10,03,Weekday,1800,2-Car,Non-incapacitating,UNSAFE LANE MOVEMENT,3RD & PATTERSON,39.16344009,-86.55128002,"39.16344009,-86.55128002",2015-10-03
902538542,2015,10,04,Weekday,2300,3+ Cars,No injury/unknown,OTHER (DRIVER) - EXPLAIN IN NARRATIVE,PECAN & SOUTH OAKDALE,39.14676011,-86.57113976,"39.14676011,-86.57113976",2015-10-04
902538761,2015,10,04,Weekday,1100,2-Car,No injury/unknown,IMPROPER TURNING,W KIRKWOOD,39.166832,-86.550992,"39.166832,-86.550992",2015-10-04
902538816,2015,10,04,Weekday,1200,2-Car,No injury/unknown,FAILURE TO YIELD RIGHT OF WAY,LANDMARK & W 3RD,39.16442983,-86.55630983,"39.16442983,-86.55630983",2015-10-04
902538892,2015,10,04,Weekday,1200,1-Car,No injury/unknown,UNSAFE LANE MOVEMENT,SR37N,39.23886381,-86.5381848,"39.23886381,-86.5381848",2015-10-04
902538955,2015,10,04,Weekday,1500,2-Car,Non-incapacitating,FAILURE TO YIELD RIGHT OF WAY,E 6TH & N WASHINGTON,39.167664,-86.5324,"39.167664,-86.5324",2015-10-04
902538957,2015,10,04,Weekday,1500,3+ Cars,No injury/unknown,FOLLOWING TOO CLOSELY,SUNNY SLOPES & WALNUT STREET,39.13264,-86.526688,"39.13264,-86.526688",2015-10-04
902538994,2015,10,03,Weekday,1800,1-Car,No injury/unknown,RAN OFF ROAD RIGHT,E BETHEL & N HINKLE,39.212848,-86.505392,"39.212848,-86.505392",2015-10-03
902539005,2015,10,04,Weekday,1200,Bus,No injury/unknown,OTHER (DRIVER) - EXPLAIN IN NARRATIVE,S PARK SQUARE,39.15704,-86.591696,"39.15704,-86.591696",2015-10-04
902539075,2015,10,04,Weekday,1700,3+ Cars,Non-incapacitating,FAILURE TO YIELD RIGHT OF WAY,GATES & W 3RD,39.16459009,-86.57619975,"39.16459009,-86.57619975",2015-10-04
902539080,2015,10,03,Weekday,1800,3+ Cars,Incapacitating,FOLLOWING TOO CLOSELY,SR45W & WEST AIRPORT,39.136848,-86.593792,"39.136848,-86.593792",2015-10-03
902539084,2015,10,04,Weekday,1600,1-Car,No injury/unknown,RAN OFF ROAD RIGHT,E SOUTHSHORE & N BEACHWOOD,39.25160255,-86.40991291,"39.25160255,-86.40991291",2015-10-04
902539112,2015,10,04,Weekday,2000,2-Car,No injury/unknown,UNSAFE BACKING,E 3RD,39.16424,-86.51605714,"39.16424,-86.51605714",2015-10-04
902539118,2015,10,03,Weekday,2100,2-Car,No injury/unknown,,S LIBERTY,39.145264,-86.577616,"39.145264,-86.577616",2015-10-03
902539141,2015,10,04,Weekday,1400,2-Car,Non-incapacitating,FAILURE TO YIELD RIGHT OF WAY,SALE & VINE,39.2345848,-86.62382304,"39.2345848,-86.62382304",2015-10-04
902539217,2015,10,05,Weekday,0500,1-Car,No injury/unknown,ANIMAL/OBJECT IN ROADWAY,KINSER & SR37N,39.22007951,-86.55078479,"39.22007951,-86.55078479",2015-10-05
902539481,2015,10,05,Weekday,1200,2-Car,No injury/unknown,OTHER (DRIVER) - EXPLAIN IN NARRATIVE,MILLER & WALNUT,39.146944,-86.532544,"39.146944,-86.532544",2015-10-05
902539677,2015,10,05,Weekday,1500,1-Car,No injury/unknown,OTHER (DRIVER) - EXPLAIN IN NARRATIVE,S EDGEWOOD,39.23539102,-86.63945697,"39.23539102,-86.63945697",2015-10-05
902539787,2015,10,05,Weekday,1600,2-Car,No injury/unknown,FAILURE TO YIELD RIGHT OF WAY,KIRKWOOD & ROGERS,39.166672,-86.538608,"39.166672,-86.538608",2015-10-05
902539837,2015,10,05,Weekday,1500,2-Car,Incapacitating,FAILURE TO YIELD RIGHT OF WAY,CURRY & ROLL,39.14771374,-86.58262082,"39.14771374,-86.58262082",2015-10-05
902539851,2015,10,05,Weekday,2100,2-Car,No injury/unknown,DRIVER DISTRACTED - EXPLAIN IN NARRATIVE,TENTH & WOODLAWN,39.17164028,-86.52349971,"39.17164028,-86.52349971",2015-10-05
902539948,2015,10,06,Weekday,0000,2-Car,Incapacitating,IMPROPER LANE USAGE,E 10TH,39.176848,-86.478192,"39.176848,-86.478192",2015-10-06
902539962,2015,10,05,Weekday,2300,1-Car,Non-incapacitating,UNSAFE SPEED,E KIRKWOOD & S DUNN,39.16664,-86.528192,"39.16664,-86.528192",2015-10-05
902539982,2015,10,05,Weekday,1300,2-Car,No injury/unknown,FOLLOWING TOO CLOSELY,SR37S & SR45W,39.148144,-86.572992,"39.148144,-86.572992",2015-10-05
902540003,2015,10,05,Weekday,0800,2-Car,No injury/unknown,VIEW OBSTRUCTED,KINSER & SKYLINE,39.19074989,-86.53772024,"39.19074989,-86.53772024",2015-10-05
902540064,2015,10,02,Weekday,1300,2-Car,No injury/unknown,FOLLOWING TOO CLOSELY,SMITH & SR46W,39.210144,-86.5832,"39.210144,-86.5832",2015-10-02
902540116,2015,09,04,Weekday,1300,2-Car,No injury/unknown,UNSAFE BACKING,3RD,39.16464,-86.56905455,"39.16464,-86.56905455",2015-09-04
902540206,2015,10,06,Weekday,1100,2-Car,No injury/unknown,UNSAFE BACKING,E WOODBINE,39.15596771,-86.50253295,"39.15596771,-86.50253295",2015-10-06
902540268,2015,10,06,Weekday,1200,2-Car,No injury/unknown,DISREGARD SIGNAL/REG SIGN,COTTAGE GROVE & WOODLAWN,39.17264,-86.523584,"39.17264,-86.523584",2015-10-06
902540281,2015,10,06,Weekday,1200,1-Car,Non-incapacitating,RAN OFF ROAD RIGHT,N WALNUT & SR 45 46,39.186368,-86.5344,"39.186368,-86.5344",2015-10-06
902540330,2015,10,06,Weekday,1100,Cyclist,Non-incapacitating,FAILURE TO YIELD RIGHT OF WAY,7TH & JORDAN,39.16916292,-86.51599183,"39.16916292,-86.51599183",2015-10-06
902540449,2015,10,06,Weekday,1700,2-Car,No injury/unknown,FOLLOWING TOO CLOSELY,E 17TH & SR4546E,39.17984,-86.507088,"39.17984,-86.507088",2015-10-06
902540450,2015,10,06,Weekend,2000,1-Car,No injury/unknown,ANIMAL/OBJECT IN ROADWAY,GIFFORD & KIRBY,39.15555954,-86.61056157,"39.15555954,-86.61056157",2015-10-06
902540463,2015,10,06,Weekday,1500,3+ Cars,No injury/unknown,FOLLOWING TOO CLOSELY,S HICKORY & SR45W,39.16249847,-86.58585357,"39.16249847,-86.58585357",2015-10-06
902540528,2015,10,06,Weekend,2100,2-Car,No injury/unknown,FOLLOWING TOO CLOSELY,2ND & WALKER,39.16142978,-86.54614023,"39.16142978,-86.54614023",2015-10-06
902540575,2015,10,03,Weekday,2100,2-Car,Incapacitating,FAILURE TO YIELD RIGHT OF WAY,3RD,39.164752,-86.573104,"39.164752,-86.573104",2015-10-03
902540583,2015,10,06,Weekday,1000,2-Car,No injury/unknown,FAILURE TO YIELD RIGHT OF WAY,COUNTRY CLUB & WALNUT,39.13597025,-86.5311098,"39.13597025,-86.5311098",2015-10-06
902540623,2015,10,06,Weekday,1100,2-Car,No injury/unknown,BRAKE FAILURE OR DEFECTIVE,OLD SR 37 & WALNUT,39.20704,-86.534704,"39.20704,-86.534704",2015-10-06
902540674,2015,10,07,Weekend,1000,2-Car,Non-incapacitating,DISREGARD SIGNAL/REG SIGN,1ST & S WASHINGTON,39.159344,-86.5324,"39.159344,-86.5324",2015-10-07
902540698,2015,10,05,Weekday,1300,2-Car,No injury/unknown,DRIVER DISTRACTED - EXPLAIN IN NARRATIVE,HARTSTRAIT & STATE ROAD 48,39.16494012,-86.61103025,"39.16494012,-86.61103025",2015-10-05
902540715,2015,10,07,Weekend,1100,2-Car,No injury/unknown,FAILURE TO YIELD RIGHT OF WAY,N WILLIS & WESTFIELD,39.18056,-86.543968,"39.18056,-86.543968",2015-10-07
902540727,2015,10,06,Weekend,2100,2-Car,No injury/unknown,FOLLOWING TOO CLOSELY,S COLLEGE & W 3RD,39.16464,-86.534816,"39.16464,-86.534816",2015-10-06
902540750,2015,10,07,Weekend,1400,2-Car,No injury/unknown,UNSAFE BACKING,W 2ND,39.16153611,-86.53976784,"39.16153611,-86.53976784",2015-10-07
902540769,2015,10,06,Weekday,1800,2-Car,No injury/unknown,UNSAFE BACKING,CASSANDRA & LEONARD SPRINGS,39.122288,-86.610608,"39.122288,-86.610608",2015-10-06
902540770,2015,10,06,Weekend,2000,1-Car,Incapacitating,RAN OFF ROAD RIGHT,BIRDIE GALYAN & SR46E,39.162656,-86.413296,"39.162656,-86.413296",2015-10-06
902540836,2015,10,07,Weekend,1700,2-Car,Non-incapacitating,FAILURE TO YIELD RIGHT OF WAY,S COLLEGE MALL,39.16291428,-86.49874114,"39.16291428,-86.49874114",2015-10-07
902540856,2015,10,07,Weekend,1500,Pedestrian,Non-incapacitating,PEDESTRIAN ACTION,E 18TH & N DUNN,39.180352,-86.5284,"39.180352,-86.5284",2015-10-07
902540871,2015,10,07,Weekend,1700,2-Car,Non-incapacitating,FOLLOWING TOO CLOSELY,E 10TH & N FORREST,39.17163022,-86.52237989,"39.17163022,-86.52237989",2015-10-07
902540890,2015,10,07,Weekend,2000,2-Car,No injury/unknown,UNSAFE BACKING,S INDIANA,39.16550106,-86.52684212,"39.16550106,-86.52684212",2015-10-07
902540984,2015,10,01,Weekend,0300,1-Car,No injury/unknown,RAN OFF ROAD RIGHT,KIRKWOOD & OAK,39.1667878,-86.54715279,"39.1667878,-86.54715279",2015-10-01
902541089,2015,10,03,Weekday,0700,2-Car,No injury/unknown,UNSAFE LANE MOVEMENT,FOREST PARK & SMITH,39.20841866,-86.5832,"39.20841866,-86.5832",2015-10-03