Master Record Number,Year,Month,Day,Weekend?,Hour,Collision Type,Injury Type,Primary Factor,Reported_Location,Latitude,Longitude,Location,Date
902541137,2015,10,07,Weekend,1400,2-Car,No injury/unknown,UNSAFE LANE MOVEMENT,E 3RD & S SWAIN,39.16424,-86.5152,"39.16424,-86.5152",2015-10-07
902541151,2015,10,01,Weekend,1300,2-Car,No injury/unknown,FAILURE TO YIELD RIGHT OF WAY,BURKS & WALNUT,39.14251599,-86.53136998,"39.14251599,-86.53136998",2015-10-01
902541175,2015,10,05,Weekday,1800,1-Car,Incapacitating,RAN OFF ROAD RIGHT,SR46W & STINESVILLE,39.26321863,-86.66150699,"39.26321863,-86.66150699",2015-10-05
902541198,2015,10,01,Weekend,1200,2-Car,No injury/unknown,IMPROPER TURNING,15TH & NORTH WALNUT,39.176848,-86.533424,"39.176848,-86.533424",2015-10-01
902541248,2015,10,01,Weekend,1800,Pedestrian,Non-incapacitating,DISREGARD SIGNAL/REG SIGN,KIRKWOOD & WASHINGTON,39.16664,-86.5324,"39.16664,-86.5324",2015-10-01
902541278,2015,10,01,Weekday,1900,2-Car,Non-incapacitating,FAILURE TO YIELD RIGHT OF WAY,CORY & WEST 3RD,39.164544,-86.560096,"39.164544,-86.560096",2015-10-01
902541307,2015,10,01,Weekend,1800,2-Car,No injury/unknown,FAILURE TO YIELD RIGHT OF WAY,6TH & INDIANA,39.1677418,-86.52710439,"39.1677418,-86.52710439",2015-10-01
902541308,2015,10,01,Weekend,1600,2-Car,No injury/unknown,FAILURE TO YIELD RIGHT OF WAY,E 3RD & KINGSTON,39.16424,-86.492944,"39.16424,-86.492944",2015-10-01
902541531,2015,10,01,Weekend,0900,2-Car,Non-incapacitating,FOLLOWING TOO CLOSELY,LEE PAUL & SR37N,39.29453839,-86.522789,"39.29453839,-86.522789",2015-10-01
902541557,2015,10,01,Weekend,1300,1-Car,No injury/unknown,ANIMAL/OBJECT IN ROADWAY,HARRELL ROAD & RHORER ROAD,39.121808,-86.498784,"39.121808,-86.498784",2015-10-01
902541577,2015,10,01,Weekend,1200,1-Car,Non-incapacitating,RAN OFF ROAD RIGHT,GENTRY & SR446S,39.16089693,-86.47150404,"39.16089693,-86.47150404",2015-10-01
902541798,2015,10,05,Weekday,1200,2-Car,No injury/unknown,UNSAFE BACKING,S FESS,39.17058971,-86.52572931,"39.17058971,-86.52572931",2015-10-05
902542144,2015,10,02,Weekday,1600,2-Car,No injury/unknown,DRIVER DISTRACTED - EXPLAIN IN NARRATIVE,SR37 & VERNAL,39.17662048,-86.56252288,"39.17662048,-86.56252288",2015-10-02
902542163,2015,10,02,Weekday,1600,Pedestrian,Incapacitating,FAILURE TO YIELD RIGHT OF WAY,E JONES & JORDAN,39.16540012,-86.51640996,"39.16540012,-86.51640996",2015-10-02
902542211,2015,10,07,Weekend,1500,1-Car,No injury/unknown,OVERCORRECTING/OVERSTEERING,THOMAS & VERNAL,39.18744714,-86.62606934,"39.18744714,-86.62606934",2015-10-07
902542212,2015,10,07,Weekend,1900,2-Car,No injury/unknown,ANIMAL/OBJECT IN ROADWAY,ELLIS & SR37N,39.02283151,-86.53290599,"39.02283151,-86.53290599",2015-10-07
902542213,2015,10,01,Weekend,1500,2-Car,No injury/unknown,OVERCORRECTING/OVERSTEERING,CARMOLA & N SMITH,39.204448,-86.583168,"39.204448,-86.583168",2015-10-01
902542214,2015,10,02,Weekday,1700,2-Car,No injury/unknown,FOLLOWING TOO CLOSELY,CURRY & WOODYARD,39.190672,-86.582992,"39.190672,-86.582992",2015-10-02
902542259,2015,10,02,Weekday,2000,3+ Cars,Non-incapacitating,FOLLOWING TOO CLOSELY,SOUTH CURRY & SR45W,39.142048,-86.582592,"39.142048,-86.582592",2015-10-02
902542274,2015,10,02,Weekday,1900,2-Car,No injury/unknown,FAILURE TO YIELD RIGHT OF WAY,EAST 5TH & NORTH CLARK,39.16681029,-86.50497972,"39.16681029,-86.50497972",2015-10-02
902542349,2015,10,01,Weekend,1200,2-Car,No injury/unknown,,E KIRKWOOD,39.16664,-86.52932767,"39.16664,-86.52932767",2015-10-01
902542351,2015,10,01,Weekend,0000,1-Car,No injury/unknown,ANIMAL/OBJECT IN ROADWAY,ACUFF & SR37N,39.20686675,-86.55469409,"39.20686675,-86.55469409",2015-10-01
902542352,2015,10,01,Weekend,0500,1-Car,No injury/unknown,OTHER (DRIVER) - EXPLAIN IN NARRATIVE,SR446S & WALDRIP CREEK,39.58625592,-86.42356109,"39.58625592,-86.42356109",2015-10-01
902542662,2015,10,03,Weekday,1200,2-Car,No injury/unknown,FAILURE TO YIELD RIGHT OF WAY,3RD & LIBERTY,39.14874854,-86.57913006,"39.14874854,-86.57913006",2015-10-03
902542929,2015,10,03,Weekday,1700,2-Car,No injury/unknown,UNSAFE LANE MOVEMENT,N JORDAN,39.18081529,-86.511088,"39.18081529,-86.511088",2015-10-03
902542975,2015,10,03,Weekday,1700,2-Car,No injury/unknown,OTHER (ENVIRONMENTAL) - EXPLAIN IN NARR,PROFILE,39.1696474,-86.59230642,"39.1696474,-86.59230642",2015-10-03
902542977,2015,10,03,Weekday,0100,2-Car,No injury/unknown,OTHER (DRIVER) - EXPLAIN IN NARRATIVE,EAST WATERSEDGE,39.02558899,-86.50688934,"39.02558899,-86.50688934",2015-10-03
902543021,2015,10,02,Weekday,1500,2-Car,Incapacitating,UNSAFE SPEED,N HARTSTRAIT & W VERNAL,39.18676995,-86.6112703,"39.18676995,-86.6112703",2015-10-02
902543044,2015,10,03,Weekday,2200,2-Car,No injury/unknown,UNSAFE BACKING,S FRANKLIN,39.166496,-86.571216,"39.166496,-86.571216",2015-10-03
902543115,2015,10,04,Weekday,0300,1-Car,No injury/unknown,DRIVER ASLEEP OR FATIGUED,E MOORES & S SARE,39.04475397,-86.49918012,"39.04475397,-86.49918012",2015-10-04
902543173,2015,10,03,Weekday,1300,1-Car,Incapacitating,OTHER (DRIVER) - EXPLAIN IN NARRATIVE,N KINSER PILE,39.206688,-86.547456,"39.206688,-86.547456",2015-10-03
902543276,2015,10,03,Weekday,1300,2-Car,No injury/unknown,FAILURE TO YIELD RIGHT OF WAY,N ROGERS & W 11TH,39.173184,-86.538528,"39.173184,-86.538528",2015-10-03
902543289,2015,10,04,Weekday,1000,Cyclist,Non-incapacitating,WRONG WAY ON ONE WAY,14TH & N WALNUT,39.175952,-86.53344,"39.175952,-86.53344",2015-10-04
902543344,2015,10,04,Weekday,1100,2-Car,No injury/unknown,FAILURE TO YIELD RIGHT OF WAY,E MAXWELL & S WOODLAWN,39.15781014,-86.52264006,"39.15781014,-86.52264006",2015-10-04
902543434,2015,10,07,Weekend,1800,2-Car,No injury/unknown,FAILURE TO YIELD RIGHT OF WAY,DUNN & SR45,39.18635204,-86.52602555,"39.18635204,-86.52602555",2015-10-07
902543522,2015,10,04,Weekday,1600,1-Car,Non-incapacitating,OTHER (ENVIRONMENTAL) - EXPLAIN IN NARR,DUNN & SR37N,39.17863846,-86.52835845,"39.17863846,-86.52835845",2015-10-04
902543529,2015,10,04,Weekday,1600,2-Car,No injury/unknown,FOLLOWING TOO CLOSELY,ATWATER & PARK,39.1631179,-86.52403492,"39.1631179,-86.52403492",2015-10-04
902543550,2015,10,03,Weekday,2100,2-Car,No injury/unknown,FOLLOWING TOO CLOSELY,17TH & INDIANA,39.179024,-86.5272,"39.179024,-86.5272",2015-10-03
902543585,2015,10,04,Weekday,1600,2-Car,No injury/unknown,FOLLOWING TOO CLOSELY,SOUTH LANDMARK & WEST 3RD,39.16442983,-86.55630983,"39.16442983,-86.55630983",2015-10-04
902543592,2015,10,04,Weekday,1700,2-Car,No injury/unknown,FAILURE TO YIELD RIGHT OF WAY,8TH & JEFFERSON,39.169552,-86.507056,"39.169552,-86.507056",2015-10-04
902543633,2015,10,04,Weekday,2000,2-Car,Non-incapacitating,FOLLOWING TOO CLOSELY,ATWATER & HENDERSON,39.16313969,-86.52727022,"39.16313969,-86.52727022",2015-10-04
902543636,2015,10,04,Weekday,1600,2-Car,No injury/unknown,FOLLOWING TOO CLOSELY,CORY & WEST 3RD,39.164544,-86.560096,"39.164544,-86.560096",2015-10-04
902543643,2015,10,04,Weekday,2000,2-Car,No injury/unknown,FAILURE TO YIELD RIGHT OF WAY,FEE & LAW,39.174048,-86.518896,"39.174048,-86.518896",2015-10-04
902543656,2015,10,04,Weekday,2200,1-Car,No injury/unknown,ANIMAL/OBJECT IN ROADWAY,S STANFORD & W ELWREN,39.10824,-86.666192,"39.10824,-86.666192",2015-10-04
902543677,2015,10,04,Weekday,2200,2-Car,No injury/unknown,DRIVER DISTRACTED - EXPLAIN IN NARRATIVE,W VERNAL,39.179248,-86.58292,"39.179248,-86.58292",2015-10-04
902543832,2015,10,03,Weekday,1300,2-Car,Incapacitating,DISREGARD SIGNAL/REG SIGN,SR37S & SR46E,39.194144,-86.554592,"39.194144,-86.554592",2015-10-03
902543858,2015,10,05,Weekday,0700,Bus,Incapacitating,FOLLOWING TOO CLOSELY,2876 S WALNUT & PINEWOOD,39.1526518,-86.53142587,"39.1526518,-86.53142587",2015-10-05
902543992,2015,10,05,Weekday,1100,2-Car,No injury/unknown,UNSAFE LANE MOVEMENT,E 3RD & N WALNUT,39.16464,-86.5336,"39.16464,-86.5336",2015-10-05
902543998,2015,10,05,Weekday,1000,2-Car,No injury/unknown,FAILURE TO YIELD RIGHT OF WAY,W CASCADE & W GOURLEY,39.1852,-86.541952,"39.1852,-86.541952",2015-10-05
902543999,2015,10,05,Weekday,1200,2-Car,No injury/unknown,OTHER (DRIVER) - EXPLAIN IN NARRATIVE,1ST & WALNUT,39.159344,-86.5336,"39.159344,-86.5336",2015-10-05
902544040,2015,10,05,Weekday,1200,Pedestrian,Incapacitating,DISREGARD SIGNAL/REG SIGN,S FAIRVIEW & W 4TH,39.165712,-86.5408,"39.165712,-86.5408",2015-10-05
902544072,2015,10,04,Weekday,1600,2-Car,No injury/unknown,UNSAFE BACKING,W WYLIE,39.15944,-86.55776914,"39.15944,-86.55776914",2015-10-04
902544080,2015,10,04,Weekday,1700,Moped/Motorcycle,No injury/unknown,UNSAFE SPEED,SMITH & SR46W,39.210144,-86.5832,"39.210144,-86.5832",2015-10-04
902544228,2015,10,05,Weekday,1700,2-Car,No injury/unknown,FAILURE TO YIELD RIGHT OF WAY,SIMPSON CHAPEL & SR37N,39.26616,-86.522752,"39.26616,-86.522752",2015-10-05
902544237,2015,10,05,Weekday,1700,1-Car,No injury/unknown,ANIMAL/OBJECT IN ROADWAY,S OLD STATE ROAD 37 & S ROGERS,39.099408,-86.537904,"39.099408,-86.537904",2015-10-05
902544305,2015,10,04,Weekday,2300,1-Car,No injury/unknown,DRIVER DISTRACTED - EXPLAIN IN NARRATIVE,2ND & WOODCREST,39.160944,-86.5024,"39.160944,-86.5024",2015-10-04
902544361,2015,10,06,Weekday,0000,1-Car,No injury/unknown,RAN OFF ROAD RIGHT,MT CARMEL & STINESVILLE,39.29611928,-86.65930657,"39.29611928,-86.65930657",2015-10-06
902544439,2015,10,04,Weekday,0900,2-Car,No injury/unknown,UNSAFE BACKING,E 2ND,39.16144,-86.5324,"39.16144,-86.5324",2015-10-04
902544455,2015,10,01,Weekend,1400,2-Car,No injury/unknown,DRIVER DISTRACTED - EXPLAIN IN NARRATIVE,SAMPLE & SR37N,39.26890488,-86.52287361,"39.26890488,-86.52287361",2015-10-01
902544456,2015,10,02,Weekday,1300,2-Car,No injury/unknown,UNSAFE LANE MOVEMENT,N CURRY & W VERNAL,39.2003166,-86.58308029,"39.2003166,-86.58308029",2015-10-02
902544647,2015,10,06,Weekday,1200,2-Car,No injury/unknown,IMPROPER LANE USAGE,S WALNUT,39.16464,-86.5336,"39.16464,-86.5336",2015-10-06
902544807,2015,10,06,Weekday,1500,Bus,No injury/unknown,FAILURE TO YIELD RIGHT OF WAY,SOUTH WALNUT & WINSLOW,39.13597025,-86.5311098,"39.13597025,-86.5311098",2015-10-06
902544812,2015,10,06,Weekday,1400,2-Car,No injury/unknown,FAILURE TO YIELD RIGHT OF WAY,8TH & GRANT,39.169552,-86.529696,"39.169552,-86.529696",2015-10-06
902544813,2015,10,05,Weekday,1600,3+ Cars,No injury/unknown,FOLLOWING TOO CLOSELY,3RD & WYNNEDALE,39.16455992,-86.57019026,"39.16455992,-86.57019026",2015-10-05
902544850,2015,10,06,Weekday,1500,Pedestrian,Incapacitating,RAN OFF ROAD RIGHT,2951 N BANKERS & E RUSGAN,39.200752,-86.532592,"39.200752,-86.532592",2015-10-06
902544872,2015,10,06,Weekday,1500,2-Car,No injury/unknown,FAILURE TO YIELD RIGHT OF WAY,GOURLEY & KINSER,39.185392,-86.537856,"39.185392,-86.537856",2015-10-06
902544876,2015,10,06,Weekend,1900,2-Car,No injury/unknown,FAILURE TO YIELD RIGHT OF WAY,3RD & PETE ELLIS,39.16424,-86.495088,"39.16424,-86.495088",2015-10-06
902544908,2015,10,06,Weekend,2000,2-Car,No injury/unknown,FAILURE TO YIELD RIGHT OF WAY,EAST 2ND & HIGH,39.1609899,-86.50846995,"39.1609899,-86.50846995",2015-10-06
902544932,2015,10,06,Weekend,2100,2-Car,No injury/unknown,FAILURE TO YIELD RIGHT OF WAY,EAST 10TH & NORTH WALNUT,39.171744,-86.53352,"39.171744,-86.53352",2015-10-06
902545007,2015,10,04,Weekday,1000,2-Car,No injury/unknown,IMPROPER TURNING,SR446S & WALDRIP CREEK,39.33315386,-86.42356109,"39.33315386,-86.42356109",2015-10-04
902545021,2015,10,06,Weekday,0800,2-Car,Incapacitating,FAILURE TO YIELD RIGHT OF WAY,KINSER & SR4546W,39.186544,-86.537888,"39.186544,-86.537888",2015-10-06
902545031,2015,10,05,Weekday,1000,2-Car,No injury/unknown,FOLLOWING TOO CLOSELY,SR37N & TAPP,39.13704,-86.572896,"39.13704,-86.572896",2015-10-05
902545032,2015,10,05,Weekday,1200,2-Car,No injury/unknown,UNSAFE BACKING,ROLLING RIDGE,39.133744,-86.50592,"39.133744,-86.50592",2015-10-05
902545074,2015,10,07,Weekend,0900,2-Car,Incapacitating,FAILURE TO YIELD RIGHT OF WAY,7TH & SR45E,39.167648,-86.500096,"39.167648,-86.500096",2015-10-07
902545106,2015,10,06,Weekday,1300,2-Car,Non-incapacitating,FOLLOWING TOO CLOSELY,EAST 10TH & NORTH PETE ELLIS,39.171504,-86.495312,"39.171504,-86.495312",2015-10-06
902545146,2015,10,06,Weekday,1600,2-Car,No injury/unknown,IMPROPER TURNING,HICKORY & SR48W,39.164832,-86.585856,"39.164832,-86.585856",2015-10-06
902545167,2015,10,07,Weekend,1400,2-Car,No injury/unknown,UNSAFE LANE MOVEMENT,3RD & COLLEGE MALL,39.16424,-86.4984,"39.16424,-86.4984",2015-10-07
902545174,2015,10,07,Weekend,1400,2-Car,No injury/unknown,SPEED TOO FAST FOR WEATHER CONDITIONS,OLD SR 37 & RHORER,39.121552,-86.531296,"39.121552,-86.531296",2015-10-07
902545257,2015,10,07,Weekend,1600,1-Car,Incapacitating,SPEED TOO FAST FOR WEATHER CONDITIONS,DUNN & SR37N,39.17863846,-86.52834115,"39.17863846,-86.52834115",2015-10-07
902545279,2015,10,07,Weekend,1700,1-Car,No injury/unknown,IMPROPER TURNING,7TH & HIGHWAY 45 46,39.167648,-86.500096,"39.167648,-86.500096",2015-10-07
902545280,2015,10,07,Weekend,1600,2-Car,No injury/unknown,SPEED TOO FAST FOR WEATHER CONDITIONS,DUNN & OLD STATE ROAD 37 N,39.20801975,-86.52873294,"39.20801975,-86.52873294",2015-10-07
902545306,2015,10,07,Weekend,1600,2-Car,No injury/unknown,LEFT OF CENTER,E SCHACHT & S FAIRFAX,39.10704,-86.523488,"39.10704,-86.523488",2015-10-07
902545307,2015,10,07,Weekend,1700,2-Car,No injury/unknown,SPEED TOO FAST FOR WEATHER CONDITIONS,N HARTSTRAIT & W VERNAL,39.186752,-86.611504,"39.186752,-86.611504",2015-10-07
902545308,2015,10,07,Weekend,1800,1-Car,No injury/unknown,RAN OFF ROAD RIGHT,E MARTIN & E STATE ROAD 45,39.20474008,-86.46328441,"39.20474008,-86.46328441",2015-10-07
902545309,2015,10,07,Weekend,2000,1-Car,No injury/unknown,ANIMAL/OBJECT IN ROADWAY,E STATE ROAD 45 & N PATHWAYS,39.24077593,-86.38299354,"39.24077593,-86.38299354",2015-10-07
902545312,2015,10,07,Weekend,1600,1-Car,No injury/unknown,RAN OFF ROAD RIGHT,W REEVES,39.24152825,-86.68116535,"39.24152825,-86.68116535",2015-10-07
902545314,2015,10,07,Weekend,1800,2-Car,No injury/unknown,FAILURE TO YIELD RIGHT OF WAY,BLACK OAKS & ROBINSON,39.24069106,-86.44136351,"39.24069106,-86.44136351",2015-10-07
902545439,2015,10,07,Weekend,0500,1-Car,No injury/unknown,ANIMAL/OBJECT IN ROADWAY,SR45N & W 3RD,39.164752,-86.573104,"39.164752,-86.573104",2015-10-07
902545450,2015,10,01,Weekend,0700,2-Car,No injury/unknown,FAILURE TO YIELD RIGHT OF WAY,SR37S & VERNAL,39.17856339,-86.56000817,"39.17856339,-86.56000817",2015-10-01
902545451,2015,10,07,Weekend,0800,Pedestrian,Non-incapacitating,PEDESTRIAN ACTION,KINSER & SR4546W,39.186544,-86.537888,"39.186544,-86.537888",2015-10-07
902545518,2015,10,07,Weekend,1500,2-Car,No injury/unknown,FOLLOWING TOO CLOSELY,E 3RD ST & S PETE ELLIS,39.16424,-86.495088,"39.16424,-86.495088",2015-10-07
902545643,2015,10,07,Weekend,1100,2-Car,No injury/unknown,OTHER (DRIVER) - EXPLAIN IN NARRATIVE,E MAXWELL & S STULL,39.15792,-86.52472,"39.15792,-86.52472",2015-10-07
902545678,2015,10,01,Weekend,1500,2-Car,No injury/unknown,FAILURE TO YIELD RIGHT OF WAY,FEE & SR4546W,39.186032,-86.51984,"39.186032,-86.51984",2015-10-01
902545685,2015,10,01,Weekday,2000,2-Car,Incapacitating,,E MORNINGSIDE & N SMITH,39.166432,-86.4812,"39.166432,-86.4812",2015-10-01
902545688,2015,10,07,Weekend,1500,2-Car,Incapacitating,OVERCORRECTING/OVERSTEERING,SR37N & WINERY,39.24858074,-86.52267895,"39.24858074,-86.52267895",2015-10-07
902545691,2015,10,01,Weekend,1600,2-Car,No injury/unknown,FOLLOWING TOO CLOSELY,BURMA & SR37N,39.31561299,-86.51117113,"39.31561299,-86.51117113",2015-10-01
902545703,2015,10,01,Weekend,1700,2-Car,Non-incapacitating,FOLLOWING TOO CLOSELY,S WYNNEDALE & W 3RD,39.16455992,-86.57019026,"39.16455992,-86.57019026",2015-10-01
902546016,2015,10,02,Weekday,0800,2-Car,No injury/unknown,FAILURE TO YIELD RIGHT OF WAY,SALE & SR46,39.23384,-86.624704,"39.23384,-86.624704",2015-10-02
902546099,2015,10,02,Weekday,1100,2-Car,No injury/unknown,UNSAFE BACKING,S LIBERTY,39.145264,-86.577616,"39.145264,-86.577616",2015-10-02
902546205,2015,10,02,Weekday,1200,2-Car,No injury/unknown,FAILURE TO YIELD RIGHT OF WAY,N COLLEGE & W 9TH,39.170544,-86.534768,"39.170544,-86.534768",2015-10-02
902546238,2015,10,01,Weekend,1300,2-Car,No injury/unknown,UNSAFE BACKING,STATE ROAD 48,39.16435242,-86.61186981,"39.16435242,-86.61186981",2015-10-01
902546240,2015,10,02,Weekday,1200,2-Car,No injury/unknown,FAILURE TO YIELD RIGHT OF WAY,E HILLSIDE & OLIVE,39.150656,-86.5188,"39.150656,-86.5188",2015-10-02
902546410,2015,10,02,Weekday,1700,2-Car,No injury/unknown,FOLLOWING TOO CLOSELY,EAST 17TH & WALNUT GROVE,39.1790197,-86.5210998,"39.1790197,-86.5210998",2015-10-02
902546415,2015,10,02,Weekday,1700,2-Car,No injury/unknown,UNSAFE BACKING,E LINGELBACH,39.17782679,-86.50843776,"39.17782679,-86.50843776",2015-10-02
902546422,2015,09,07,Weekend,2100,2-Car,No injury/unknown,,W BRANCH,39.15678,-86.546569,"39.15678,-86.546569",2015-09-07
902546487,2015,10,02,Weekday,1900,2-Car,No injury/unknown,UNSAFE BACKING,EAST 3RD,39.0803238,-86.51676334,"39.0803238,-86.51676334",2015-10-02
902546516,2015,10,02,Weekday,1600,2-Car,Non-incapacitating,FAILURE TO YIELD RIGHT OF WAY,E ATWATER & S HENDERSON,39.16313969,-86.52727022,"39.16313969,-86.52727022",2015-10-02
902546557,2015,10,02,Weekday,0500,2-Car,No injury/unknown,FOLLOWING TOO CLOSELY,S BUNGER & SR45W,39.12936,-86.604336,"39.12936,-86.604336",2015-10-02
902546711,2015,10,02,Weekday,1200,2-Car,No injury/unknown,OTHER (DRIVER) - EXPLAIN IN NARRATIVE,GRIMES & WALNUT,39.15335029,-86.53371021,"39.15335029,-86.53371021",2015-10-02
902546721,2015,10,03,Weekday,0800,2-Car,Non-incapacitating,FOLLOWING TOO CLOSELY,E 10TH & N SMITH,39.172752,-86.482288,"39.172752,-86.482288",2015-10-03
902546797,2015,10,03,Weekday,0900,Bus,No injury/unknown,FOLLOWING TOO CLOSELY,ADAMS & KIRKWOOD,39.166816,-86.549488,"39.166816,-86.549488",2015-10-03
902546814,2015,10,06,Weekday,1300,2-Car,No injury/unknown,FOLLOWING TOO CLOSELY,CAPITOL & SR46W,39.22319326,-86.60910588,"39.22319326,-86.60910588",2015-10-06
902546894,2015,10,03,Weekday,1100,2-Car,No injury/unknown,FOLLOWING TOO CLOSELY,E 3RD & MITCHELL,39.16424,-86.514096,"39.16424,-86.514096",2015-10-03
902546918,2015,10,03,Weekday,1100,1-Car,No injury/unknown,ROADWAY SURFACE CONDITION,N DUNN & N OLD STATE ROAD 37,39.208048,-86.528704,"39.208048,-86.528704",2015-10-03
902546933,2015,10,03,Weekday,1100,2-Car,No injury/unknown,OVERCORRECTING/OVERSTEERING,BASSWOOD & BLOOMFIELD,39.14977205,-86.56891458,"39.14977205,-86.56891458",2015-10-03
902566711,2015,11,05,Weekday,0800,1-Car,No injury/unknown,OTHER (DRIVER) - EXPLAIN IN NARRATIVE,MATTHEWS & VINE,39.23532177,-86.62544776,"39.23532177,-86.62544776",2015-11-05
902566753,2015,11,04,Weekday,1500,2-Car,No injury/unknown,SPEED TOO FAST FOR WEATHER CONDITIONS,S BREEDEN & SR45W,39.0881573,-86.66901213,"39.0881573,-86.66901213",2015-11-04
902566786,2015,11,05,Weekday,1700,2-Car,No injury/unknown,FAILURE TO YIELD RIGHT OF WAY,10TH & WOODLAWN,39.171632,-86.523536,"39.171632,-86.523536",2015-11-05
902566807,2015,11,05,Weekday,1400,3+ Cars,Non-incapacitating,DRIVER DISTRACTED - EXPLAIN IN NARRATIVE,1ST & COLLEGE,39.16026391,-86.53486682,"39.16026391,-86.53486682",2015-11-05
902566845,2015,11,05,Weekday,1700,2-Car,No injury/unknown,FOLLOWING TOO CLOSELY,E 10TH & N JORDAN,39.171552,-86.515728,"39.171552,-86.515728",2015-11-05
902566917,2015,11,05,Weekday,1800,3+ Cars,No injury/unknown,FOLLOWING TOO CLOSELY,NORTH KINSER & SR46E,39.18662255,-86.53964972,"39.18662255,-86.53964972",2015-11-05
902566983,2015,11,06,Weekday,0000,1-Car,No injury/unknown,RAN OFF ROAD RIGHT,WEST WALCOTT & WEST WOODYARD,39.201488,-86.601968,"39.201488,-86.601968",2015-11-06
902566992,2015,11,05,Weekday,2100,2-Car,No injury/unknown,FAILURE TO YIELD RIGHT OF WAY,E MOORES PIKE & S CLARIZZ,39.15033948,-86.49132414,"39.15033948,-86.49132414",2015-11-05
902567073,2015,11,05,Weekday,1100,2-Car,Non-incapacitating,FAILURE TO YIELD RIGHT OF WAY,3RD & LIBERTY,39.16461021,-86.57908677,"39.16461021,-86.57908677",2015-11-05
902567092,2015,11,06,Weekday,1300,2-Car,No injury/unknown,,NORTH INDIANA,39.17588806,-86.52718353,"39.17588806,-86.52718353",2015-11-06
902567196,2015,11,06,Weekday,0900,2-Car,No injury/unknown,IMPROPER TURNING,S HIGHLAND,39.14185333,-86.51425933,"39.14185333,-86.51425933",2015-11-06
902567213,2015,11,04,Weekday,0700,3+ Cars,No injury/unknown,RAN OFF ROAD RIGHT,MOFFETT,39.09947968,-86.51124579,"39.09947968,-86.51124579",2015-11-04
902567284,2015,11,06,Weekday,1200,2-Car,No injury/unknown,UNSAFE BACKING,EAST THIRD,39.163619,-86.49514,"39.163619,-86.49514",2015-11-06
902567311,2015,11,06,Weekday,1200,2-Car,Incapacitating,FAILURE TO YIELD RIGHT OF WAY,N FRITIZ & N WALNUT,39.22312501,-86.53308995,"39.22312501,-86.53308995",2015-11-06
902567330,2015,11,04,Weekday,1700,2-Car,No injury/unknown,UNSAFE BACKING,SOUTH WALNUT,39.13630217,-86.53103537,"39.13630217,-86.53103537",2015-11-04
902567388,2015,11,06,Weekday,1500,2-Car,No injury/unknown,FAILURE TO YIELD RIGHT OF WAY,MONROE & SR46W,39.186944,-86.5468,"39.186944,-86.5468",2015-11-06
902567437,2015,11,06,Weekday,1600,2-Car,No injury/unknown,FAILURE TO YIELD RIGHT OF WAY,EAST 3RD & KINGSTON,39.16424,-86.492944,"39.16424,-86.492944",2015-11-06
902567469,2015,11,06,Weekday,1700,2-Car,No injury/unknown,FAILURE TO YIELD RIGHT OF WAY,3RD & SWAIN,39.16425012,-86.51525996,"39.16425012,-86.51525996",2015-11-06
902567473,2015,11,05,Weekday,2100,2-Car,No injury/unknown,,10TH & 800 N SMITH,39.172752,-86.482288,"39.172752,-86.482288",2015-11-05
902567533,2015,11,06,Weekend,2000,2-Car,No injury/unknown,FOLLOWING TOO CLOSELY,LOVE & SR46W,39.2187363,-86.60160144,"39.2187363,-86.60160144",2015-11-06
902567635,2015,11,06,Weekend,2300,1-Car,No injury/unknown,ANIMAL/OBJECT IN ROADWAY,SR46 & WOODVIEW,39.15156773,-86.38607313,"39.15156773,-86.38607313",2015-11-06
902547018,2015,10,03,Weekday,1200,2-Car,No injury/unknown,FOLLOWING TOO CLOSELY,S LANDMARK & W BLOOMFIELD,39.15993981,-86.55382007,"39.15993981,-86.55382007",2015-10-03
902547121,2015,10,03,Weekday,1500,1-Car,Non-incapacitating,IMPROPER TURNING,3RD & SR4546E,39.164448,-86.471888,"39.164448,-86.471888",2015-10-03
902547203,2015,10,03,Weekday,1700,2-Car,Non-incapacitating,FOLLOWING TOO CLOSELY,CONSTITUTION & LIBERTY,39.14872891,-86.57591446,"39.14872891,-86.57591446",2015-10-03
902547207,2015,10,03,Weekday,1500,2-Car,No injury/unknown,FOLLOWING TOO CLOSELY,KIRKWOOD & WALNUT,39.16664,-86.5336,"39.16664,-86.5336",2015-10-03
902547262,2015,10,03,Weekday,1800,2-Car,Incapacitating,SPEED TOO FAST FOR WEATHER CONDITIONS,KINSER & SR46W,39.186544,-86.537888,"39.186544,-86.537888",2015-10-03