Master Record Number,Year,Month,Day,Weekend?,Hour,Collision Type,Injury Type,Primary Factor,Reported_Location,Latitude,Longitude,Location,Date
902588235,2015,12,07,Weekend,1900,1-Car,Non-incapacitating,ANIMAL/OBJECT IN ROADWAY,KETCHEM & S OLD STATE ROAD 37,39.12548805,-86.54444977,"39.12548805,-86.54444977",2015-12-07
902588377,2015,12,02,Weekday,1100,2-Car,No injury/unknown,OTHER (VEHICLE) - EXPLAIN IN NARRATIVE,FOX HOLLOW & SR37,39.20286006,-86.51890971,"39.20286006,-86.51890971",2015-12-02
902588570,2015,12,02,Weekday,1900,2-Car,No injury/unknown,OTHER (DRIVER) - EXPLAIN IN NARRATIVE,E KIRKWOOD,39.16664,-86.53211265,"39.16664,-86.53211265",2015-12-02
902589035,2015,12,03,Weekday,0600,1-Car,No injury/unknown,LEFT OF CENTER,E SMITH & S WASHINGTON,39.16283995,-86.53238989,"39.16283995,-86.53238989",2015-12-03
902589156,2015,12,01,Weekend,0900,1-Car,No injury/unknown,OVERCORRECTING/OVERSTEERING,PAYNETOWN & SR446S,39.25007815,-86.42302189,"39.25007815,-86.42302189",2015-12-01
902589435,2015,12,02,Weekday,1900,2-Car,No injury/unknown,IMPROPER TURNING,NORTH GATES & WEST JONATHON,39.16876025,-86.57641969,"39.16876025,-86.57641969",2015-12-02
902589436,2015,12,03,Weekday,1100,3+ Cars,No injury/unknown,OTHER (DRIVER) - EXPLAIN IN NARRATIVE,GOURLEY,39.18501779,-86.53806947,"39.18501779,-86.53806947",2015-12-03
902590040,2015,12,03,Weekday,1100,2-Car,No injury/unknown,UNSAFE BACKING,NORTH FEE,39.17245835,-86.51898421,"39.17245835,-86.51898421",2015-12-03
902590395,2015,12,03,Weekday,2200,2-Car,No injury/unknown,ACCELERATOR FAILURE OR DEFECTIVE,SR46W,39.2512,-86.652504,"39.2512,-86.652504",2015-12-03
902590454,2015,12,03,Weekday,2100,1-Car,Incapacitating,RAN OFF ROAD RIGHT,ROGERS & STANDS,39.13599975,-86.50407401,"39.13599975,-86.50407401",2015-12-03
902590815,2015,12,04,Weekday,0900,2-Car,No injury/unknown,DISREGARD SIGNAL/REG SIGN,FESS & HUNTER,39.16224986,-86.52590967,"39.16224986,-86.52590967",2015-12-04
902590884,2015,12,04,Weekday,0900,2-Car,No injury/unknown,UNSAFE LANE MOVEMENT,SR37S & VERNAL,39.17469734,-86.56501204,"39.17469734,-86.56501204",2015-12-04
902590938,2015,12,04,Weekday,0900,2-Car,No injury/unknown,VIEW OBSTRUCTED,CORY & THIRD,39.164544,-86.560096,"39.164544,-86.560096",2015-12-04
902590980,2015,12,04,Weekday,1100,2-Car,Non-incapacitating,OTHER (DRIVER) - EXPLAIN IN NARRATIVE,GATES & JACOB,39.16562006,-86.57599993,"39.16562006,-86.57599993",2015-12-04
902590999,2015,12,03,Weekday,1900,2-Car,No injury/unknown,FAILURE TO YIELD RIGHT OF WAY,N KINSER PIKE & STATE ROAD 45 46,39.186544,-86.537888,"39.186544,-86.537888",2015-12-03
902591166,2015,12,02,Weekday,1900,2-Car,No injury/unknown,OTHER (DRIVER) - EXPLAIN IN NARRATIVE,SOUTH OLD STATE ROAD 37,39.120239,-86.52938,"39.120239,-86.52938",2015-12-02
902591170,2015,12,04,Weekday,1500,1-Car,No injury/unknown,UNSAFE BACKING,N UNION,39.171472,-86.509376,"39.171472,-86.509376",2015-12-04
902591197,2015,12,04,Weekday,1700,2-Car,No injury/unknown,FOLLOWING TOO CLOSELY,SR45 & SR46,39.22119141,-86.60566711,"39.22119141,-86.60566711",2015-12-04
902591253,2015,12,02,Weekday,1700,2-Car,No injury/unknown,UNSAFE BACKING,SR45W,39.125312,-86.610496,"39.125312,-86.610496",2015-12-02
902591254,2015,12,04,Weekday,1600,2-Car,No injury/unknown,IMPROPER PASSING,S VICTOR & SR37S,39.105552,-86.551104,"39.105552,-86.551104",2015-12-04
902591276,2015,12,04,Weekday,1500,2-Car,Non-incapacitating,FAILURE TO YIELD RIGHT OF WAY,GRIMES & WALNUT,39.15344,-86.5336,"39.15344,-86.5336",2015-12-04
902591435,2015,12,05,Weekday,0600,1-Car,No injury/unknown,ANIMAL/OBJECT IN ROADWAY,HEDRICK & STINESVILLE,39.28037081,-86.66297393,"39.28037081,-86.66297393",2015-12-05
902591529,2015,12,05,Weekday,0700,1-Car,No injury/unknown,RAN OFF ROAD RIGHT,E WINSLOW,39.136144,-86.52418483,"39.136144,-86.52418483",2015-12-05
902591560,2015,12,04,Weekday,1200,2-Car,No injury/unknown,SPEED TOO FAST FOR WEATHER CONDITIONS,N GATES & W RUNKLE,39.16635968,-86.57600998,"39.16635968,-86.57600998",2015-12-04
902591747,2015,12,05,Weekday,1100,2-Car,No injury/unknown,FAILURE TO YIELD RIGHT OF WAY,ARCH HAVEN & S LANDMARK,39.14504993,-86.55405007,"39.14504993,-86.55405007",2015-12-05
902591796,2015,12,05,Weekday,0800,1-Car,No injury/unknown,DRIVER ASLEEP OR FATIGUED,LAKEVIEW,39.22591782,-86.60546875,"39.22591782,-86.60546875",2015-12-05
902591836,2015,12,03,Weekday,1600,2-Car,No injury/unknown,,N ARLINGTON PARK,39.206944,-86.5996,"39.206944,-86.5996",2015-12-03
902591889,2015,12,05,Weekday,1500,2-Car,No injury/unknown,UNSAFE BACKING,S OLD STATE ROAD 37,39.10851331,-86.53132114,"39.10851331,-86.53132114",2015-12-05
902591983,2015,12,05,Weekday,1600,2-Car,No injury/unknown,ENGINE FAILURE OR DEFECTIVE,ALLEN & PATTERSON,39.15563017,-86.54330983,"39.15563017,-86.54330983",2015-12-05
902591985,2015,12,05,Weekday,1800,2-Car,No injury/unknown,UNSAFE LANE MOVEMENT,E ATWATER & S MITCHELL,39.16308001,-86.5141797,"39.16308001,-86.5141797",2015-12-05
902592055,2015,12,05,Weekday,2100,2-Car,No injury/unknown,UNSAFE LANE MOVEMENT,JORDAN & THIRD,39.16426018,-86.5163999,"39.16426018,-86.5163999",2015-12-05
902592090,2015,12,05,Weekday,0400,1-Car,No injury/unknown,RAN OFF ROAD RIGHT,CATHCART & SARE,39.14882004,-86.49905003,"39.14882004,-86.49905003",2015-12-05
902592134,2015,12,06,Weekend,2300,1-Car,No injury/unknown,TIRE FAILURE OR DEFECTIVE,LAKEVIEW & SR46W,39.22148334,-86.60616326,"39.22148334,-86.60616326",2015-12-06
902592277,2015,12,06,Weekday,0800,2-Car,No injury/unknown,OTHER (DRIVER) - EXPLAIN IN NARRATIVE,E BUCKINGHAM & WESTMINSTER,39.134752,-86.521792,"39.134752,-86.521792",2015-12-06
902592578,2015,12,06,Weekday,1100,3+ Cars,No injury/unknown,FOLLOWING TOO CLOSELY,3RD & COLLEGE MALL,39.16424,-86.4984,"39.16424,-86.4984",2015-12-06
902592670,2015,12,06,Weekday,0400,1-Car,No injury/unknown,RAN OFF ROAD RIGHT,SHEFFIELD,39.16975403,-86.4761734,"39.16975403,-86.4761734",2015-12-06
902592782,2015,12,05,Weekday,0800,2-Car,No injury/unknown,FOLLOWING TOO CLOSELY,BASSWOOD & SR45,39.15153122,-86.57220605,"39.15153122,-86.57220605",2015-12-05
902592901,2015,12,05,Weekday,1800,2-Car,No injury/unknown,UNSAFE BACKING,S OLD STATE ROAD 37,39.137088,-86.53056,"39.137088,-86.53056",2015-12-05
902593200,2015,12,06,Weekday,1200,2-Car,Incapacitating,FAILURE TO YIELD RIGHT OF WAY,HARRELL & SCHACHT,39.10844526,-86.49855535,"39.10844526,-86.49855535",2015-12-06
902593257,2015,12,06,Weekday,1500,2-Car,No injury/unknown,FAILURE TO YIELD RIGHT OF WAY,KMART & W 3RD,39.16461684,-86.57481413,"39.16461684,-86.57481413",2015-12-06
902593318,2015,12,06,Weekday,1300,2-Car,No injury/unknown,IMPROPER LANE USAGE,3RD,39.16470933,-86.57183467,"39.16470933,-86.57183467",2015-12-06
902593319,2015,12,06,Weekday,1800,Pedestrian,Incapacitating,PEDESTRIAN ACTION,S PATTERSON & W 3RD,39.16344009,-86.55128002,"39.16344009,-86.55128002",2015-12-06
902593323,2015,12,06,Weekday,1300,2-Car,No injury/unknown,FOLLOWING TOO CLOSELY,2750 S WALNUT & WINSLOW,39.10165998,-86.532684,"39.10165998,-86.532684",2015-12-06
902593327,2015,12,05,Weekday,1000,2-Car,No injury/unknown,UNSAFE LANE MOVEMENT,STATE ROAD 45,39.14186,-86.57995163,"39.14186,-86.57995163",2015-12-05
902593328,2015,12,06,Weekday,1000,2-Car,No injury/unknown,UNSAFE BACKING,SR45W,39.125312,-86.610496,"39.125312,-86.610496",2015-12-06
902593355,2015,12,06,Weekday,1600,Pedestrian,Non-incapacitating,FAILURE TO YIELD RIGHT OF WAY,S LIBERTY,39.145264,-86.577616,"39.145264,-86.577616",2015-12-06
902593916,2015,12,06,Weekday,0700,3+ Cars,No injury/unknown,DRIVER DISTRACTED - EXPLAIN IN NARRATIVE,KINSER & SR4546W,39.186544,-86.537888,"39.186544,-86.537888",2015-12-06
902593924,2015,12,07,Weekend,1000,2-Car,No injury/unknown,UNSAFE BACKING,SOUTH WALNUT,39.14648987,-86.53246164,"39.14648987,-86.53246164",2015-12-07
902593956,2015,12,07,Weekend,1100,2-Car,No injury/unknown,FAILURE TO YIELD RIGHT OF WAY,E 3RD & SO GRANT,39.16464,-86.529728,"39.16464,-86.529728",2015-12-07
902593973,2015,12,07,Weekend,1200,3+ Cars,No injury/unknown,FOLLOWING TOO CLOSELY,3RD & KINGSTON,39.16424,-86.492944,"39.16424,-86.492944",2015-12-07
902594019,2015,12,06,Weekday,1400,2-Car,No injury/unknown,FAILURE TO YIELD RIGHT OF WAY,WALNUT & WINSLOW,39.13597025,-86.5311098,"39.13597025,-86.5311098",2015-12-06
902594091,2015,12,06,Weekday,1800,2-Car,Incapacitating,FAILURE TO YIELD RIGHT OF WAY,SMITHVILLE & SR37S,39.16424,-86.480688,"39.16424,-86.480688",2015-12-06
902594168,2015,12,04,Weekday,1400,2-Car,No injury/unknown,UNSAFE BACKING,3RD,39.16464,-86.56913891,"39.16464,-86.56913891",2015-12-04
902594181,2015,12,06,Weekday,1600,2-Car,No injury/unknown,FAILURE TO YIELD RIGHT OF WAY,CONSTITUTION & CURRY,39.15127024,-86.58265059,"39.15127024,-86.58265059",2015-12-06
902594182,2015,12,06,Weekend,1900,2-Car,No injury/unknown,DRIVER DISTRACTED - EXPLAIN IN NARRATIVE,BURMA & SR37N,39.31763107,-86.51064363,"39.31763107,-86.51064363",2015-12-06
902594183,2015,12,07,Weekend,1600,2-Car,No injury/unknown,FOLLOWING TOO CLOSELY,BURMA & SR37N,39.31831096,-86.51055935,"39.31831096,-86.51055935",2015-12-07
902594185,2015,12,07,Weekend,2000,1-Car,Incapacitating,RAN OFF ROAD RIGHT,BLOOMFIELD & SR37S,39.15473522,-86.5731008,"39.15473522,-86.5731008",2015-12-07
902594191,2015,12,07,Weekend,1400,Pedestrian,Incapacitating,FAILURE TO YIELD RIGHT OF WAY,N GATES & W JACOB,39.16562006,-86.57600425,"39.16562006,-86.57600425",2015-12-07
902594210,2015,12,07,Weekend,2200,1-Car,No injury/unknown,RAN OFF ROAD RIGHT,SR 45 & SR37S,39.19928629,-86.57504272,"39.19928629,-86.57504272",2015-12-07
902594574,2015,12,07,Weekend,1100,2-Car,No injury/unknown,FAILURE TO YIELD RIGHT OF WAY,SR37S & W SR 45,39.1464386,-86.57504272,"39.1464386,-86.57504272",2015-12-07
902594814,2015,12,06,Weekday,1300,1-Car,No injury/unknown,IMPROPER TURNING,SR46W,39.245574,-86.635658,"39.245574,-86.635658",2015-12-06
902595017,2015,12,01,Weekend,1100,2-Car,No injury/unknown,IMPROPER TURNING,N GATES,39.16781209,-86.57606229,"39.16781209,-86.57606229",2015-12-01
902595078,2015,12,07,Weekend,1600,1-Car,No injury/unknown,ANIMAL/OBJECT IN ROADWAY,1712 S HIGH & ARDEN,39.16385694,-86.508674,"39.16385694,-86.508674",2015-12-07
902595097,2015,12,05,Weekday,1200,2-Car,No injury/unknown,FAILURE TO YIELD RIGHT OF WAY,ALEXANDER & GATES,39.16876025,-86.57641969,"39.16876025,-86.57641969",2015-12-05
902595098,2015,12,06,Weekday,1100,2-Car,No injury/unknown,OVERSIZE/OVERWEIGHT LOAD,BURMA & SR37N,39.16432,-86.50824,"39.16432,-86.50824",2015-12-06
902595162,2015,12,07,Weekend,1900,2-Car,No injury/unknown,FAILURE TO YIELD RIGHT OF WAY,N GATES & W 3RD,39.16458497,-86.57620081,"39.16458497,-86.57620081",2015-12-07
902595296,2015,12,01,Weekend,1400,2-Car,No injury/unknown,FOLLOWING TOO CLOSELY,COLLEGE MALL & E 3RD,39.16424,-86.4984,"39.16424,-86.4984",2015-12-01
902595367,2015,12,01,Weekday,2200,2-Car,No injury/unknown,IMPROPER TURNING,E 3RD,39.16423674,-86.49805388,"39.16423674,-86.49805388",2015-12-01
902595537,2015,12,01,Weekend,1300,1-Car,No injury/unknown,OTHER (VEHICLE) - EXPLAIN IN NARRATIVE,S FAIRFAX & SCHACHT,39.10704,-86.523488,"39.10704,-86.523488",2015-12-01
902595538,2015,12,06,Weekday,1300,2-Car,No injury/unknown,OTHER (DRIVER) - EXPLAIN IN NARRATIVE,W GORDON,39.121648,-86.539088,"39.121648,-86.539088",2015-12-06
902595654,2015,12,02,Weekday,0900,2-Car,No injury/unknown,UNSAFE BACKING,1800 N RANGE RD & RANGE,39.184208,-86.492816,"39.184208,-86.492816",2015-12-02
902595694,2015,12,02,Weekday,1000,2-Car,No injury/unknown,OTHER (DRIVER) - EXPLAIN IN NARRATIVE,8TH & COLLEGE,39.169552,-86.534784,"39.169552,-86.534784",2015-12-02
902595779,2015,12,02,Weekday,1100,2-Car,No injury/unknown,UNSAFE LANE MOVEMENT,14TH & WALNUT,39.175952,-86.53344,"39.175952,-86.53344",2015-12-02
902595947,2015,12,02,Weekday,1500,2-Car,Non-incapacitating,FOLLOWING TOO CLOSELY,E 3RD & S SMITH,39.16424,-86.480688,"39.16424,-86.480688",2015-12-02
902596073,2015,12,02,Weekday,1700,1-Car,No injury/unknown,OVERCORRECTING/OVERSTEERING,DUNN & SR37N,39.17863846,-86.52835845,"39.17863846,-86.52835845",2015-12-02
902596142,2015,12,02,Weekday,1800,1-Car,No injury/unknown,ANIMAL/OBJECT IN ROADWAY,ARLINGTON & SR46W,39.20891792,-86.58132778,"39.20891792,-86.58132778",2015-12-02
902596189,2015,12,02,Weekday,2100,2-Car,Non-incapacitating,FOLLOWING TOO CLOSELY,E HILLSIDE & S OLIVE,39.15056013,-86.51882998,"39.15056013,-86.51882998",2015-12-02
902596533,2015,12,03,Weekday,2000,2-Car,No injury/unknown,UNSAFE BACKING,COOLIDGE & S MADISON,39.13064182,-86.53767988,"39.13064182,-86.53767988",2015-12-03
902596543,2015,12,02,Weekday,1800,2-Car,No injury/unknown,FOLLOWING TOO CLOSELY,EAST 3RD & SOUTH SMITH,39.16424,-86.480688,"39.16424,-86.480688",2015-12-02
902596645,2015,12,03,Weekday,1400,2-Car,Incapacitating,FAILURE TO YIELD RIGHT OF WAY,LONGVIEW & PETE ELLIS,39.166944,-86.495056,"39.166944,-86.495056",2015-12-03
902596736,2015,12,03,Weekday,1500,2-Car,No injury/unknown,FAILURE TO YIELD RIGHT OF WAY,3RD & LIBERTY,39.12759965,-86.57913006,"39.12759965,-86.57913006",2015-12-03
902596752,2015,12,03,Weekday,1600,2-Car,No injury/unknown,UNSAFE BACKING,3400 INDIAN CREEK & FARINTON,39.13438,-86.57640301,"39.13438,-86.57640301",2015-12-03
902596777,2015,12,02,Weekday,1800,2-Car,No injury/unknown,VIEW OBSTRUCTED,E 4TH & S WASHINGTON,39.16557983,-86.53235033,"39.16557983,-86.53235033",2015-12-02
902596859,2015,12,01,Weekend,1600,1-Car,No injury/unknown,RAN OFF ROAD RIGHT,E GROSS & S FRIENDSHIP,39.139344,-86.401088,"39.139344,-86.401088",2015-12-01
902596860,2015,12,02,Weekday,1500,2-Car,No injury/unknown,FAILURE TO YIELD RIGHT OF WAY,N CURRY & W VERNAL,39.179248,-86.5832,"39.179248,-86.5832",2015-12-02
902596861,2015,12,03,Weekday,1700,Moped/Motorcycle,No injury/unknown,IMPROPER PASSING,SOUTH GORE & SOUTH OLD SR 37,39.032544,-86.541696,"39.032544,-86.541696",2015-12-03
902596862,2015,12,03,Weekday,1900,2-Car,No injury/unknown,FAILURE TO YIELD RIGHT OF WAY,SR45W,39.125312,-86.610496,"39.125312,-86.610496",2015-12-03
902597127,2015,12,04,Weekday,0100,1-Car,No injury/unknown,RAN OFF ROAD RIGHT,3RD & PETE ELLIS,39.16533862,-86.495088,"39.16533862,-86.495088",2015-12-04
902597322,2015,12,04,Weekday,0900,2-Car,Non-incapacitating,FAILURE TO YIELD RIGHT OF WAY,SR37N & SR45W,39.148144,-86.572992,"39.148144,-86.572992",2015-12-04
902597420,2015,12,04,Weekday,1200,2-Car,No injury/unknown,FOLLOWING TOO CLOSELY,E 3RD & PETE ELLIS,39.16424,-86.495088,"39.16424,-86.495088",2015-12-04
902597666,2015,12,04,Weekday,1600,2-Car,Incapacitating,FOLLOWING TOO CLOSELY,DUNN & SR 45 46 BYPASS,39.186352,-86.528496,"39.186352,-86.528496",2015-12-04
902597708,2015,12,04,Weekday,1600,3+ Cars,No injury/unknown,FOLLOWING TOO CLOSELY,SOUTH LIBERTY & WEST 3RD,39.05886576,-86.57913006,"39.05886576,-86.57913006",2015-12-04
902597761,2015,12,04,Weekday,0500,2-Car,No injury/unknown,LEFT OF CENTER,HARTSTRAIT & SR46W,39.22766271,-86.61588976,"39.22766271,-86.61588976",2015-12-04
902597801,2015,12,03,Weekday,0100,1-Car,Incapacitating,UNSAFE SPEED,W MAY,39.09349863,-86.59996102,"39.09349863,-86.59996102",2015-12-03
902597923,2015,12,05,Weekday,0100,2-Car,No injury/unknown,UNSAFE BACKING,E 10TH,39.17149326,-86.51131082,"39.17149326,-86.51131082",2015-12-05
902597938,2015,12,04,Weekday,2100,2-Car,No injury/unknown,FAILURE TO YIELD RIGHT OF WAY,E WINSLOW & S WALNUT STREET,39.1359897,-86.52879975,"39.1359897,-86.52879975",2015-12-04
902598035,2015,12,05,Weekday,0600,2-Car,No injury/unknown,DISREGARD SIGNAL/REG SIGN,KIRKWOOD & S WALNUT,39.16658029,-86.53361029,"39.16658029,-86.53361029",2015-12-05
902598036,2015,12,04,Weekday,1200,2-Car,No injury/unknown,UNSAFE SPEED,10TH & SR46E,39.171648,-86.502096,"39.171648,-86.502096",2015-12-04
902598177,2015,12,04,Weekday,1200,2-Car,No injury/unknown,FOLLOWING TOO CLOSELY,GORDON & OLD 37,39.12141994,-86.53134986,"39.12141994,-86.53134986",2015-12-04
902598186,2015,12,03,Weekday,1700,2-Car,No injury/unknown,UNSAFE BACKING,E 3RD,39.16423861,-86.49522852,"39.16423861,-86.49522852",2015-12-03
902598986,2015,12,05,Weekday,2300,1-Car,No injury/unknown,RAN OFF ROAD RIGHT,N MAPLE GROVE & W ARLINGTON,39.19968,-86.55968,"39.19968,-86.55968",2015-12-05
902599035,2015,12,05,Weekday,1100,2-Car,No injury/unknown,UNSAFE BACKING,OLD 37 S,39.12023926,-86.52938079,"39.12023926,-86.52938079",2015-12-05
902599036,2015,12,04,Weekday,0900,1-Car,No injury/unknown,RAN OFF ROAD RIGHT,ANDERSON & DORA,39.2701267,-86.48186315,"39.2701267,-86.48186315",2015-12-04
902599037,2015,12,04,Weekday,1100,1-Car,No injury/unknown,RAN OFF ROAD RIGHT,HAYS & SR446S,39.04660773,-86.40828939,"39.04660773,-86.40828939",2015-12-04
902599038,2015,12,05,Weekday,1200,2-Car,No injury/unknown,FOLLOWING TOO CLOSELY,NORTH & WALNUT,39.144752,-86.531888,"39.144752,-86.531888",2015-12-05
902599061,2015,12,05,Weekday,1000,2-Car,No injury/unknown,FAILURE TO YIELD RIGHT OF WAY,GATES,39.16803807,-86.57621853,"39.16803807,-86.57621853",2015-12-05
902599414,2015,12,07,Weekend,0200,1-Car,No injury/unknown,ANIMAL/OBJECT IN ROADWAY,S BREEDEN & SR45W,39.08693531,-86.67113914,"39.08693531,-86.67113914",2015-12-07
902599854,2015,12,05,Weekday,1000,2-Car,No injury/unknown,OTHER (ENVIRONMENTAL) - EXPLAIN IN NARR,INGRAM & SR37S,38.99476252,-86.53728083,"38.99476252,-86.53728083",2015-12-05
902600315,2015,12,04,Weekday,1700,2-Car,Incapacitating,FAILURE TO YIELD RIGHT OF WAY,DILLMAN & S OLD SR 37,39.092944,-86.544,"39.092944,-86.544",2015-12-04
902600316,2015,12,05,Weekday,2200,2-Car,No injury/unknown,UNSAFE BACKING,W FESTIVE,39.130144,-86.577024,"39.130144,-86.577024",2015-12-05
902600457,2015,12,07,Weekend,0200,1-Car,No injury/unknown,ANIMAL/OBJECT IN ROADWAY,INGRAM & SR37,38.99366392,-86.5372677,"38.99366392,-86.5372677",2015-12-07
902600577,2015,12,01,Weekend,0000,1-Car,No injury/unknown,IMPROPER LANE USAGE,NORTH & WALNUT,39.14555447,-86.53212815,"39.14555447,-86.53212815",2015-12-01
902600608,2015,12,01,Weekend,0000,1-Car,No injury/unknown,SPEED TOO FAST FOR WEATHER CONDITIONS,BASSWOOD & BLOOMFIELD,39.20263248,-86.56889006,"39.20263248,-86.56889006",2015-12-01
902600753,2015,12,01,Weekend,1100,2-Car,No injury/unknown,SPEED TOO FAST FOR WEATHER CONDITIONS,10 & SR46E,39.280386,-84.94479,"39.280386,-84.94479",2015-12-01
902600774,2015,12,02,Weekday,0900,2-Car,No injury/unknown,FAILURE TO YIELD RIGHT OF WAY,OLD STATE ROAD 37 & SR37S,39.28445816,-86.49533081,"39.28445816,-86.49533081",2015-12-02
902600952,2015,12,01,Weekend,0600,1-Car,No injury/unknown,ANIMAL/OBJECT IN ROADWAY,SR37 & ZIKES,39.04918134,-86.53588594,"39.04918134,-86.53588594",2015-12-01
902601998,2015,12,02,Weekday,0700,1-Car,No injury/unknown,ROADWAY SURFACE CONDITION,FARR ROAD & FISH ROAD,39.306768,-86.476816,"39.306768,-86.476816",2015-12-02
902602454,2015,12,02,Weekday,1400,2-Car,No injury/unknown,DISREGARD SIGNAL/REG SIGN,ASSOCIATION & SALE,39.233056,-86.6256,"39.233056,-86.6256",2015-12-02
902602723,2015,12,02,Weekday,1700,3+ Cars,No injury/unknown,FOLLOWING TOO CLOSELY,E 3RD & WALNUT,39.16464,-86.5336,"39.16464,-86.5336",2015-12-02
902602998,2015,12,02,Weekday,0700,2-Car,No injury/unknown,OTHER (DRIVER) - EXPLAIN IN NARRATIVE,FARRINGTON & MARKET,39.136144,-86.580704,"39.136144,-86.580704",2015-12-02
902603000,2015,12,07,Weekend,1500,1-Car,Incapacitating,RAN OFF ROAD RIGHT,E MARIE & S FAIRFAX,39.10568006,-86.5224798,"39.10568006,-86.5224798",2015-12-07
902603001,2015,12,01,Weekend,1600,3+ Cars,No injury/unknown,UNSAFE SPEED,W SR 45,39.14186096,-86.5799179,"39.14186096,-86.5799179",2015-12-01
902603468,2015,12,03,Weekday,0600,1-Car,No injury/unknown,ANIMAL/OBJECT IN ROADWAY,MONROE DAM & SR37S,39.02059174,-86.53601714,"39.02059174,-86.53601714",2015-12-03
902603616,2015,12,02,Weekday,1200,2-Car,No injury/unknown,SPEED TOO FAST FOR WEATHER CONDITIONS,BASSWOOD & MULLER,39.15858999,-86.56790971,"39.15858999,-86.56790971",2015-12-02
902603734,2015,12,02,Weekday,0700,1-Car,No injury/unknown,RAN OFF ROAD RIGHT,FAIRFAX & WALNUT STREET,39.10715819,-86.52650724,"39.10715819,-86.52650724",2015-12-02
902603994,2015,12,02,Weekday,1500,Bus,No injury/unknown,UNSAFE LANE MOVEMENT,S COLLEGE & W KIRKWOOD,39.16664,-86.5348,"39.16664,-86.5348",2015-12-02
902604141,2015,12,03,Weekday,1700,1-Car,No injury/unknown,OVERCORRECTING/OVERSTEERING,SR37S & W 3RD,39.16747214,-86.57272682,"39.16747214,-86.57272682",2015-12-03
902604324,2015,12,03,Weekday,2100,2-Car,Non-incapacitating,FAILURE TO YIELD RIGHT OF WAY,3RD & LIBERTY,39.16461021,-86.57913006,"39.16461021,-86.57913006",2015-12-03
902604954,2015,10,01,Weekend,1200,2-Car,No injury/unknown,UNSAFE LANE MOVEMENT,ATWATER & MITCHELL,39.16308001,-86.5141797,"39.16308001,-86.5141797",2015-10-01
902605156,2015,12,04,Weekday,1200,3+ Cars,No injury/unknown,IMPROPER TURNING,NORTH CURRY PIKE & PROFILE PARKWAY,39.14023084,-86.5829797,"39.14023084,-86.5829797",2015-12-04
902605555,2015,12,02,Weekday,2200,1-Car,Incapacitating,RAN OFF ROAD RIGHT,ALLEN & BLOOMFIELD,39.156144,-86.561296,"39.156144,-86.561296",2015-12-02
902605946,2015,12,03,Weekday,0500,1-Car,No injury/unknown,RAN OFF ROAD RIGHT,MCNEELY,39.238513,-86.613235,"39.238513,-86.613235",2015-12-03
902606006,2015,12,05,Weekday,1200,2-Car,No injury/unknown,FAILURE TO YIELD RIGHT OF WAY,LONGVIEW & PETE ELLIS,39.166944,-86.495056,"39.166944,-86.495056",2015-12-05
902606026,2015,12,05,Weekday,1100,2-Car,No injury/unknown,FOLLOWING TOO CLOSELY,CONSTITUTION & LIBERTY,39.149552,-86.575936,"39.149552,-86.575936",2015-12-05
902606125,2015,12,05,Weekday,1400,2-Car,No injury/unknown,FOLLOWING TOO CLOSELY,E 4TH & WALNUT,39.165648,-86.5336,"39.165648,-86.5336",2015-12-05
902606156,2015,12,04,Weekday,1600,2-Car,No injury/unknown,FOLLOWING TOO CLOSELY,CONSTITUTION & LIBERTY,39.25690807,-86.5768703,"39.25690807,-86.5768703",2015-12-04
902607777,2015,12,03,Weekday,1600,1-Car,No injury/unknown,OTHER (DRIVER) - EXPLAIN IN NARRATIVE,N DANIELS,39.16936111,-86.59674835,"39.16936111,-86.59674835",2015-12-03
902609951,2015,12,05,Weekday,1500,2-Car,No injury/unknown,OTHER (VEHICLE) - EXPLAIN IN NARRATIVE,SUMMIT & W 13TH,39.175152,-86.548048,"39.175152,-86.548048",2015-12-05
902616058,2015,12,04,Weekday,2100,2-Car,No injury/unknown,UNSAFE BACKING,RAUBS,39.22990074,-86.635728,"39.22990074,-86.635728",2015-12-04
902623025,2015,12,04,Weekday,0900,1-Car,No injury/unknown,ANIMAL/OBJECT IN ROADWAY,BURMA & SR37,39.31359897,-86.51172699,"39.31359897,-86.51172699",2015-12-04
902627122,2015,12,03,Weekday,1400,2-Car,No injury/unknown,ANIMAL/OBJECT IN ROADWAY,INGRAM & SR37S,39.09734018,-86.59564208,"39.09734018,-86.59564208",2015-12-03